###############################################################
#  Generated by:      Cadence Innovus 15.23-s045_1
#  OS:                Linux x86_64(Host ID ieng6-ece-17.ucsd.edu)
#  Generated on:      Sat Mar 21 00:16:38 2026
#  Design:            fullchip
#  Command:           summaryReport -nohtml -outfile fullchip.post_route.summary.rpt
###############################################################


==============================
General Design Information
==============================
Design Status: Routed  
Design Name: fullchip  
# Instances: 245936  
# Hard Macros: 0  
# Std Cells: 245936  
    ------------------------------
    Standard Cells in Netlist
    ------------------------------
               Cell Type   Instance Count  Area (um^2)  
                   AN2D0               15          32.4000  
                   AN2D1                7          15.1200  
                   AN2D2               23          57.9600  
                   AN2D4              130         561.6000  
                   AN2D8                8          54.7200  
                  AN2XD1              282         609.1200  
                   AN3D0               18          45.3600  
                   AN3D2               11          31.6800  
                   AN3D4               30         151.2000  
                   AN3D8                1           8.2800  
                  AN3XD1               24          60.4800  
                   AN4D0                3           8.6400  
                   AN4D1                1           2.8800  
                   AN4D2                4          12.9600  
                   AN4D4                2          12.2400  
                  AN4XD1                2           5.7600  
                  AO21D0              484        1219.6800  
                  AO21D1               98         246.9600  
                  AO21D2               25          72.0000  
                  AO21D4               28         141.1200  
                 AO221D0                2           7.2000  
                  AO22D0              165         475.2000  
                  AO22D1               13          42.1200  
                  AO22D2                1           3.9600  
                  AO22D4                1           6.4800  
                  AO31D1                1           2.8800  
                  AO31D4                1           6.4800  
                AOI211D0               14          35.2800  
                AOI211D1                5          12.6000  
                AOI211D2               58         250.5600  
                AOI211D4                3          25.9200  
               AOI211XD0               12          30.2400  
               AOI211XD1               54         233.2800  
               AOI211XD2               26         215.2800  
                 AOI21D0             1548        3343.6800  
                 AOI21D1             1230        2656.8000  
                 AOI21D2              987        3197.8800  
                 AOI21D4              269        1743.1200  
                AOI221D0               26          74.8800  
                AOI221D1                2           6.4800  
                 AOI22D0              386         972.7200  
                 AOI22D1              450        1134.0000  
                 AOI22D2              455        1965.6000  
                 AOI22D4               38         328.3200  
                 AOI31D0                6          15.1200  
                 AOI31D1               19          47.8800  
                 AOI31D2                5          21.6000  
                 AOI31D4                7          57.9600  
                 AOI32D0               12          34.5600  
                 AOI32D1                6          17.2800  
                  BUFFD0                4           5.7600  
                  BUFFD1              233         335.5200  
                 BUFFD12               24         190.0800  
                 BUFFD16               11         114.8400  
                  BUFFD2              100         216.0000  
                  BUFFD3               78         196.5600  
                  BUFFD4               50         162.0000  
                  BUFFD6              180         777.6000  
                  BUFFD8               47         270.7200  
                 CKAN2D0             2254        4868.6400  
                 CKAN2D1               52         112.3200  
                 CKAN2D4                4          12.9600  
                 CKAN2D8                1           6.1200  
                   CKBD0              682         982.0800  
                   CKBD1               49          70.5600  
                  CKBD12                7          55.4400  
                   CKBD2              443         956.8800  
                   CKBD3              156         393.1200  
                   CKBD4              222         719.2800  
                   CKBD6               30         129.6000  
                   CKBD8               10          57.6000  
                CKMUX2D0                1           3.6000  
                CKMUX2D1              163         586.8000  
                CKMUX2D2               52         205.9200  
                CKMUX2D4               11          67.3200  
                   CKND0             9410       10162.8000  
                   CKND1              586         632.8800  
                  CKND12               31         189.7200  
                  CKND16               10          79.2000  
                   CKND2              482         694.0800  
                 CKND2D0             8341       12011.0400  
                 CKND2D1             2079        2993.7600  
                 CKND2D2             1197        3016.4400  
                 CKND2D3              182         589.6800  
                 CKND2D4              351        1516.3200  
                 CKND2D8              158        1251.3600  
                   CKND3              107         231.1200  
                   CKND4               67         168.8400  
                   CKND6               52         168.4800  
                   CKND8               10          43.2000  
                CKXOR2D0             2046        7365.6000  
                CKXOR2D1              188         676.8000  
                CKXOR2D2               19          75.2400  
                CKXOR2D4               14         105.8400  
                CMPE42D1             1278       21163.6800  
                CMPE42D2               84        1512.0000  
                    DCAP            17652       19064.1600  
                  DCAP16             6287       36213.1200  
                  DCAP32            11895      137030.4000  
                   DCAP4            32356       46592.6400  
                   DCAP8            18116       52174.0800  
                  DFCND1               28         241.9200  
                 DFCNQD1             2597       20568.2400  
                 DFCNQD2                7          63.0000  
                 DFCNQD4               20         201.6000  
                  DFSND1               16         144.0000  
                 EDFCND1              126        1406.1600  
                EDFCNQD1             8296       89596.8000  
                EDFCNQD2              257        3053.1600  
                EDFCNQD4              125        1575.0000  
                   FA1D0              951        8559.0000  
                   FA1D1             1742       17559.3600  
                   FA1D2               15         156.6000  
                   FA1D4               18         259.2000  
                FCICIND2                1           5.0400  
                FCICOND1                1           3.2400  
                 FICIND1              444        4635.3600  
                   FILL1            59222       21319.9200  
                   HA1D0              393        2263.6800  
                   HA1D1              166        1015.9200  
                   HA1D2               13          88.9200  
                 HICIND1                1           6.8400  
                 HICOND1                4          25.9200  
                 IAO21D0               25          63.0000  
                 IAO21D1               12          30.2400  
                 IAO21D2                7          22.6800  
                 IAO21D4                2          10.8000  
                 IAO22D0                1           3.2400  
                 IAO22D1                3           9.7200  
                 IIND4D4                1          10.8000  
                 IINR4D2                1          10.0800  
                  IND2D0              602        1300.3200  
                  IND2D1               68         146.8800  
                  IND2D2              105         302.4000  
                  IND2D4               46         264.9600  
                  IND3D0                5          12.6000  
                  IND3D1               14          35.2800  
                  IND3D2               20          86.4000  
                  IND3D4                7          52.9200  
                  IND4D1                1           2.8800  
                  IND4D2                1           5.7600  
                  IND4D4                1           9.7200  
                  INR2D0              780        1684.8000  
                  INR2D1              110         237.6000  
                  INR2D2               41         118.0800  
                  INR2D4                7          35.2800  
                 INR2XD0              331         714.9600  
                 INR2XD1               60         172.8000  
                 INR2XD2                4          18.7200  
                 INR2XD4                7          65.5200  
                  INR3D0               34          85.6800  
                  INR3D1               15          54.0000  
                  INR3D2                1           3.9600  
                  INR3D4                8          54.7200  
                   INVD0              158         170.6400  
                   INVD1              412         444.9600  
                  INVD12                9          55.0800  
                  INVD16                1           7.9200  
                   INVD2              190         273.6000  
                   INVD3               67         144.7200  
                   INVD4               89         224.2800  
                   INVD6               69         223.5600  
                   INVD8               28         120.9600  
                 IOA21D0              251         632.5200  
                 IOA21D1              112         282.2400  
                 IOA21D2               83         268.9200  
                 IOA21D4                4          21.6000  
               MAOI222D0              140         403.2000  
               MAOI222D1                7          20.1600  
               MAOI222D2                1           4.6800  
               MAOI222D4                1           5.7600  
                MAOI22D0               24          69.1200  
                MAOI22D1                4          11.5200  
                MAOI22D2                2           8.6400  
                MOAI22D0               22          63.3600  
                MOAI22D1               16          46.0800  
                  MUX2D0             5859       18983.1600  
                  MUX2D1                5          18.0000  
                  MUX2D2               13          51.4800  
                  MUX2D4              112         685.4400  
                 MUX2ND0               94         270.7200  
                 MUX2ND1                6          25.9200  
                 MUX2ND2               40         187.2000  
                 MUX2ND4               48         345.6000  
                   ND2D0              602         866.8800  
                   ND2D1             1461        2103.8400  
                   ND2D2              872        2197.4400  
                   ND2D3              244         790.5600  
                   ND2D4              354        1529.2800  
                   ND2D8               97         768.2400  
                   ND3D0               92         198.7200  
                   ND3D1               70         151.2000  
                   ND3D2              130         421.2000  
                   ND3D3               38         177.8400  
                   ND3D4               38         232.5600  
                   ND3D8               87        1064.8800  
                   ND4D0               74         186.4800  
                   ND4D1               10          25.2000  
                   ND4D2               15          70.2000  
                   ND4D3                2          12.2400  
                   ND4D4                2          17.2800  
                   ND4D8                1           7.5600  
                   NR2D0             3499        5038.5600  
                   NR2D1             1476        2125.4400  
                   NR2D2              696        1753.9200  
                   NR2D3              167         541.0800  
                   NR2D4              159         686.8800  
                   NR2D8               67         530.6400  
                  NR2XD0             3229        4649.7600  
                  NR2XD1             1953        4921.5600  
                  NR2XD2              245        1058.4000  
                  NR2XD3               41         250.9200  
                  NR2XD4               32         253.4400  
                  NR2XD8                7         108.3600  
                   NR3D0               19          41.0400  
                   NR3D1               55         178.2000  
                   NR3D2               30         172.8000  
                   NR3D3                3          25.9200  
                   NR3D4                2          20.8800  
                   NR3D8                1          18.7200  
                   NR4D0              656        1653.1200  
                   NR4D1                1           3.6000  
                   NR4D2                8          57.6000  
                   NR4D3                3          32.4000  
                   NR4D8                4          30.2400  
                 OA211D0                2           5.7600  
                 OA211D1                1           2.8800  
                  OA21D0              132         332.6400  
                  OA21D1               52         131.0400  
                  OA21D2                9          25.9200  
                  OA21D4               16          92.1600  
                  OA22D0              101         290.8800  
                  OA22D1                9          29.1600  
                  OA22D2                1           3.9600  
                  OA22D4                2          12.9600  
                  OA31D0                4          11.5200  
                OAI211D0               12          30.2400  
                OAI211D1               36          90.7200  
                OAI211D2               45         194.4000  
                OAI211D4               10          86.4000  
                 OAI21D0             1948        4207.6800  
                 OAI21D1             2400        5184.0000  
                 OAI21D2              745        2413.8000  
                 OAI21D4              417        2702.1600  
                OAI221D0               54         155.5200  
                OAI222D0                3           9.7200  
                OAI222D1               21          83.1600  
                OAI222D2                5          32.4000  
                 OAI22D0             2692        6783.8400  
                 OAI22D1             1650        4158.0000  
                 OAI22D2              609        2630.8800  
                 OAI22D4               13         117.0000  
                 OAI31D1                1           2.5200  
                 OAI31D2                9          38.8800  
                 OAI31D4                1           8.6400  
                 OAI32D0               26          74.8800  
                   OR2D0              764        1650.2400  
                   OR2D1              103         222.4800  
                   OR2D2                2           5.0400  
                   OR2D4               11          47.5200  
                   OR2D8                7          47.8800  
                  OR2XD1               43          92.8800  
                   OR3D0                2           5.0400  
                   OR3D1                1           2.5200  
                   OR3D8                1           8.2800  
                   OR4D0                3           8.6400  
                    TIEH                2           2.1600  
                    TIEL                2           2.1600  
                  XNR2D0             5960       21456.0000  
                  XNR2D1              350        1260.0000  
                  XNR2D2              196         776.1600  
                  XNR2D4              133        1005.4800  
                  XNR3D0              182        1113.8400  
                  XNR3D2                2          15.8400  
                  XNR3D4                2          20.8800  
                  XOR2D0              645        2322.0000  
                  XOR2D1              199         716.4000  
                  XOR2D2               32         126.7200  
                  XOR2D4               31         234.3600  
                  XOR3D0              204        1248.4800  
                  XOR3D1                1           6.1200  
# Pads: 0  
# Net: 118887  
# Special Net: 2  
# IO Pins: 
    ------------------------------
    Issued IO Information
    ------------------------------
    # Unplaced IO Pin  0  
    # Floating IO  
        ------------------------------
        Floating IO
        ------------------------------
            Floating IO Name  
             core0_mem_in[0]  
             core0_mem_in[1]  
             core0_mem_in[2]  
             core0_mem_in[3]  
             core0_mem_in[4]  
             core0_mem_in[5]  
             core0_mem_in[6]  
             core0_mem_in[7]  
             core0_mem_in[8]  
             core0_mem_in[9]  
            core0_mem_in[10]  
            core0_mem_in[11]  
            core0_mem_in[12]  
            core0_mem_in[13]  
            core0_mem_in[14]  
            core0_mem_in[15]  
            core0_mem_in[16]  
            core0_mem_in[17]  
            core0_mem_in[18]  
            core0_mem_in[19]  
            core0_mem_in[20]  
            core0_mem_in[21]  
            core0_mem_in[22]  
            core0_mem_in[23]  
            core0_mem_in[24]  
            core0_mem_in[25]  
            core0_mem_in[26]  
            core0_mem_in[27]  
            core0_mem_in[28]  
            core0_mem_in[29]  
            core0_mem_in[30]  
            core0_mem_in[31]  
            core0_mem_in[32]  
            core0_mem_in[33]  
            core0_mem_in[34]  
            core0_mem_in[35]  
            core0_mem_in[36]  
            core0_mem_in[37]  
            core0_mem_in[38]  
            core0_mem_in[39]  
            core0_mem_in[40]  
            core0_mem_in[41]  
            core0_mem_in[42]  
            core0_mem_in[43]  
            core0_mem_in[44]  
            core0_mem_in[45]  
            core0_mem_in[46]  
            core0_mem_in[47]  
            core0_mem_in[48]  
            core0_mem_in[49]  
            core0_mem_in[50]  
            core0_mem_in[51]  
            core0_mem_in[52]  
            core0_mem_in[53]  
            core0_mem_in[54]  
            core0_mem_in[55]  
            core0_mem_in[56]  
            core0_mem_in[57]  
            core0_mem_in[58]  
            core0_mem_in[59]  
            core0_mem_in[60]  
            core0_mem_in[61]  
            core0_mem_in[62]  
            core0_mem_in[63]  
             core1_mem_in[0]  
             core1_mem_in[1]  
             core1_mem_in[2]  
             core1_mem_in[3]  
             core1_mem_in[4]  
             core1_mem_in[5]  
             core1_mem_in[6]  
             core1_mem_in[7]  
             core1_mem_in[8]  
             core1_mem_in[9]  
            core1_mem_in[10]  
            core1_mem_in[11]  
            core1_mem_in[12]  
            core1_mem_in[13]  
            core1_mem_in[14]  
            core1_mem_in[15]  
            core1_mem_in[16]  
            core1_mem_in[17]  
            core1_mem_in[18]  
            core1_mem_in[19]  
            core1_mem_in[20]  
            core1_mem_in[21]  
            core1_mem_in[22]  
            core1_mem_in[23]  
            core1_mem_in[24]  
            core1_mem_in[25]  
            core1_mem_in[26]  
            core1_mem_in[27]  
            core1_mem_in[28]  
            core1_mem_in[29]  
            core1_mem_in[30]  
            core1_mem_in[31]  
            core1_mem_in[32]  
            core1_mem_in[33]  
            core1_mem_in[34]  
            core1_mem_in[35]  
            core1_mem_in[36]  
            core1_mem_in[37]  
            core1_mem_in[38]  
            core1_mem_in[39]  
            core1_mem_in[40]  
            core1_mem_in[41]  
            core1_mem_in[42]  
            core1_mem_in[43]  
            core1_mem_in[44]  
            core1_mem_in[45]  
            core1_mem_in[46]  
            core1_mem_in[47]  
            core1_mem_in[48]  
            core1_mem_in[49]  
            core1_mem_in[50]  
            core1_mem_in[51]  
            core1_mem_in[52]  
            core1_mem_in[53]  
            core1_mem_in[54]  
            core1_mem_in[55]  
            core1_mem_in[56]  
            core1_mem_in[57]  
            core1_mem_in[58]  
            core1_mem_in[59]  
            core1_mem_in[60]  
            core1_mem_in[61]  
            core1_mem_in[62]  
            core1_mem_in[63]  
                     inst[8]  
                     inst[9]  
                    inst[10]  
                    inst[11]  
                    inst[12]  
                    inst[13]  
                    inst[14]  
                    inst[19]  136  
    # IO Connected to Non-IO Inst  
        ------------------------------
        IO Connected to Non-IO Inst
        ------------------------------
                     IO Name      Non-IO Inst Name  
                  sparse_row  FE_OFC727_sparse_row  
                threshold[0]  core_instance0/sfp_instance/U27980  
                threshold[1]  FE_OFC2023_threshold_1_  
                threshold[2]  core_instance0/sfp_instance/U27983  
                threshold[3]  core_instance0/sfp_instance/U27978  
                threshold[4]  core_instance0/sfp_instance/U27976  
                threshold[5]  FE_OFC1912_threshold_5_  
                threshold[6]  core_instance0/sfp_instance/U27990  
                threshold[7]  core_instance0/sfp_instance/U611  
                threshold[8]  core_instance0/sfp_instance/U27966  
                threshold[9]  core_instance0/sfp_instance/U27964  
               threshold[10]  core_instance0/sfp_instance/U9184  
               threshold[11]  core_instance0/sfp_instance/U9184  
               threshold[12]  core_instance0/sfp_instance/U27960  
               threshold[13]  core_instance0/sfp_instance/U27956  
               threshold[14]  core_instance0/sfp_instance/U27962  
               threshold[15]  core_instance0/sfp_instance/U581  
               threshold[16]  core_instance0/sfp_instance/U27947  
               threshold[17]  core_instance0/sfp_instance/U27946  
               threshold[18]  core_instance0/sfp_instance/U27949  
               threshold[19]  core_instance0/sfp_instance/U27944  
               threshold[20]  core_instance0/sfp_instance/U27938  
               threshold[21]  core_instance0/sfp_instance/U27936  
               threshold[22]  core_instance0/sfp_instance/U27941  
               threshold[23]  core_instance0/sfp_instance/U9379  
                      out[0]  core_instance1/sfp_instance/DP_OP_98J1_122_5948_U83  
                      out[1]  core_instance1/sfp_instance/U15965  
                      out[2]  core_instance1/sfp_instance/U15965  
                      out[3]  core_instance1/sfp_instance/U9162  
                      out[4]  core_instance1/sfp_instance/U9166  
                      out[5]  core_instance1/sfp_instance/U15964  
                      out[6]  core_instance1/sfp_instance/U15964  
                      out[7]  core_instance1/sfp_instance/U15964  
                      out[8]  core_instance1/sfp_instance/U15959  
                      out[9]  core_instance1/sfp_instance/U15962  
                     out[10]  core_instance1/sfp_instance/U15961  
                     out[11]  core_instance1/sfp_instance/U15960  
                     out[12]  core_instance1/sfp_instance/U9175  
                     out[13]  core_instance1/sfp_instance/U15963  
                     out[14]  core_instance1/sfp_instance/U15963  
                     out[15]  core_instance1/sfp_instance/U9176  
                     out[16]  core_instance1/sfp_instance/U15968  
                     out[17]  core_instance1/sfp_instance/U15968  
                     out[18]  core_instance1/sfp_instance/U15969  
                     out[19]  core_instance1/sfp_instance/U9162  
                     out[20]  core_instance1/sfp_instance/DP_OP_98J1_122_5948_U83  
                     out[21]  core_instance1/sfp_instance/U14770  
                     out[22]  core_instance1/sfp_instance/U14770  
                     out[23]  core_instance1/sfp_instance/U14770  
                     out[24]  core_instance1/sfp_instance/U9212  
                     out[25]  core_instance1/sfp_instance/U14769  
                     out[26]  core_instance1/sfp_instance/U14769  
                     out[27]  core_instance1/sfp_instance/U14769  
                     out[28]  core_instance1/sfp_instance/U14764  
                     out[29]  core_instance1/sfp_instance/U9215  
                     out[30]  core_instance1/sfp_instance/U14765  
                     out[31]  core_instance1/sfp_instance/U10133  
                     out[32]  core_instance1/sfp_instance/U9218  
                     out[33]  core_instance1/sfp_instance/U10145  
                     out[34]  core_instance1/sfp_instance/U14767  
                     out[35]  core_instance1/sfp_instance/U9219  
                     out[36]  core_instance1/sfp_instance/U10146  
                     out[37]  core_instance1/sfp_instance/U1704  
                     out[38]  core_instance1/sfp_instance/U14774  
                     out[39]  core_instance1/sfp_instance/U1704  
                     out[40]  core_instance1/sfp_instance/DP_OP_98J1_122_5948_U83  
                     out[41]  core_instance1/sfp_instance/U14024  
                     out[42]  core_instance1/sfp_instance/U14024  
                     out[43]  core_instance1/sfp_instance/U9245  
                     out[44]  core_instance1/sfp_instance/U9247  
                     out[45]  core_instance1/sfp_instance/U14023  
                     out[46]  core_instance1/sfp_instance/U9251  
                     out[47]  core_instance1/sfp_instance/U14023  
                     out[48]  core_instance1/sfp_instance/U14017  
                     out[49]  core_instance1/sfp_instance/U14020  
                     out[50]  core_instance1/sfp_instance/U14019  
                     out[51]  core_instance1/sfp_instance/U14018  
                     out[52]  core_instance1/sfp_instance/U9255  
                     out[53]  core_instance1/sfp_instance/U14021  
                     out[54]  core_instance1/sfp_instance/U9673  
                     out[55]  core_instance1/sfp_instance/U10094  
                     out[56]  core_instance1/sfp_instance/U14025  
                     out[57]  core_instance1/sfp_instance/U14025  
                     out[58]  core_instance1/sfp_instance/U14026  
                     out[59]  core_instance1/sfp_instance/U9245  
                     out[60]  core_instance1/sfp_instance/U10254  
                     out[61]  core_instance1/sfp_instance/U9847  
                     out[62]  core_instance1/sfp_instance/U10254  
                     out[63]  core_instance1/sfp_instance/U10119  
                     out[64]  core_instance1/sfp_instance/U9291  
                     out[65]  core_instance1/sfp_instance/U10253  
                     out[66]  core_instance1/sfp_instance/U10253  
                     out[67]  core_instance1/sfp_instance/U10253  
                     out[68]  core_instance1/sfp_instance/U10247  
                     out[69]  core_instance1/sfp_instance/U9294  
                     out[70]  core_instance1/sfp_instance/U10249  
                     out[71]  core_instance1/sfp_instance/U10122  
                     out[72]  core_instance1/sfp_instance/U9295  
                     out[73]  core_instance1/sfp_instance/U10251  
                     out[74]  core_instance1/sfp_instance/U10251  
                     out[75]  core_instance1/sfp_instance/U10251  
                     out[76]  core_instance1/sfp_instance/U10256  
                     out[77]  core_instance1/sfp_instance/U10256  
                     out[78]  core_instance1/sfp_instance/U175  
                     out[79]  core_instance1/sfp_instance/U175  
                     out[80]  core_instance1/sfp_instance/intadd_1_U23  
                     out[81]  core_instance1/sfp_instance/U11103  
                     out[82]  core_instance1/sfp_instance/U10088  
                     out[83]  core_instance1/sfp_instance/U9312  
                     out[84]  core_instance1/sfp_instance/U11102  
                     out[85]  core_instance1/sfp_instance/U11102  
                     out[86]  core_instance1/sfp_instance/U11102  
                     out[87]  core_instance1/sfp_instance/U11102  
                     out[88]  core_instance1/sfp_instance/U791  
                     out[89]  core_instance1/sfp_instance/U792  
                     out[90]  core_instance1/sfp_instance/U1662  
                     out[91]  core_instance1/sfp_instance/U1662  
                     out[92]  core_instance1/sfp_instance/U9317  
                     out[93]  core_instance1/sfp_instance/U11100  
                     out[94]  core_instance1/sfp_instance/U11100  
                     out[95]  core_instance1/sfp_instance/U11100  
                     out[96]  core_instance1/sfp_instance/U11106  
                     out[97]  core_instance1/sfp_instance/U786  
                     out[98]  core_instance1/sfp_instance/U11107  
                     out[99]  core_instance1/sfp_instance/U1660  
                    out[100]  core_instance1/sfp_instance/U14867  
                    out[101]  core_instance1/sfp_instance/U14867  
                    out[102]  core_instance1/sfp_instance/U14867  
                    out[103]  core_instance1/sfp_instance/U9338  
                    out[104]  core_instance1/sfp_instance/U9937  
                    out[105]  core_instance1/sfp_instance/U14866  
                    out[106]  core_instance1/sfp_instance/U9342  
                    out[107]  core_instance1/sfp_instance/U14866  
                    out[108]  core_instance1/sfp_instance/U14858  
                    out[109]  core_instance1/sfp_instance/U14861  
                    out[110]  core_instance1/sfp_instance/U14860  
                    out[111]  core_instance1/sfp_instance/U14859  
                    out[112]  core_instance1/sfp_instance/U14864  
                    out[113]  core_instance1/sfp_instance/U14864  
                    out[114]  core_instance1/sfp_instance/U14864  
                    out[115]  core_instance1/sfp_instance/U14864  
                    out[116]  core_instance1/sfp_instance/U14870  
                    out[117]  core_instance1/sfp_instance/U14870  
                    out[118]  core_instance1/sfp_instance/U14871  
                    out[119]  core_instance1/sfp_instance/U9338  
                    out[120]  core_instance1/sfp_instance/DP_OP_98J1_122_5948_U83  
                    out[121]  core_instance1/sfp_instance/U10140  
                    out[122]  core_instance1/sfp_instance/U11576  
                    out[123]  core_instance1/sfp_instance/U9387  
                    out[124]  core_instance1/sfp_instance/U9389  
                    out[125]  core_instance1/sfp_instance/U11575  
                    out[126]  core_instance1/sfp_instance/U11575  
                    out[127]  core_instance1/sfp_instance/U11575  
                    out[128]  core_instance1/sfp_instance/U11569  
                    out[129]  core_instance1/sfp_instance/U11572  
                    out[130]  core_instance1/sfp_instance/U11571  
                    out[131]  core_instance1/sfp_instance/U11570  
                    out[132]  core_instance1/sfp_instance/U9395  
                    out[133]  core_instance1/sfp_instance/U11573  
                    out[134]  core_instance1/sfp_instance/U10095  
                    out[135]  core_instance1/sfp_instance/U11573  
                    out[136]  core_instance1/sfp_instance/U11579  
                    out[137]  core_instance1/sfp_instance/U457  
                    out[138]  core_instance1/sfp_instance/U11580  
                    out[139]  core_instance1/sfp_instance/U457  
                    out[140]  core_instance1/sfp_instance/DP_OP_98J1_122_5948_U83  
                    out[141]  core_instance1/sfp_instance/U12226  
                    out[142]  core_instance1/sfp_instance/U12226  
                    out[143]  core_instance1/sfp_instance/U9409  
                    out[144]  core_instance1/sfp_instance/U10089  
                    out[145]  core_instance1/sfp_instance/U12225  
                    out[146]  core_instance1/sfp_instance/U10091  
                    out[147]  core_instance1/sfp_instance/U12225  
                    out[148]  core_instance1/sfp_instance/U12222  
                    out[149]  core_instance1/sfp_instance/U10092  
                    out[150]  core_instance1/sfp_instance/U12220  
                    out[151]  core_instance1/sfp_instance/U12219  
                    out[152]  core_instance1/sfp_instance/U9941  
                    out[153]  core_instance1/sfp_instance/U12223  
                    out[154]  core_instance1/sfp_instance/U12223  
                    out[155]  core_instance1/sfp_instance/U12223  
                    out[156]  core_instance1/sfp_instance/U12228  
                    out[157]  core_instance1/sfp_instance/U12228  
                    out[158]  core_instance1/sfp_instance/U12229  
                    out[159]  core_instance1/sfp_instance/U9409  
                    out[160]  core_instance0/sfp_instance/DP_OP_98J2_122_1169_U83  
                    out[161]  core_instance0/sfp_instance/U15118  
                    out[162]  core_instance0/sfp_instance/U15118  
                    out[163]  core_instance0/sfp_instance/U8475  
                    out[164]  core_instance0/sfp_instance/U8477  
                    out[165]  core_instance0/sfp_instance/U15117  
                    out[166]  core_instance0/sfp_instance/U15117  
                    out[167]  core_instance0/sfp_instance/U15117  
                    out[168]  core_instance0/sfp_instance/U15109  
                    out[169]  core_instance0/sfp_instance/U15112  
                    out[170]  core_instance0/sfp_instance/U15111  
                    out[171]  core_instance0/sfp_instance/U15110  
                    out[172]  core_instance0/sfp_instance/U8484  
                    out[173]  core_instance0/sfp_instance/U15115  
                    out[174]  core_instance0/sfp_instance/U15115  
                    out[175]  core_instance0/sfp_instance/U8485  
                    out[176]  core_instance0/sfp_instance/U15121  
                    out[177]  core_instance0/sfp_instance/U15121  
                    out[178]  core_instance0/sfp_instance/U15122  
                    out[179]  core_instance0/sfp_instance/U8475  
                    out[180]  core_instance0/sfp_instance/DP_OP_98J2_122_1169_U83  
                    out[181]  core_instance0/sfp_instance/U16148  
                    out[182]  core_instance0/sfp_instance/U16148  
                    out[183]  core_instance0/sfp_instance/U16148  
                    out[184]  core_instance0/sfp_instance/U8511  
                    out[185]  core_instance0/sfp_instance/U16147  
                    out[186]  core_instance0/sfp_instance/U16147  
                    out[187]  core_instance0/sfp_instance/U16147  
                    out[188]  core_instance0/sfp_instance/U16141  
                    out[189]  core_instance0/sfp_instance/U8517  
                    out[190]  core_instance0/sfp_instance/U16143  
                    out[191]  core_instance0/sfp_instance/U16142  
                    out[192]  core_instance0/sfp_instance/U9383  
                    out[193]  core_instance0/sfp_instance/U16145  
                    out[194]  core_instance0/sfp_instance/U16145  
                    out[195]  core_instance0/sfp_instance/U8521  
                    out[196]  core_instance0/sfp_instance/U16151  
                    out[197]  core_instance0/sfp_instance/U16151  
                    out[198]  core_instance0/sfp_instance/U16152  
                    out[199]  core_instance0/sfp_instance/U8511  
                    out[200]  core_instance0/sfp_instance/DP_OP_98J2_122_1169_U83  
                    out[201]  core_instance0/sfp_instance/U11090  
                    out[202]  core_instance0/sfp_instance/U11090  
                    out[203]  core_instance0/sfp_instance/U11090  
                    out[204]  core_instance0/sfp_instance/U11089  
                    out[205]  core_instance0/sfp_instance/U11089  
                    out[206]  core_instance0/sfp_instance/U8536  
                    out[207]  core_instance0/sfp_instance/U11089  
                    out[208]  core_instance0/sfp_instance/U11084  
                    out[209]  core_instance0/sfp_instance/U9374  
                    out[210]  core_instance0/sfp_instance/U11086  
                    out[211]  core_instance0/sfp_instance/U11085  
                    out[212]  core_instance0/sfp_instance/U8540  
                    out[213]  core_instance0/sfp_instance/U11087  
                    out[214]  core_instance0/sfp_instance/U8931  
                    out[215]  core_instance0/sfp_instance/U11087  
                    out[216]  core_instance0/sfp_instance/U11092  
                    out[217]  core_instance0/sfp_instance/U11092  
                    out[218]  core_instance0/sfp_instance/U11093  
                    out[219]  core_instance0/sfp_instance/U8536  
                    out[220]  core_instance0/sfp_instance/U9399  
                    out[221]  core_instance0/sfp_instance/U13025  
                    out[222]  core_instance0/sfp_instance/U13025  
                    out[223]  core_instance0/sfp_instance/U8559  
                    out[224]  core_instance0/sfp_instance/U9312  
                    out[225]  core_instance0/sfp_instance/U13024  
                    out[226]  core_instance0/sfp_instance/U13024  
                    out[227]  core_instance0/sfp_instance/U13024  
                    out[228]  core_instance0/sfp_instance/U13018  
                    out[229]  core_instance0/sfp_instance/U9315  
                    out[230]  core_instance0/sfp_instance/U13020  
                    out[231]  core_instance0/sfp_instance/U13019  
                    out[232]  core_instance0/sfp_instance/U8561  
                    out[233]  core_instance0/sfp_instance/U13022  
                    out[234]  core_instance0/sfp_instance/U13022  
                    out[235]  core_instance0/sfp_instance/U13022  
                    out[236]  core_instance0/sfp_instance/U13028  
                    out[237]  core_instance0/sfp_instance/U13028  
                    out[238]  core_instance0/sfp_instance/U13029  
                    out[239]  core_instance0/sfp_instance/U8559  
                    out[240]  core_instance0/sfp_instance/intadd_0_U23  
                    out[241]  core_instance0/sfp_instance/U9079  
                    out[242]  core_instance0/sfp_instance/U14654  
                    out[243]  core_instance0/sfp_instance/U8576  
                    out[244]  core_instance0/sfp_instance/U8578  
                    out[245]  core_instance0/sfp_instance/U14653  
                    out[246]  core_instance0/sfp_instance/U9014  
                    out[247]  core_instance0/sfp_instance/U14653  
                    out[248]  core_instance0/sfp_instance/U14645  
                    out[249]  core_instance0/sfp_instance/U14648  
                    out[250]  core_instance0/sfp_instance/U14647  
                    out[251]  core_instance0/sfp_instance/U14646  
                    out[252]  core_instance0/sfp_instance/U8583  
                    out[253]  core_instance0/sfp_instance/U14651  
                    out[254]  core_instance0/sfp_instance/U14651  
                    out[255]  core_instance0/sfp_instance/U9318  
                    out[256]  core_instance0/sfp_instance/U14657  
                    out[257]  core_instance0/sfp_instance/U14657  
                    out[258]  core_instance0/sfp_instance/U14658  
                    out[259]  core_instance0/sfp_instance/U8576  
                    out[260]  core_instance0/sfp_instance/U9499  
                    out[261]  core_instance0/sfp_instance/U9499  
                    out[262]  core_instance0/sfp_instance/U9499  
                    out[263]  core_instance0/sfp_instance/U8602  
                    out[264]  core_instance0/sfp_instance/U8603  
                    out[265]  core_instance0/sfp_instance/U9498  
                    out[266]  core_instance0/sfp_instance/U8608  
                    out[267]  core_instance0/sfp_instance/U9498  
                    out[268]  core_instance0/sfp_instance/U9314  
                    out[269]  core_instance0/sfp_instance/U9495  
                    out[270]  core_instance0/sfp_instance/U9350  
                    out[271]  core_instance0/sfp_instance/U9493  
                    out[272]  core_instance0/sfp_instance/U8610  
                    out[273]  core_instance0/sfp_instance/U9496  
                    out[274]  core_instance0/sfp_instance/U9496  
                    out[275]  core_instance0/sfp_instance/U9496  
                    out[276]  core_instance0/sfp_instance/U9502  
                    out[277]  core_instance0/sfp_instance/U9502  
                    out[278]  core_instance0/sfp_instance/U9503  
                    out[279]  core_instance0/sfp_instance/U8602  
                    out[280]  core_instance0/sfp_instance/DP_OP_98J2_122_1169_U83  
                    out[281]  core_instance0/sfp_instance/U9013  
                    out[282]  core_instance0/sfp_instance/U13144  
                    out[283]  core_instance0/sfp_instance/U8643  
                    out[284]  core_instance0/sfp_instance/U8645  
                    out[285]  core_instance0/sfp_instance/U13143  
                    out[286]  core_instance0/sfp_instance/U13143  
                    out[287]  core_instance0/sfp_instance/U13143  
                    out[288]  core_instance0/sfp_instance/U13138  
                    out[289]  core_instance0/sfp_instance/U13140  
                    out[290]  core_instance0/sfp_instance/U9368  
                    out[291]  core_instance0/sfp_instance/U13139  
                    out[292]  core_instance0/sfp_instance/U13141  
                    out[293]  core_instance0/sfp_instance/U13141  
                    out[294]  core_instance0/sfp_instance/U13141  
                    out[295]  core_instance0/sfp_instance/U13141  
                    out[296]  core_instance0/sfp_instance/U13146  
                    out[297]  core_instance0/sfp_instance/U410  
                    out[298]  core_instance0/sfp_instance/U9141  
                    out[299]  core_instance0/sfp_instance/U410  
                    out[300]  core_instance0/sfp_instance/DP_OP_98J2_122_1169_U83  
                    out[301]  core_instance0/sfp_instance/U17426  
                    out[302]  core_instance0/sfp_instance/U9185  
                    out[303]  core_instance0/sfp_instance/U17426  
                    out[304]  core_instance0/sfp_instance/U17425  
                    out[305]  core_instance0/sfp_instance/U17425  
                    out[306]  core_instance0/sfp_instance/U17425  
                    out[307]  core_instance0/sfp_instance/U17425  
                    out[308]  core_instance0/sfp_instance/U17420  
                    out[309]  core_instance0/sfp_instance/U17419  
                    out[310]  core_instance0/sfp_instance/U9378  
                    out[311]  core_instance0/sfp_instance/U17418  
                    out[312]  core_instance0/sfp_instance/U17423  
                    out[313]  core_instance0/sfp_instance/U17423  
                    out[314]  core_instance0/sfp_instance/U17423  
                    out[315]  core_instance0/sfp_instance/U17423  
                    out[316]  core_instance0/sfp_instance/U9192  
                    out[317]  core_instance0/sfp_instance/U17429  
                    out[318]  core_instance0/sfp_instance/U17430  
                    out[319]  core_instance0/sfp_instance/U17432  
                     inst[0]    core_instance0/U69  
                     inst[1]    core_instance0/U68  
                     inst[2]    core_instance0/U11  
                     inst[3]    core_instance0/U13  
                     inst[4]    core_instance0/U12  
                     inst[5]    core_instance0/U14  
                     inst[6]  core_instance0/mac_in_mux_sel_reg  
                     inst[7]  core_instance0/mac_array_instance/col_idx_1__mac_col_inst/inst_q_reg_1_  
                    inst[15]    FE_OFC244_inst_15_  
                    inst[16]  core_instance0/sfp_instance/acc_q_reg  
                    inst[17]  core_instance0/sfp_instance/div_q_reg  
                    inst[18]    FE_OFC239_inst_18_  
                       reset        FE_DBTC1_reset  
                         clk       clkbuf_core0/U1  359  495  
# Pins: 
    ------------------------------
    Correctness of Pin Connectivity for All Instances
    ------------------------------
    # Floating Terms  0  
    # Output Term Marked Tie Hi/Lo  0  
    # Output Term Shorted to PG Net  0  355692  
# PG Pins: 
    ------------------------------
    Correctness of PG Pin Connectivity for All Instances
    ------------------------------
    # Instances that No Net Defined for Any PG Pin  0  
    # Floating PG Terms  0  
    # PG Pins Connect to Non-PG Net  0  
    # Power Pins Connect Ground Net  0  
    # Ground Pins Connect Power Net  0  491872  
Average Pins Per Net(Signal): 2.992  

==============================
General Library Information
==============================
# Routing Layers: 8  
# Masterslice Layers: 1  
# Pin Layers: 
    General Caution:
        1) Library have M1, M2, M3 and M4 pins, you should setPreRouteAsObs {1 2 3}                                 to ensure these pins are accessible after placement

    ------------------------------
    Pin Layers
    ------------------------------
    M4  
    M3  
    M2  
    M1  4  
# Layers: 
    ------------------------------
    Layer OVERLAP Information
    ------------------------------
    Type  Overlap  
    ------------------------------
    Layer OVERLAP InformationLayer M8 Information
    ------------------------------
    Type  Routing  
    Wire Pitch X  0.800 um  
    Wire Pitch Y  0.800 um  
    Offset X  0.100 um  
    Offset Y  0.100 um  
    Wire Width  0.400 um  
    Spacing  0.400 um  
    ------------------------------
    Layer OVERLAP InformationLayer M8 InformationLayer VIA7 Information
    ------------------------------
    Type  Cut  
    Vias  
        ------------------------------
        Via list in layer VIA7
        ------------------------------
                Vias in VIA7  Default  
                  VIA78_4cut      Yes  
                VIA78_2cut_S      Yes  
                VIA78_2cut_N      Yes  
                VIA78_2cut_W      Yes  
                VIA78_2cut_E      Yes  
              VIA78_1stack_W      Yes  
              VIA78_1stack_E      Yes  
              VIA78_1cut_FAT      Yes  
            VIA78_1cut_FAT_V      Yes  
            VIA78_1cut_FAT_H      Yes  
            VIA78_1cut_FAT_C      Yes  
                VIA78_1cut_V      Yes  
                VIA78_1cut_H      Yes  
                  VIA78_1cut      Yes  For complete list click here  
    ------------------------------
    Layer OVERLAP InformationLayer M8 InformationLayer VIA7 InformationLayer M7 Information
    ------------------------------
    Type  Routing  
    Wire Pitch X  0.800 um  
    Wire Pitch Y  0.800 um  
    Wire Width  0.400 um  
    Spacing  0.400 um  
    ------------------------------
    Layer OVERLAP InformationLayer M8 InformationLayer VIA7 InformationLayer M7 InformationLayer VIA6 Information
    ------------------------------
    Type  Cut  
    Vias  
        ------------------------------
        Via list in layer VIA6
        ------------------------------
                Vias in VIA6  Default  
                  VIA67_4cut      Yes  
                VIA67_2cut_S      Yes  
                VIA67_2cut_N      Yes  
                VIA67_2cut_W      Yes  
                VIA67_2cut_E      Yes  
              VIA67_1cut_FAT      Yes  
            VIA67_1cut_FAT_H      Yes  
            VIA67_1cut_FAT_V      Yes  
            VIA67_1cut_FAT_C      Yes  
                VIA67_1cut_H      Yes  
                VIA67_1cut_V      Yes  
                  VIA67_1cut      Yes  For complete list click here  
    ------------------------------
    Layer OVERLAP InformationLayer M8 InformationLayer VIA7 InformationLayer M7 InformationLayer VIA6 InformationLayer M6 Information
    ------------------------------
    Type  Routing  
    Wire Pitch X  0.200 um  
    Wire Pitch Y  0.200 um  
    Offset X  0.100 um  
    Offset Y  0.100 um  
    Wire Width  0.100 um  
    Spacing  0.100 um  
    ------------------------------
    Layer OVERLAP InformationLayer M8 InformationLayer VIA7 InformationLayer M7 InformationLayer VIA6 InformationLayer M6 InformationLayer VIA5 Information
    ------------------------------
    Type  Cut  
    Vias  
        ------------------------------
        Via list in layer VIA5
        ------------------------------
                Vias in VIA5  Default  
                  VIA56_4cut      Yes  
              VIA56_2stack_W      Yes  
              VIA56_2stack_E      Yes  
                VIA56_2cut_S      Yes  
                VIA56_2cut_N      Yes  
                VIA56_2cut_W      Yes  
                VIA56_2cut_E      Yes  
              VIA56_1stack_W      Yes  
              VIA56_1stack_E      Yes  
              VIA56_1cut_FAT      Yes  
            VIA56_1cut_FAT_V      Yes  
            VIA56_1cut_FAT_H      Yes  
            VIA56_1cut_FAT_C      Yes  
                VIA56_1cut_V      Yes  
                VIA56_1cut_H      Yes  
                  VIA56_1cut      Yes  For complete list click here  
    ------------------------------
    Layer OVERLAP InformationLayer M8 InformationLayer VIA7 InformationLayer M7 InformationLayer VIA6 InformationLayer M6 InformationLayer VIA5 InformationLayer M5 Information
    ------------------------------
    Type  Routing  
    Wire Pitch X  0.200 um  
    Wire Pitch Y  0.200 um  
    Wire Width  0.100 um  
    Spacing  0.100 um  
    ------------------------------
    Layer OVERLAP InformationLayer M8 InformationLayer VIA7 InformationLayer M7 InformationLayer VIA6 InformationLayer M6 InformationLayer VIA5 InformationLayer M5 InformationLayer VIA4 Information
    ------------------------------
    Type  Cut  
    Vias  
        ------------------------------
        Via list in layer VIA4
        ------------------------------
                Vias in VIA4  Default  
                  VIA45_4cut      Yes  
                VIA45_2cut_S      Yes  
                VIA45_2cut_N      Yes  
                VIA45_2cut_W      Yes  
                VIA45_2cut_E      Yes  
              VIA45_1stack_S      Yes  
              VIA45_1stack_N      Yes  
              VIA45_1cut_FAT      Yes  
            VIA45_1cut_FAT_H      Yes  
            VIA45_1cut_FAT_V      Yes  
            VIA45_1cut_FAT_C      Yes  
                VIA45_1cut_H      Yes  
                VIA45_1cut_V      Yes  
                  VIA45_1cut      Yes  For complete list click here  
    ------------------------------
    Layer OVERLAP InformationLayer M8 InformationLayer VIA7 InformationLayer M7 InformationLayer VIA6 InformationLayer M6 InformationLayer VIA5 InformationLayer M5 InformationLayer VIA4 InformationLayer M4 Information
    ------------------------------
    Type  Routing  
    Wire Pitch X  0.200 um  
    Wire Pitch Y  0.200 um  
    Offset X  0.100 um  
    Offset Y  0.100 um  
    Wire Width  0.100 um  
    Spacing  0.100 um  
    ------------------------------
    Layer OVERLAP InformationLayer M8 InformationLayer VIA7 InformationLayer M7 InformationLayer VIA6 InformationLayer M6 InformationLayer VIA5 InformationLayer M5 InformationLayer VIA4 InformationLayer M4 InformationLayer VIA3 Information
    ------------------------------
    Type  Cut  
    Vias  
        ------------------------------
        Via list in layer VIA3
        ------------------------------
                Vias in VIA3  Default  
                  VIA34_4cut      Yes  
                VIA34_2cut_S      Yes  
                VIA34_2cut_N      Yes  
                VIA34_2cut_W      Yes  
                VIA34_2cut_E      Yes  
              VIA34_1stack_W      Yes  
              VIA34_1stack_E      Yes  
              VIA34_1cut_FAT      Yes  
            VIA34_1cut_FAT_V      Yes  
            VIA34_1cut_FAT_H      Yes  
            VIA34_1cut_FAT_C      Yes  
                VIA34_1cut_V      Yes  
                VIA34_1cut_H      Yes  
                  VIA34_1cut      Yes  For complete list click here  
    ------------------------------
    Layer OVERLAP InformationLayer M8 InformationLayer VIA7 InformationLayer M7 InformationLayer VIA6 InformationLayer M6 InformationLayer VIA5 InformationLayer M5 InformationLayer VIA4 InformationLayer M4 InformationLayer VIA3 InformationLayer M3 Information
    ------------------------------
    Type  Routing  
    Wire Pitch X  0.200 um  
    Wire Pitch Y  0.200 um  
    Wire Width  0.100 um  
    Spacing  0.100 um  
    ------------------------------
    Layer OVERLAP InformationLayer M8 InformationLayer VIA7 InformationLayer M7 InformationLayer VIA6 InformationLayer M6 InformationLayer VIA5 InformationLayer M5 InformationLayer VIA4 InformationLayer M4 InformationLayer VIA3 InformationLayer M3 InformationLayer VIA2 Information
    ------------------------------
    Type  Cut  
    Vias  
        ------------------------------
        Via list in layer VIA2
        ------------------------------
                Vias in VIA2  Default  
                  VIA23_4cut      Yes  
                VIA23_2cut_S      Yes  
                VIA23_2cut_N      Yes  
                VIA23_2cut_W      Yes  
                VIA23_2cut_E      Yes  
              VIA23_1stack_S      Yes  
              VIA23_1stack_N      Yes  
              VIA23_1cut_FAT      Yes  
            VIA23_1cut_FAT_H      Yes  
            VIA23_1cut_FAT_V      Yes  
            VIA23_1cut_FAT_C      Yes  
                VIA23_1cut_H      Yes  
                VIA23_1cut_V      Yes  
                  VIA23_1cut      Yes  For complete list click here  
    ------------------------------
    Layer OVERLAP InformationLayer M8 InformationLayer VIA7 InformationLayer M7 InformationLayer VIA6 InformationLayer M6 InformationLayer VIA5 InformationLayer M5 InformationLayer VIA4 InformationLayer M4 InformationLayer VIA3 InformationLayer M3 InformationLayer VIA2 InformationLayer M2 Information
    ------------------------------
    Type  Routing  
    Wire Pitch X  0.200 um  
    Wire Pitch Y  0.200 um  
    Offset X  0.100 um  
    Offset Y  0.100 um  
    Wire Width  0.100 um  
    Spacing  0.100 um  
    ------------------------------
    Layer OVERLAP InformationLayer M8 InformationLayer VIA7 InformationLayer M7 InformationLayer VIA6 InformationLayer M6 InformationLayer VIA5 InformationLayer M5 InformationLayer VIA4 InformationLayer M4 InformationLayer VIA3 InformationLayer M3 InformationLayer VIA2 InformationLayer M2 InformationLayer VIA1 Information
    ------------------------------
    Type  Cut  
    Vias  
        ------------------------------
        Via list in layer VIA1
        ------------------------------
                Vias in VIA1  Default  
                  VIA12_4cut      Yes  
               VIA12_2cut_HS      Yes  
               VIA12_2cut_HN      Yes  
                VIA12_2cut_S      Yes  
                VIA12_2cut_N      Yes  
                VIA12_2cut_W      Yes  
                VIA12_2cut_E      Yes  
              VIA12_1cut_FAT      Yes  
            VIA12_1cut_FAT_V      Yes  
            VIA12_1cut_FAT_H      Yes  
            VIA12_1cut_FAT_C      Yes  
                VIA12_1cut_V      Yes  
                VIA12_1cut_H      Yes  
                  VIA12_1cut      Yes  For complete list click here  
    ------------------------------
    Layer OVERLAP InformationLayer M8 InformationLayer VIA7 InformationLayer M7 InformationLayer VIA6 InformationLayer M6 InformationLayer VIA5 InformationLayer M5 InformationLayer VIA4 InformationLayer M4 InformationLayer VIA3 InformationLayer M3 InformationLayer VIA2 InformationLayer M2 InformationLayer VIA1 InformationLayer M1 Information
    ------------------------------
    Type  Routing  
    Wire Pitch X  0.200 um  
    Wire Pitch Y  0.200 um  
    Wire Width  0.090 um  
    Spacing  0.090 um  
    ------------------------------
    Layer OVERLAP InformationLayer M8 InformationLayer VIA7 InformationLayer M7 InformationLayer VIA6 InformationLayer M6 InformationLayer VIA5 InformationLayer M5 InformationLayer VIA4 InformationLayer M4 InformationLayer VIA3 InformationLayer M3 InformationLayer VIA2 InformationLayer M2 InformationLayer VIA1 InformationLayer M1 InformationLayer CO Information
    ------------------------------
    Type  Cut  
    Vias  
        ------------------------------
        Via list in layer CO
        ------------------------------  
    ------------------------------
    Layer OVERLAP InformationLayer M8 InformationLayer VIA7 InformationLayer M7 InformationLayer VIA6 InformationLayer M6 InformationLayer VIA5 InformationLayer M5 InformationLayer VIA4 InformationLayer M4 InformationLayer VIA3 InformationLayer M3 InformationLayer VIA2 InformationLayer M2 InformationLayer VIA1 InformationLayer M1 InformationLayer CO InformationLayer PO Information
    ------------------------------
    Type  Masterslice  18  
# Pins without Physical Port: 0  
# Pins in Library without Timing Lib: 
    ------------------------------
    Pins in Library without timing lib
    ------------------------------
               Cell Name      List of Pin Name  
                 ISOHID1                     I  
                 ISOHID1                   ISO  
                 ISOHID1                     Z  
                 ISOHID2                     I  
                 ISOHID2                   ISO  
                 ISOHID2                     Z  
                 ISOHID4                     I  
                 ISOHID4                   ISO  
                 ISOHID4                     Z  
                 ISOHID8                     I  
                 ISOHID8                   ISO  
                 ISOHID8                     Z  
                 ISOLOD1                     I  
                 ISOLOD1                   ISO  
                 ISOLOD1                     Z  
                 ISOLOD2                     I  
                 ISOLOD2                   ISO  
                 ISOLOD2                     Z  
                 ISOLOD4                     I  
                 ISOLOD4                   ISO  
                 ISOLOD4                     Z  
                 ISOLOD8                     I  
                 ISOLOD8                   ISO  
                 ISOLOD8                     Z  
                 LVLHLD1                     I  
                 LVLHLD1                     Z  
                 LVLHLD2                     I  
                 LVLHLD2                     Z  
                 LVLHLD4                     I  
                 LVLHLD4                     Z  
                 LVLHLD8                     I  
                 LVLHLD8                     Z  
                LVLLHCD1                     I  
                LVLLHCD1                NSLEEP  
                LVLLHCD1                     Z  
                LVLLHCD2                     I  
                LVLLHCD2                NSLEEP  
                LVLLHCD2                     Z  
                LVLLHCD4                     I  
                LVLLHCD4                NSLEEP  
                LVLLHCD4                     Z  
                LVLLHCD8                     I  
                LVLLHCD8                NSLEEP  
                LVLLHCD8                     Z  
                 LVLLHD1                     I  
                 LVLLHD1                     Z  
                 LVLLHD2                     I  
                 LVLLHD2                     Z  
                 LVLLHD4                     I  
                 LVLLHD4                     Z  
                 LVLLHD8                     I  
                 LVLLHD8                     Z  52  
# Pins Missing Direction: 0  
Antenna Summary Report: 
    General Caution:
    ------------------------------
    These Layers have antenna info
    ------------------------------
    M8  
    VIA7  
    M7  
    VIA6  
    M6  
    VIA5  
    M5  
    VIA4  
    M4  
    VIA3  
    M3  
    VIA2  
    M2  
    VIA1  
    M1  
    ------------------------------
    These Layers have no antenna info
    ------------------------------
    CO  
    ------------------------------
    These Pins have antenna info
    ------------------------------
               Cell Name      List of Pin Name  
                   AN2D0                     Z  
                   AN2D0                    A2  
                   AN2D0                    A1  
                   AN2D1                     Z  
                   AN2D1                    A2  
                   AN2D1                    A1  
                   AN2D2                     Z  
                   AN2D2                    A2  
                   AN2D2                    A1  
                   AN2D4                     Z  
                   AN2D4                    A2  
                   AN2D4                    A1  
                   AN2D8                     Z  
                   AN2D8                    A2  
                   AN2D8                    A1  
                  AN2XD1                     Z  
                  AN2XD1                    A2  
                  AN2XD1                    A1  
                   AN3D0                     Z  
                   AN3D0                    A3  
                   AN3D0                    A2  
                   AN3D0                    A1  
                   AN3D1                     Z  
                   AN3D1                    A3  
                   AN3D1                    A2  
                   AN3D1                    A1  
                   AN3D2                     Z  
                   AN3D2                    A3  
                   AN3D2                    A2  
                   AN3D2                    A1  
                   AN3D4                     Z  
                   AN3D4                    A3  
                   AN3D4                    A2  
                   AN3D4                    A1  
                   AN3D8                     Z  
                   AN3D8                    A3  
                   AN3D8                    A2  
                   AN3D8                    A1  
                  AN3XD1                     Z  
                  AN3XD1                    A3  
                  AN3XD1                    A2  
                  AN3XD1                    A1  
                   AN4D0                     Z  
                   AN4D0                    A4  
                   AN4D0                    A3  
                   AN4D0                    A2  
                   AN4D0                    A1  
                   AN4D1                     Z  
                   AN4D1                    A4  
                   AN4D1                    A3  
                   AN4D1                    A2  
                   AN4D1                    A1  
                   AN4D2                     Z  
                   AN4D2                    A4  
                   AN4D2                    A3  
                   AN4D2                    A2  
                   AN4D2                    A1  
                   AN4D4                     Z  
                   AN4D4                    A4  
                   AN4D4                    A3  
                   AN4D4                    A2  
                   AN4D4                    A1  
                   AN4D8                     Z  
                   AN4D8                    A4  
                   AN4D8                    A3  
                   AN4D8                    A2  
                   AN4D8                    A1  
                  AN4XD1                     Z  
                  AN4XD1                    A4  
                  AN4XD1                    A3  
                  AN4XD1                    A2  
                  AN4XD1                    A1  
                 ANTENNA                     I  
                 AO211D0                     Z  
                 AO211D0                     C  
                 AO211D0                     B  
                 AO211D0                    A2  
                 AO211D0                    A1  
                 AO211D1                     Z  
                 AO211D1                     C  
                 AO211D1                     B  
                 AO211D1                    A2  
                 AO211D1                    A1  
                 AO211D2                     Z  
                 AO211D2                     C  
                 AO211D2                     B  
                 AO211D2                    A2  
                 AO211D2                    A1  
                 AO211D4                     Z  
                 AO211D4                     C  
                 AO211D4                     B  
                 AO211D4                    A2  
                 AO211D4                    A1  
                  AO21D0                     Z  
                  AO21D0                     B  
                  AO21D0                    A2  
                  AO21D0                    A1  
                  AO21D1                     Z  
                  AO21D1                     B  
                  AO21D1                    A2  
                  AO21D1                    A1  
                  AO21D2                     Z  
                  AO21D2                     B  
                  AO21D2                    A2  
                  AO21D2                    A1  
                  AO21D4                     Z  
                  AO21D4                     B  
                  AO21D4                    A2  
                  AO21D4                    A1  
                 AO221D0                     Z  
                 AO221D0                     C  
                 AO221D0                    B2  
                 AO221D0                    B1  
                 AO221D0                    A2  
                 AO221D0                    A1  
                 AO221D1                     Z  
                 AO221D1                     C  
                 AO221D1                    B2  
                 AO221D1                    B1  
                 AO221D1                    A2  
                 AO221D1                    A1  
                 AO221D2                     Z  
                 AO221D2                     C  
                 AO221D2                    B2  
                 AO221D2                    B1  
                 AO221D2                    A2  
                 AO221D2                    A1  
                 AO221D4                     Z  
                 AO221D4                     C  
                 AO221D4                    B2  
                 AO221D4                    B1  
                 AO221D4                    A2  
                 AO221D4                    A1  
                 AO222D0                     Z  
                 AO222D0                    C2  
                 AO222D0                    C1  
                 AO222D0                    B2  
                 AO222D0                    B1  
                 AO222D0                    A2  
                 AO222D0                    A1  
                 AO222D1                     Z  
                 AO222D1                    C2  
                 AO222D1                    C1  
                 AO222D1                    B2  
                 AO222D1                    B1  
                 AO222D1                    A2  
                 AO222D1                    A1  
                 AO222D2                     Z  
                 AO222D2                    C2  
                 AO222D2                    C1  
                 AO222D2                    B2  
                 AO222D2                    B1  
                 AO222D2                    A2  
                 AO222D2                    A1  
                 AO222D4                     Z  
                 AO222D4                    C2  
                 AO222D4                    C1  
                 AO222D4                    B2  
                 AO222D4                    B1  
                 AO222D4                    A2  
                 AO222D4                    A1  
                  AO22D0                     Z  
                  AO22D0                    B2  
                  AO22D0                    B1  
                  AO22D0                    A2  
                  AO22D0                    A1  
                  AO22D1                     Z  
                  AO22D1                    B2  
                  AO22D1                    B1  
                  AO22D1                    A2  
                  AO22D1                    A1  
                  AO22D2                     Z  
                  AO22D2                    B2  
                  AO22D2                    B1  
                  AO22D2                    A2  
                  AO22D2                    A1  
                  AO22D4                     Z  
                  AO22D4                    B2  
                  AO22D4                    B1  
                  AO22D4                    A2  
                  AO22D4                    A1  
                  AO31D0                     Z  
                  AO31D0                     B  
                  AO31D0                    A3  
                  AO31D0                    A2  
                  AO31D0                    A1  
                  AO31D1                     Z  
                  AO31D1                     B  
                  AO31D1                    A3  
                  AO31D1                    A2  
                  AO31D1                    A1  
                  AO31D2                     Z  
                  AO31D2                     B  
                  AO31D2                    A3  
                  AO31D2                    A2  
                  AO31D2                    A1  
                  AO31D4                     Z  
                  AO31D4                     B  
                  AO31D4                    A3  
                  AO31D4                    A2  
                  AO31D4                    A1  
                  AO32D0                     Z  
                  AO32D0                    B2  
                  AO32D0                    B1  
                  AO32D0                    A3  
                  AO32D0                    A2  
                  AO32D0                    A1  
                  AO32D1                     Z  
                  AO32D1                    B2  
                  AO32D1                    B1  
                  AO32D1                    A3  
                  AO32D1                    A2  
                  AO32D1                    A1  
                  AO32D2                     Z  
                  AO32D2                    B2  
                  AO32D2                    B1  
                  AO32D2                    A3  
                  AO32D2                    A2  
                  AO32D2                    A1  
                  AO32D4                     Z  
                  AO32D4                    B2  
                  AO32D4                    B1  
                  AO32D4                    A3  
                  AO32D4                    A2  
                  AO32D4                    A1  
                  AO33D0                     Z  
                  AO33D0                    B3  
                  AO33D0                    B2  
                  AO33D0                    B1  
                  AO33D0                    A3  
                  AO33D0                    A2  
                  AO33D0                    A1  
                  AO33D1                     Z  
                  AO33D1                    B3  
                  AO33D1                    B2  
                  AO33D1                    B1  
                  AO33D1                    A3  
                  AO33D1                    A2  
                  AO33D1                    A1  
                  AO33D2                     Z  
                  AO33D2                    B3  
                  AO33D2                    B2  
                  AO33D2                    B1  
                  AO33D2                    A3  
                  AO33D2                    A2  
                  AO33D2                    A1  
                  AO33D4                     Z  
                  AO33D4                    B3  
                  AO33D4                    B2  
                  AO33D4                    B1  
                  AO33D4                    A3  
                  AO33D4                    A2  
                  AO33D4                    A1  
                AOI211D0                    ZN  
                AOI211D0                     C  
                AOI211D0                     B  
                AOI211D0                    A2  
                AOI211D0                    A1  
                AOI211D1                    ZN  
                AOI211D1                     C  
                AOI211D1                     B  
                AOI211D1                    A2  
                AOI211D1                    A1  
                AOI211D2                    ZN  
                AOI211D2                     C  
                AOI211D2                     B  
                AOI211D2                    A2  
                AOI211D2                    A1  
                AOI211D4                    ZN  
                AOI211D4                     C  
                AOI211D4                     B  
                AOI211D4                    A2  
                AOI211D4                    A1  
               AOI211XD0                    ZN  
               AOI211XD0                     C  
               AOI211XD0                     B  
               AOI211XD0                    A2  
               AOI211XD0                    A1  
               AOI211XD1                    ZN  
               AOI211XD1                     C  
               AOI211XD1                     B  
               AOI211XD1                    A2  
               AOI211XD1                    A1  
               AOI211XD2                    ZN  
               AOI211XD2                     C  
               AOI211XD2                     B  
               AOI211XD2                    A2  
               AOI211XD2                    A1  
               AOI211XD4                    ZN  
               AOI211XD4                     C  
               AOI211XD4                     B  
               AOI211XD4                    A2  
               AOI211XD4                    A1  
                 AOI21D0                    ZN  
                 AOI21D0                     B  
                 AOI21D0                    A2  
                 AOI21D0                    A1  
                 AOI21D1                    ZN  
                 AOI21D1                     B  
                 AOI21D1                    A2  
                 AOI21D1                    A1  
                 AOI21D2                    ZN  
                 AOI21D2                     B  
                 AOI21D2                    A2  
                 AOI21D2                    A1  
                 AOI21D4                    ZN  
                 AOI21D4                     B  
                 AOI21D4                    A2  
                 AOI21D4                    A1  
                AOI221D0                    ZN  
                AOI221D0                     C  
                AOI221D0                    B2  
                AOI221D0                    B1  
                AOI221D0                    A2  
                AOI221D0                    A1  
                AOI221D1                    ZN  
                AOI221D1                     C  
                AOI221D1                    B2  
                AOI221D1                    B1  
                AOI221D1                    A2  
                AOI221D1                    A1  
                AOI221D2                    ZN  
                AOI221D2                     C  
                AOI221D2                    B2  
                AOI221D2                    B1  
                AOI221D2                    A2  
                AOI221D2                    A1  
                AOI221D4                    ZN  
                AOI221D4                     C  
                AOI221D4                    B2  
                AOI221D4                    B1  
                AOI221D4                    A2  
                AOI221D4                    A1  
               AOI221XD4                    ZN  
               AOI221XD4                     C  
               AOI221XD4                    B2  
               AOI221XD4                    B1  
               AOI221XD4                    A2  
               AOI221XD4                    A1  
                AOI222D0                    ZN  
                AOI222D0                    C2  
                AOI222D0                    C1  
                AOI222D0                    B2  
                AOI222D0                    B1  
                AOI222D0                    A2  
                AOI222D0                    A1  
                AOI222D1                    ZN  
                AOI222D1                    C2  
                AOI222D1                    C1  
                AOI222D1                    B2  
                AOI222D1                    B1  
                AOI222D1                    A2  
                AOI222D1                    A1  
                AOI222D2                    ZN  
                AOI222D2                    C2  
                AOI222D2                    C1  
                AOI222D2                    B2  
                AOI222D2                    B1  
                AOI222D2                    A2  
                AOI222D2                    A1  
                AOI222D4                    ZN  
                AOI222D4                    C2  
                AOI222D4                    C1  
                AOI222D4                    B2  
                AOI222D4                    B1  
                AOI222D4                    A2  
                AOI222D4                    A1  
               AOI222XD4                    ZN  
               AOI222XD4                    C2  
               AOI222XD4                    C1  
               AOI222XD4                    B2  
               AOI222XD4                    B1  
               AOI222XD4                    A2  
               AOI222XD4                    A1  
                 AOI22D0                    ZN  
                 AOI22D0                    B2  
                 AOI22D0                    B1  
                 AOI22D0                    A2  
                 AOI22D0                    A1  
                 AOI22D1                    ZN  
                 AOI22D1                    B2  
                 AOI22D1                    B1  
                 AOI22D1                    A2  
                 AOI22D1                    A1  
                 AOI22D2                    ZN  
                 AOI22D2                    B2  
                 AOI22D2                    B1  
                 AOI22D2                    A2  
                 AOI22D2                    A1  
                 AOI22D4                    ZN  
                 AOI22D4                    B2  
                 AOI22D4                    B1  
                 AOI22D4                    A2  
                 AOI22D4                    A1  
                 AOI31D0                    ZN  
                 AOI31D0                     B  
                 AOI31D0                    A3  
                 AOI31D0                    A2  
                 AOI31D0                    A1  
                 AOI31D1                    ZN  
                 AOI31D1                     B  
                 AOI31D1                    A3  
                 AOI31D1                    A2  
                 AOI31D1                    A1  
                 AOI31D2                    ZN  
                 AOI31D2                     B  
                 AOI31D2                    A3  
                 AOI31D2                    A2  
                 AOI31D2                    A1  
                 AOI31D4                    ZN  
                 AOI31D4                     B  
                 AOI31D4                    A3  
                 AOI31D4                    A2  
                 AOI31D4                    A1  
                 AOI32D0                    ZN  
                 AOI32D0                    B2  
                 AOI32D0                    B1  
                 AOI32D0                    A3  
                 AOI32D0                    A2  
                 AOI32D0                    A1  
                 AOI32D1                    ZN  
                 AOI32D1                    B2  
                 AOI32D1                    B1  
                 AOI32D1                    A3  
                 AOI32D1                    A2  
                 AOI32D1                    A1  
                 AOI32D2                    ZN  
                 AOI32D2                    B2  
                 AOI32D2                    B1  
                 AOI32D2                    A3  
                 AOI32D2                    A2  
                 AOI32D2                    A1  
                 AOI32D4                    ZN  
                 AOI32D4                    B2  
                 AOI32D4                    B1  
                 AOI32D4                    A3  
                 AOI32D4                    A2  
                 AOI32D4                    A1  
                AOI32XD4                    ZN  
                AOI32XD4                    B2  
                AOI32XD4                    B1  
                AOI32XD4                    A3  
                AOI32XD4                    A2  
                AOI32XD4                    A1  
                 AOI33D0                    ZN  
                 AOI33D0                    B3  
                 AOI33D0                    B2  
                 AOI33D0                    B1  
                 AOI33D0                    A3  
                 AOI33D0                    A2  
                 AOI33D0                    A1  
                 AOI33D1                    ZN  
                 AOI33D1                    B3  
                 AOI33D1                    B2  
                 AOI33D1                    B1  
                 AOI33D1                    A3  
                 AOI33D1                    A2  
                 AOI33D1                    A1  
                 AOI33D2                    ZN  
                 AOI33D2                    B3  
                 AOI33D2                    B2  
                 AOI33D2                    B1  
                 AOI33D2                    A3  
                 AOI33D2                    A2  
                 AOI33D2                    A1  
                 AOI33D4                    ZN  
                 AOI33D4                    B3  
                 AOI33D4                    B2  
                 AOI33D4                    B1  
                 AOI33D4                    A3  
                 AOI33D4                    A2  
                 AOI33D4                    A1  
                AOI33XD4                    ZN  
                AOI33XD4                    B3  
                AOI33XD4                    B2  
                AOI33XD4                    B1  
                AOI33XD4                    A3  
                AOI33XD4                    A2  
                AOI33XD4                    A1  
                  BENCD1                    X2  
                  BENCD1                     S  
                  BENCD1                    M2  
                  BENCD1                    M1  
                  BENCD1                    M0  
                  BENCD1                     A  
                  BENCD2                    X2  
                  BENCD2                     S  
                  BENCD2                    M2  
                  BENCD2                    M1  
                  BENCD2                    M0  
                  BENCD2                     A  
                  BENCD4                    X2  
                  BENCD4                     S  
                  BENCD4                    M2  
                  BENCD4                    M1  
                  BENCD4                    M0  
                  BENCD4                     A  
                     BHD                     Z  
                   BMLD1                    X2  
                   BMLD1                     S  
                   BMLD1                    PP  
                   BMLD1                    M1  
                   BMLD1                    M0  
                   BMLD1                     A  
                   BMLD2                    X2  
                   BMLD2                     S  
                   BMLD2                    PP  
                   BMLD2                    M1  
                   BMLD2                    M0  
                   BMLD2                     A  
                   BMLD4                    X2  
                   BMLD4                     S  
                   BMLD4                    PP  
                   BMLD4                    M1  
                   BMLD4                    M0  
                   BMLD4                     A  
                  BUFFD0                     Z  
                  BUFFD0                     I  
                  BUFFD1                     Z  
                  BUFFD1                     I  
                 BUFFD12                     Z  
                 BUFFD12                     I  
                 BUFFD16                     Z  
                 BUFFD16                     I  
                  BUFFD2                     Z  
                  BUFFD2                     I  
                 BUFFD20                     Z  
                 BUFFD20                     I  
                 BUFFD24                     Z  
                 BUFFD24                     I  
                  BUFFD3                     Z  
                  BUFFD3                     I  
                  BUFFD4                     Z  
                  BUFFD4                     I  
                  BUFFD6                     Z  
                  BUFFD6                     I  
                  BUFFD8                     Z  
                  BUFFD8                     I  
                  BUFTD0                     Z  
                  BUFTD0                    OE  
                  BUFTD0                     I  
                  BUFTD1                     Z  
                  BUFTD1                    OE  
                  BUFTD1                     I  
                 BUFTD12                     Z  
                 BUFTD12                    OE  
                 BUFTD12                     I  
                 BUFTD16                     Z  
                 BUFTD16                    OE  
                 BUFTD16                     I  
                  BUFTD2                     Z  
                  BUFTD2                    OE  
                  BUFTD2                     I  
                 BUFTD20                     Z  
                 BUFTD20                    OE  
                 BUFTD20                     I  
                 BUFTD24                     Z  
                 BUFTD24                    OE  
                 BUFTD24                     I  
                  BUFTD3                     Z  
                  BUFTD3                    OE  
                  BUFTD3                     I  
                  BUFTD4                     Z  
                  BUFTD4                    OE  
                  BUFTD4                     I  
                  BUFTD6                     Z  
                  BUFTD6                    OE  
                  BUFTD6                     I  
                  BUFTD8                     Z  
                  BUFTD8                    OE  
                  BUFTD8                     I  
                 CKAN2D0                     Z  
                 CKAN2D0                    A2  
                 CKAN2D0                    A1  
                 CKAN2D1                     Z  
                 CKAN2D1                    A2  
                 CKAN2D1                    A1  
                 CKAN2D2                     Z  
                 CKAN2D2                    A2  
                 CKAN2D2                    A1  
                 CKAN2D4                     Z  
                 CKAN2D4                    A2  
                 CKAN2D4                    A1  
                 CKAN2D8                     Z  
                 CKAN2D8                    A2  
                 CKAN2D8                    A1  
                   CKBD0                     Z  
                   CKBD0                     I  
                   CKBD1                     Z  
                   CKBD1                     I  
                  CKBD12                     Z  
                  CKBD12                     I  
                  CKBD16                     Z  
                  CKBD16                     I  
                   CKBD2                     Z  
                   CKBD2                     I  
                  CKBD20                     Z  
                  CKBD20                     I  
                  CKBD24                     Z  
                  CKBD24                     I  
                   CKBD3                     Z  
                   CKBD3                     I  
                   CKBD4                     Z  
                   CKBD4                     I  
                   CKBD6                     Z  
                   CKBD6                     I  
                   CKBD8                     Z  
                   CKBD8                     I  
                 CKLHQD1                    TE  
                 CKLHQD1                     Q  
                 CKLHQD1                     E  
                 CKLHQD1                   CPN  
                CKLHQD12                    TE  
                CKLHQD12                     Q  
                CKLHQD12                     E  
                CKLHQD12                   CPN  
                CKLHQD16                    TE  
                CKLHQD16                     Q  
                CKLHQD16                     E  
                CKLHQD16                   CPN  
                 CKLHQD2                    TE  
                 CKLHQD2                     Q  
                 CKLHQD2                     E  
                 CKLHQD2                   CPN  
                CKLHQD20                    TE  
                CKLHQD20                     Q  
                CKLHQD20                     E  
                CKLHQD20                   CPN  
                CKLHQD24                    TE  
                CKLHQD24                     Q  
                CKLHQD24                     E  
                CKLHQD24                   CPN  
                 CKLHQD3                    TE  
                 CKLHQD3                     Q  
                 CKLHQD3                     E  
                 CKLHQD3                   CPN  
                 CKLHQD4                    TE  
                 CKLHQD4                     Q  
                 CKLHQD4                     E  
                 CKLHQD4                   CPN  
                 CKLHQD6                    TE  
                 CKLHQD6                     Q  
                 CKLHQD6                     E  
                 CKLHQD6                   CPN  
                 CKLHQD8                    TE  
                 CKLHQD8                     Q  
                 CKLHQD8                     E  
                 CKLHQD8                   CPN  
                 CKLNQD1                    TE  
                 CKLNQD1                     Q  
                 CKLNQD1                     E  
                 CKLNQD1                    CP  
                CKLNQD12                    TE  
                CKLNQD12                     Q  
                CKLNQD12                     E  
                CKLNQD12                    CP  
                CKLNQD16                    TE  
                CKLNQD16                     Q  
                CKLNQD16                     E  
                CKLNQD16                    CP  
                 CKLNQD2                    TE  
                 CKLNQD2                     Q  
                 CKLNQD2                     E  
                 CKLNQD2                    CP  
                CKLNQD20                    TE  
                CKLNQD20                     Q  
                CKLNQD20                     E  
                CKLNQD20                    CP  
                CKLNQD24                    TE  
                CKLNQD24                     Q  
                CKLNQD24                     E  
                CKLNQD24                    CP  
                 CKLNQD3                    TE  
                 CKLNQD3                     Q  
                 CKLNQD3                     E  
                 CKLNQD3                    CP  
                 CKLNQD4                    TE  
                 CKLNQD4                     Q  
                 CKLNQD4                     E  
                 CKLNQD4                    CP  
                 CKLNQD6                    TE  
                 CKLNQD6                     Q  
                 CKLNQD6                     E  
                 CKLNQD6                    CP  
                 CKLNQD8                    TE  
                 CKLNQD8                     Q  
                 CKLNQD8                     E  
                 CKLNQD8                    CP  
                CKMUX2D0                     Z  
                CKMUX2D0                     S  
                CKMUX2D0                    I1  
                CKMUX2D0                    I0  
                CKMUX2D1                     Z  
                CKMUX2D1                     S  
                CKMUX2D1                    I1  
                CKMUX2D1                    I0  
                CKMUX2D2                     Z  
                CKMUX2D2                     S  
                CKMUX2D2                    I1  
                CKMUX2D2                    I0  
                CKMUX2D4                     Z  
                CKMUX2D4                     S  
                CKMUX2D4                    I1  
                CKMUX2D4                    I0  
                   CKND0                    ZN  
                   CKND0                     I  
                   CKND1                    ZN  
                   CKND1                     I  
                  CKND12                    ZN  
                  CKND12                     I  
                  CKND16                    ZN  
                  CKND16                     I  
                   CKND2                    ZN  
                   CKND2                     I  
                  CKND20                    ZN  
                  CKND20                     I  
                  CKND24                    ZN  
                  CKND24                     I  
                 CKND2D0                    ZN  
                 CKND2D0                    A2  
                 CKND2D0                    A1  
                 CKND2D1                    ZN  
                 CKND2D1                    A2  
                 CKND2D1                    A1  
                 CKND2D2                    ZN  
                 CKND2D2                    A2  
                 CKND2D2                    A1  
                 CKND2D3                    ZN  
                 CKND2D3                    A2  
                 CKND2D3                    A1  
                 CKND2D4                    ZN  
                 CKND2D4                    A2  
                 CKND2D4                    A1  
                 CKND2D8                    ZN  
                 CKND2D8                    A2  
                 CKND2D8                    A1  
                   CKND3                    ZN  
                   CKND3                     I  
                   CKND4                    ZN  
                   CKND4                     I  
                   CKND6                    ZN  
                   CKND6                     I  
                   CKND8                    ZN  
                   CKND8                     I  
                CKXOR2D0                     Z  
                CKXOR2D0                    A2  
                CKXOR2D0                    A1  
                CKXOR2D1                     Z  
                CKXOR2D1                    A2  
                CKXOR2D1                    A1  
                CKXOR2D2                     Z  
                CKXOR2D2                    A2  
                CKXOR2D2                    A1  
                CKXOR2D4                     Z  
                CKXOR2D4                    A2  
                CKXOR2D4                    A1  
                CMPE42D1                     S  
                CMPE42D1                     D  
                CMPE42D1                   COX  
                CMPE42D1                    CO  
                CMPE42D1                   CIX  
                CMPE42D1                     C  
                CMPE42D1                     B  
                CMPE42D1                     A  
                CMPE42D2                     S  
                CMPE42D2                     D  
                CMPE42D2                   COX  
                CMPE42D2                    CO  
                CMPE42D2                   CIX  
                CMPE42D2                     C  
                CMPE42D2                     B  
                CMPE42D2                     A  
                    DEL0                     Z  
                    DEL0                     I  
                  DEL005                     Z  
                  DEL005                     I  
                   DEL01                     Z  
                   DEL01                     I  
                  DEL015                     Z  
                  DEL015                     I  
                   DEL02                     Z  
                   DEL02                     I  
                    DEL1                     Z  
                    DEL1                     I  
                    DEL2                     Z  
                    DEL2                     I  
                    DEL3                     Z  
                    DEL3                     I  
                    DEL4                     Z  
                    DEL4                     I  
                  DFCND1                    QN  
                  DFCND1                     Q  
                  DFCND1                     D  
                  DFCND1                    CP  
                  DFCND1                   CDN  
                  DFCND2                    QN  
                  DFCND2                     Q  
                  DFCND2                     D  
                  DFCND2                    CP  
                  DFCND2                   CDN  
                  DFCND4                    QN  
                  DFCND4                     Q  
                  DFCND4                     D  
                  DFCND4                    CP  
                  DFCND4                   CDN  
                 DFCNQD1                     Q  
                 DFCNQD1                     D  
                 DFCNQD1                    CP  
                 DFCNQD1                   CDN  
                 DFCNQD2                     Q  
                 DFCNQD2                     D  
                 DFCNQD2                    CP  
                 DFCNQD2                   CDN  
                 DFCNQD4                     Q  
                 DFCNQD4                     D  
                 DFCNQD4                    CP  
                 DFCNQD4                   CDN  
                 DFCSND1                   SDN  
                 DFCSND1                    QN  
                 DFCSND1                     Q  
                 DFCSND1                     D  
                 DFCSND1                    CP  
                 DFCSND1                   CDN  
                 DFCSND2                   SDN  
                 DFCSND2                    QN  
                 DFCSND2                     Q  
                 DFCSND2                     D  
                 DFCSND2                    CP  
                 DFCSND2                   CDN  
                 DFCSND4                   SDN  
                 DFCSND4                    QN  
                 DFCSND4                     Q  
                 DFCSND4                     D  
                 DFCSND4                    CP  
                 DFCSND4                   CDN  
                DFCSNQD1                   SDN  
                DFCSNQD1                     Q  
                DFCSNQD1                     D  
                DFCSNQD1                    CP  
                DFCSNQD1                   CDN  
                DFCSNQD2                   SDN  
                DFCSNQD2                     Q  
                DFCSNQD2                     D  
                DFCSNQD2                    CP  
                DFCSNQD2                   CDN  
                DFCSNQD4                   SDN  
                DFCSNQD4                     Q  
                DFCSNQD4                     D  
                DFCSNQD4                    CP  
                DFCSNQD4                   CDN  
                    DFD1                    QN  
                    DFD1                     Q  
                    DFD1                     D  
                    DFD1                    CP  
                    DFD2                    QN  
                    DFD2                     Q  
                    DFD2                     D  
                    DFD2                    CP  
                    DFD4                    QN  
                    DFD4                     Q  
                    DFD4                     D  
                    DFD4                    CP  
                 DFKCND1                    QN  
                 DFKCND1                     Q  
                 DFKCND1                     D  
                 DFKCND1                    CP  
                 DFKCND1                    CN  
                 DFKCND2                    QN  
                 DFKCND2                     Q  
                 DFKCND2                     D  
                 DFKCND2                    CP  
                 DFKCND2                    CN  
                 DFKCND4                    QN  
                 DFKCND4                     Q  
                 DFKCND4                     D  
                 DFKCND4                    CP  
                 DFKCND4                    CN  
                DFKCNQD1                     Q  
                DFKCNQD1                     D  
                DFKCNQD1                    CP  
                DFKCNQD1                    CN  
                DFKCNQD2                     Q  
                DFKCNQD2                     D  
                DFKCNQD2                    CP  
                DFKCNQD2                    CN  
                DFKCNQD4                     Q  
                DFKCNQD4                     D  
                DFKCNQD4                    CP  
                DFKCNQD4                    CN  
                DFKCSND1                    SN  
                DFKCSND1                    QN  
                DFKCSND1                     Q  
                DFKCSND1                     D  
                DFKCSND1                    CP  
                DFKCSND1                    CN  
                DFKCSND2                    SN  
                DFKCSND2                    QN  
                DFKCSND2                     Q  
                DFKCSND2                     D  
                DFKCSND2                    CP  
                DFKCSND2                    CN  
                DFKCSND4                    SN  
                DFKCSND4                    QN  
                DFKCSND4                     Q  
                DFKCSND4                     D  
                DFKCSND4                    CP  
                DFKCSND4                    CN  
                 DFKSND1                    SN  
                 DFKSND1                    QN  
                 DFKSND1                     Q  
                 DFKSND1                     D  
                 DFKSND1                    CP  
                 DFKSND2                    SN  
                 DFKSND2                    QN  
                 DFKSND2                     Q  
                 DFKSND2                     D  
                 DFKSND2                    CP  
                 DFKSND4                    SN  
                 DFKSND4                    QN  
                 DFKSND4                     Q  
                 DFKSND4                     D  
                 DFKSND4                    CP  
                 DFNCND1                    QN  
                 DFNCND1                     Q  
                 DFNCND1                     D  
                 DFNCND1                   CPN  
                 DFNCND1                   CDN  
                 DFNCND2                    QN  
                 DFNCND2                     Q  
                 DFNCND2                     D  
                 DFNCND2                   CPN  
                 DFNCND2                   CDN  
                 DFNCND4                    QN  
                 DFNCND4                     Q  
                 DFNCND4                     D  
                 DFNCND4                   CPN  
                 DFNCND4                   CDN  
                DFNCSND1                   SDN  
                DFNCSND1                    QN  
                DFNCSND1                     Q  
                DFNCSND1                     D  
                DFNCSND1                   CPN  
                DFNCSND1                   CDN  
                DFNCSND2                   SDN  
                DFNCSND2                    QN  
                DFNCSND2                     Q  
                DFNCSND2                     D  
                DFNCSND2                   CPN  
                DFNCSND2                   CDN  
                DFNCSND4                   SDN  
                DFNCSND4                    QN  
                DFNCSND4                     Q  
                DFNCSND4                     D  
                DFNCSND4                   CPN  
                DFNCSND4                   CDN  
                   DFND1                    QN  
                   DFND1                     Q  
                   DFND1                     D  
                   DFND1                   CPN  
                   DFND2                    QN  
                   DFND2                     Q  
                   DFND2                     D  
                   DFND2                   CPN  
                   DFND4                    QN  
                   DFND4                     Q  
                   DFND4                     D  
                   DFND4                   CPN  
                 DFNSND1                   SDN  
                 DFNSND1                    QN  
                 DFNSND1                     Q  
                 DFNSND1                     D  
                 DFNSND1                   CPN  
                 DFNSND2                   SDN  
                 DFNSND2                    QN  
                 DFNSND2                     Q  
                 DFNSND2                     D  
                 DFNSND2                   CPN  
                 DFNSND4                   SDN  
                 DFNSND4                    QN  
                 DFNSND4                     Q  
                 DFNSND4                     D  
                 DFNSND4                   CPN  
                   DFQD1                     Q  
                   DFQD1                     D  
                   DFQD1                    CP  
                   DFQD2                     Q  
                   DFQD2                     D  
                   DFQD2                    CP  
                   DFQD4                     Q  
                   DFQD4                     D  
                   DFQD4                    CP  
                  DFSND1                   SDN  
                  DFSND1                    QN  
                  DFSND1                     Q  
                  DFSND1                     D  
                  DFSND1                    CP  
                  DFSND2                   SDN  
                  DFSND2                    QN  
                  DFSND2                     Q  
                  DFSND2                     D  
                  DFSND2                    CP  
                  DFSND4                   SDN  
                  DFSND4                    QN  
                  DFSND4                     Q  
                  DFSND4                     D  
                  DFSND4                    CP  
                 DFSNQD1                   SDN  
                 DFSNQD1                     Q  
                 DFSNQD1                     D  
                 DFSNQD1                    CP  
                 DFSNQD2                   SDN  
                 DFSNQD2                     Q  
                 DFSNQD2                     D  
                 DFSNQD2                    CP  
                 DFSNQD4                   SDN  
                 DFSNQD4                     Q  
                 DFSNQD4                     D  
                 DFSNQD4                    CP  
                   DFXD1                    SA  
                   DFXD1                    QN  
                   DFXD1                     Q  
                   DFXD1                    DB  
                   DFXD1                    DA  
                   DFXD1                    CP  
                   DFXD2                    SA  
                   DFXD2                    QN  
                   DFXD2                     Q  
                   DFXD2                    DB  
                   DFXD2                    DA  
                   DFXD2                    CP  
                   DFXD4                    SA  
                   DFXD4                    QN  
                   DFXD4                     Q  
                   DFXD4                    DB  
                   DFXD4                    DA  
                   DFXD4                    CP  
                  DFXQD1                    SA  
                  DFXQD1                     Q  
                  DFXQD1                    DB  
                  DFXQD1                    DA  
                  DFXQD1                    CP  
                  DFXQD2                    SA  
                  DFXQD2                     Q  
                  DFXQD2                    DB  
                  DFXQD2                    DA  
                  DFXQD2                    CP  
                  DFXQD4                    SA  
                  DFXQD4                     Q  
                  DFXQD4                    DB  
                  DFXQD4                    DA  
                  DFXQD4                    CP  
                 EDFCND1                    QN  
                 EDFCND1                     Q  
                 EDFCND1                     E  
                 EDFCND1                     D  
                 EDFCND1                    CP  
                 EDFCND1                   CDN  
                 EDFCND2                    QN  
                 EDFCND2                     Q  
                 EDFCND2                     E  
                 EDFCND2                     D  
                 EDFCND2                    CP  
                 EDFCND2                   CDN  
                 EDFCND4                    QN  
                 EDFCND4                     Q  
                 EDFCND4                     E  
                 EDFCND4                     D  
                 EDFCND4                    CP  
                 EDFCND4                   CDN  
                EDFCNQD1                     Q  
                EDFCNQD1                     E  
                EDFCNQD1                     D  
                EDFCNQD1                    CP  
                EDFCNQD1                   CDN  
                EDFCNQD2                     Q  
                EDFCNQD2                     E  
                EDFCNQD2                     D  
                EDFCNQD2                    CP  
                EDFCNQD2                   CDN  
                EDFCNQD4                     Q  
                EDFCNQD4                     E  
                EDFCNQD4                     D  
                EDFCNQD4                    CP  
                EDFCNQD4                   CDN  
                   EDFD1                    QN  
                   EDFD1                     Q  
                   EDFD1                     E  
                   EDFD1                     D  
                   EDFD1                    CP  
                   EDFD2                    QN  
                   EDFD2                     Q  
                   EDFD2                     E  
                   EDFD2                     D  
                   EDFD2                    CP  
                   EDFD4                    QN  
                   EDFD4                     Q  
                   EDFD4                     E  
                   EDFD4                     D  
                   EDFD4                    CP  
                EDFKCND1                    QN  
                EDFKCND1                     Q  
                EDFKCND1                     E  
                EDFKCND1                     D  
                EDFKCND1                    CP  
                EDFKCND1                    CN  
                EDFKCND2                    QN  
                EDFKCND2                     Q  
                EDFKCND2                     E  
                EDFKCND2                     D  
                EDFKCND2                    CP  
                EDFKCND2                    CN  
                EDFKCND4                    QN  
                EDFKCND4                     Q  
                EDFKCND4                     E  
                EDFKCND4                     D  
                EDFKCND4                    CP  
                EDFKCND4                    CN  
               EDFKCNQD1                     Q  
               EDFKCNQD1                     E  
               EDFKCNQD1                     D  
               EDFKCNQD1                    CP  
               EDFKCNQD1                    CN  
               EDFKCNQD2                     Q  
               EDFKCNQD2                     E  
               EDFKCNQD2                     D  
               EDFKCNQD2                    CP  
               EDFKCNQD2                    CN  
               EDFKCNQD4                     Q  
               EDFKCNQD4                     E  
               EDFKCNQD4                     D  
               EDFKCNQD4                    CP  
               EDFKCNQD4                    CN  
                  EDFQD1                     Q  
                  EDFQD1                     E  
                  EDFQD1                     D  
                  EDFQD1                    CP  
                  EDFQD2                     Q  
                  EDFQD2                     E  
                  EDFQD2                     D  
                  EDFQD2                    CP  
                  EDFQD4                     Q  
                  EDFQD4                     E  
                  EDFQD4                     D  
                  EDFQD4                    CP  
                   FA1D0                     S  
                   FA1D0                    CO  
                   FA1D0                    CI  
                   FA1D0                     B  
                   FA1D0                     A  
                   FA1D1                     S  
                   FA1D1                    CO  
                   FA1D1                    CI  
                   FA1D1                     B  
                   FA1D1                     A  
                   FA1D2                     S  
                   FA1D2                    CO  
                   FA1D2                    CI  
                   FA1D2                     B  
                   FA1D2                     A  
                   FA1D4                     S  
                   FA1D4                    CO  
                   FA1D4                    CI  
                   FA1D4                     B  
                   FA1D4                     A  
                FCICIND1                    CO  
                FCICIND1                   CIN  
                FCICIND1                     B  
                FCICIND1                     A  
                FCICIND2                    CO  
                FCICIND2                   CIN  
                FCICIND2                     B  
                FCICIND2                     A  
                FCICOND1                   CON  
                FCICOND1                    CI  
                FCICOND1                     B  
                FCICOND1                     A  
                FCICOND2                   CON  
                FCICOND2                    CI  
                FCICOND2                     B  
                FCICOND2                     A  
               FCSICIND1                     S  
               FCSICIND1                    CS  
               FCSICIND1                   CO1  
               FCSICIND1                   CO0  
               FCSICIND1                  CIN1  
               FCSICIND1                  CIN0  
               FCSICIND1                     B  
               FCSICIND1                     A  
               FCSICIND2                     S  
               FCSICIND2                    CS  
               FCSICIND2                   CO1  
               FCSICIND2                   CO0  
               FCSICIND2                  CIN1  
               FCSICIND2                  CIN0  
               FCSICIND2                     B  
               FCSICIND2                     A  
               FCSICOND1                     S  
               FCSICOND1                    CS  
               FCSICOND1                  CON1  
               FCSICOND1                  CON0  
               FCSICOND1                   CI1  
               FCSICOND1                   CI0  
               FCSICOND1                     B  
               FCSICOND1                     A  
               FCSICOND2                     S  
               FCSICOND2                    CS  
               FCSICOND2                  CON1  
               FCSICOND2                  CON0  
               FCSICOND2                   CI1  
               FCSICOND2                   CI0  
               FCSICOND2                     B  
               FCSICOND2                     A  
                 FICIND1                     S  
                 FICIND1                    CO  
                 FICIND1                   CIN  
                 FICIND1                     B  
                 FICIND1                     A  
                 FICIND2                     S  
                 FICIND2                    CO  
                 FICIND2                   CIN  
                 FICIND2                     B  
                 FICIND2                     A  
                 FICOND1                     S  
                 FICOND1                   CON  
                 FICOND1                    CI  
                 FICOND1                     B  
                 FICOND1                     A  
                 FICOND2                     S  
                 FICOND2                   CON  
                 FICOND2                    CI  
                 FICOND2                     B  
                 FICOND2                     A  
                FIICOND1                     S  
                FIICOND1                  CON1  
                FIICOND1                  CON0  
                FIICOND1                     C  
                FIICOND1                     B  
                FIICOND1                     A  
                FIICOND2                     S  
                FIICOND2                  CON1  
                FIICOND2                  CON0  
                FIICOND2                     C  
                FIICOND2                     B  
                FIICOND2                     A  
                  GAN2D1                     Z  
                  GAN2D1                    A2  
                  GAN2D1                    A1  
                  GAN2D2                     Z  
                  GAN2D2                    A2  
                  GAN2D2                    A1  
                GAOI21D1                    ZN  
                GAOI21D1                     B  
                GAOI21D1                    A2  
                GAOI21D1                    A1  
                GAOI21D2                    ZN  
                GAOI21D2                     B  
                GAOI21D2                    A2  
                GAOI21D2                    A1  
                GAOI22D1                    ZN  
                GAOI22D1                    B2  
                GAOI22D1                    B1  
                GAOI22D1                    A2  
                GAOI22D1                    A1  
                 GBUFFD1                     Z  
                 GBUFFD1                     I  
                 GBUFFD2                     Z  
                 GBUFFD2                     I  
                 GBUFFD3                     Z  
                 GBUFFD3                     I  
                 GBUFFD4                     Z  
                 GBUFFD4                     I  
                 GBUFFD8                     Z  
                 GBUFFD8                     I  
                GDFCNQD1                     Q  
                GDFCNQD1                     D  
                GDFCNQD1                    CP  
                GDFCNQD1                   CDN  
                  GDFQD1                     Q  
                  GDFQD1                     D  
                  GDFQD1                    CP  
                  GINVD1                    ZN  
                  GINVD1                     I  
                  GINVD2                    ZN  
                  GINVD2                     I  
                  GINVD3                    ZN  
                  GINVD3                     I  
                  GINVD4                    ZN  
                  GINVD4                     I  
                  GINVD8                    ZN  
                  GINVD8                     I  
                 GMUX2D1                     Z  
                 GMUX2D1                     S  
                 GMUX2D1                    I1  
                 GMUX2D1                    I0  
                 GMUX2D2                     Z  
                 GMUX2D2                     S  
                 GMUX2D2                    I1  
                 GMUX2D2                    I0  
                GMUX2ND1                    ZN  
                GMUX2ND1                     S  
                GMUX2ND1                    I1  
                GMUX2ND1                    I0  
                GMUX2ND2                    ZN  
                GMUX2ND2                     S  
                GMUX2ND2                    I1  
                GMUX2ND2                    I0  
                  GND2D1                    ZN  
                  GND2D1                    A2  
                  GND2D1                    A1  
                  GND2D2                    ZN  
                  GND2D2                    A2  
                  GND2D2                    A1  
                  GND2D3                    ZN  
                  GND2D3                    A2  
                  GND2D3                    A1  
                  GND2D4                    ZN  
                  GND2D4                    A2  
                  GND2D4                    A1  
                  GND3D1                    ZN  
                  GND3D1                    A3  
                  GND3D1                    A2  
                  GND3D1                    A1  
                  GND3D2                    ZN  
                  GND3D2                    A3  
                  GND3D2                    A2  
                  GND3D2                    A1  
                  GNR2D1                    ZN  
                  GNR2D1                    A2  
                  GNR2D1                    A1  
                  GNR2D2                    ZN  
                  GNR2D2                    A2  
                  GNR2D2                    A1  
                  GNR3D1                    ZN  
                  GNR3D1                    A3  
                  GNR3D1                    A2  
                  GNR3D1                    A1  
                  GNR3D2                    ZN  
                  GNR3D2                    A3  
                  GNR3D2                    A2  
                  GNR3D2                    A1  
                GOAI21D1                    ZN  
                GOAI21D1                     B  
                GOAI21D1                    A2  
                GOAI21D1                    A1  
                GOAI21D2                    ZN  
                GOAI21D2                     B  
                GOAI21D2                    A2  
                GOAI21D2                    A1  
                  GOR2D1                     Z  
                  GOR2D1                    A2  
                  GOR2D1                    A1  
                  GOR2D2                     Z  
                  GOR2D2                    A2  
                  GOR2D2                    A1  
               GSDFCNQD1                    SI  
               GSDFCNQD1                    SE  
               GSDFCNQD1                     Q  
               GSDFCNQD1                     D  
               GSDFCNQD1                    CP  
               GSDFCNQD1                   CDN  
                   GTIEH                     Z  
                   GTIEL                    ZN  
                 GXNR2D1                    ZN  
                 GXNR2D1                    A2  
                 GXNR2D1                    A1  
                 GXNR2D2                    ZN  
                 GXNR2D2                    A2  
                 GXNR2D2                    A1  
                 GXOR2D1                     Z  
                 GXOR2D1                    A2  
                 GXOR2D1                    A1  
                 GXOR2D2                     Z  
                 GXOR2D2                    A2  
                 GXOR2D2                    A1  
                   HA1D0                     S  
                   HA1D0                    CO  
                   HA1D0                     B  
                   HA1D0                     A  
                   HA1D1                     S  
                   HA1D1                    CO  
                   HA1D1                     B  
                   HA1D1                     A  
                   HA1D2                     S  
                   HA1D2                    CO  
                   HA1D2                     B  
                   HA1D2                     A  
                   HA1D4                     S  
                   HA1D4                    CO  
                   HA1D4                     B  
                   HA1D4                     A  
               HCOSCIND1                     S  
               HCOSCIND1                    CS  
               HCOSCIND1                    CO  
               HCOSCIND1                   CIN  
               HCOSCIND1                     A  
               HCOSCIND2                     S  
               HCOSCIND2                    CS  
               HCOSCIND2                    CO  
               HCOSCIND2                   CIN  
               HCOSCIND2                     A  
               HCOSCOND1                     S  
               HCOSCOND1                    CS  
               HCOSCOND1                   CON  
               HCOSCOND1                    CI  
               HCOSCOND1                     A  
               HCOSCOND2                     S  
               HCOSCOND2                    CS  
               HCOSCOND2                   CON  
               HCOSCOND2                    CI  
               HCOSCOND2                     A  
                 HICIND1                     S  
                 HICIND1                    CO  
                 HICIND1                   CIN  
                 HICIND1                     A  
                 HICIND2                     S  
                 HICIND2                    CO  
                 HICIND2                   CIN  
                 HICIND2                     A  
                 HICOND1                     S  
                 HICOND1                   CON  
                 HICOND1                    CI  
                 HICOND1                     A  
                 HICOND2                     S  
                 HICOND2                   CON  
                 HICOND2                    CI  
                 HICOND2                     A  
                 IAO21D0                    ZN  
                 IAO21D0                     B  
                 IAO21D0                    A2  
                 IAO21D0                    A1  
                 IAO21D1                    ZN  
                 IAO21D1                     B  
                 IAO21D1                    A2  
                 IAO21D1                    A1  
                 IAO21D2                    ZN  
                 IAO21D2                     B  
                 IAO21D2                    A2  
                 IAO21D2                    A1  
                 IAO21D4                    ZN  
                 IAO21D4                     B  
                 IAO21D4                    A2  
                 IAO21D4                    A1  
                 IAO22D0                    ZN  
                 IAO22D0                    B2  
                 IAO22D0                    B1  
                 IAO22D0                    A2  
                 IAO22D0                    A1  
                 IAO22D1                    ZN  
                 IAO22D1                    B2  
                 IAO22D1                    B1  
                 IAO22D1                    A2  
                 IAO22D1                    A1  
                 IAO22D2                    ZN  
                 IAO22D2                    B2  
                 IAO22D2                    B1  
                 IAO22D2                    A2  
                 IAO22D2                    A1  
                 IAO22D4                    ZN  
                 IAO22D4                    B2  
                 IAO22D4                    B1  
                 IAO22D4                    A2  
                 IAO22D4                    A1  
                 IIND4D0                    ZN  
                 IIND4D0                    B2  
                 IIND4D0                    B1  
                 IIND4D0                    A2  
                 IIND4D0                    A1  
                 IIND4D1                    ZN  
                 IIND4D1                    B2  
                 IIND4D1                    B1  
                 IIND4D1                    A2  
                 IIND4D1                    A1  
                 IIND4D2                    ZN  
                 IIND4D2                    B2  
                 IIND4D2                    B1  
                 IIND4D2                    A2  
                 IIND4D2                    A1  
                 IIND4D4                    ZN  
                 IIND4D4                    B2  
                 IIND4D4                    B1  
                 IIND4D4                    A2  
                 IIND4D4                    A1  
                 IINR4D0                    ZN  
                 IINR4D0                    B2  
                 IINR4D0                    B1  
                 IINR4D0                    A2  
                 IINR4D0                    A1  
                 IINR4D1                    ZN  
                 IINR4D1                    B2  
                 IINR4D1                    B1  
                 IINR4D1                    A2  
                 IINR4D1                    A1  
                 IINR4D2                    ZN  
                 IINR4D2                    B2  
                 IINR4D2                    B1  
                 IINR4D2                    A2  
                 IINR4D2                    A1  
                 IINR4D4                    ZN  
                 IINR4D4                    B2  
                 IINR4D4                    B1  
                 IINR4D4                    A2  
                 IINR4D4                    A1  
                  IND2D0                    ZN  
                  IND2D0                    B1  
                  IND2D0                    A1  
                  IND2D1                    ZN  
                  IND2D1                    B1  
                  IND2D1                    A1  
                  IND2D2                    ZN  
                  IND2D2                    B1  
                  IND2D2                    A1  
                  IND2D4                    ZN  
                  IND2D4                    B1  
                  IND2D4                    A1  
                  IND3D0                    ZN  
                  IND3D0                    B2  
                  IND3D0                    B1  
                  IND3D0                    A1  
                  IND3D1                    ZN  
                  IND3D1                    B2  
                  IND3D1                    B1  
                  IND3D1                    A1  
                  IND3D2                    ZN  
                  IND3D2                    B2  
                  IND3D2                    B1  
                  IND3D2                    A1  
                  IND3D4                    ZN  
                  IND3D4                    B2  
                  IND3D4                    B1  
                  IND3D4                    A1  
                  IND4D0                    ZN  
                  IND4D0                    B3  
                  IND4D0                    B2  
                  IND4D0                    B1  
                  IND4D0                    A1  
                  IND4D1                    ZN  
                  IND4D1                    B3  
                  IND4D1                    B2  
                  IND4D1                    B1  
                  IND4D1                    A1  
                  IND4D2                    ZN  
                  IND4D2                    B3  
                  IND4D2                    B2  
                  IND4D2                    B1  
                  IND4D2                    A1  
                  IND4D4                    ZN  
                  IND4D4                    B3  
                  IND4D4                    B2  
                  IND4D4                    B1  
                  IND4D4                    A1  
                  INR2D0                    ZN  
                  INR2D0                    B1  
                  INR2D0                    A1  
                  INR2D1                    ZN  
                  INR2D1                    B1  
                  INR2D1                    A1  
                  INR2D2                    ZN  
                  INR2D2                    B1  
                  INR2D2                    A1  
                  INR2D4                    ZN  
                  INR2D4                    B1  
                  INR2D4                    A1  
                 INR2XD0                    ZN  
                 INR2XD0                    B1  
                 INR2XD0                    A1  
                 INR2XD1                    ZN  
                 INR2XD1                    B1  
                 INR2XD1                    A1  
                 INR2XD2                    ZN  
                 INR2XD2                    B1  
                 INR2XD2                    A1  
                 INR2XD4                    ZN  
                 INR2XD4                    B1  
                 INR2XD4                    A1  
                  INR3D0                    ZN  
                  INR3D0                    B2  
                  INR3D0                    B1  
                  INR3D0                    A1  
                  INR3D1                    ZN  
                  INR3D1                    B2  
                  INR3D1                    B1  
                  INR3D1                    A1  
                  INR3D2                    ZN  
                  INR3D2                    B2  
                  INR3D2                    B1  
                  INR3D2                    A1  
                  INR3D4                    ZN  
                  INR3D4                    B2  
                  INR3D4                    B1  
                  INR3D4                    A1  
                  INR4D0                    ZN  
                  INR4D0                    B3  
                  INR4D0                    B2  
                  INR4D0                    B1  
                  INR4D0                    A1  
                  INR4D1                    ZN  
                  INR4D1                    B3  
                  INR4D1                    B2  
                  INR4D1                    B1  
                  INR4D1                    A1  
                  INR4D2                    ZN  
                  INR4D2                    B3  
                  INR4D2                    B2  
                  INR4D2                    B1  
                  INR4D2                    A1  
                  INR4D4                    ZN  
                  INR4D4                    B3  
                  INR4D4                    B2  
                  INR4D4                    B1  
                  INR4D4                    A1  
                   INVD0                    ZN  
                   INVD0                     I  
                   INVD1                    ZN  
                   INVD1                     I  
                  INVD12                    ZN  
                  INVD12                     I  
                  INVD16                    ZN  
                  INVD16                     I  
                   INVD2                    ZN  
                   INVD2                     I  
                  INVD20                    ZN  
                  INVD20                     I  
                  INVD24                    ZN  
                  INVD24                     I  
                   INVD3                    ZN  
                   INVD3                     I  
                   INVD4                    ZN  
                   INVD4                     I  
                   INVD6                    ZN  
                   INVD6                     I  
                   INVD8                    ZN  
                   INVD8                     I  
                 IOA21D0                    ZN  
                 IOA21D0                     B  
                 IOA21D0                    A2  
                 IOA21D0                    A1  
                 IOA21D1                    ZN  
                 IOA21D1                     B  
                 IOA21D1                    A2  
                 IOA21D1                    A1  
                 IOA21D2                    ZN  
                 IOA21D2                     B  
                 IOA21D2                    A2  
                 IOA21D2                    A1  
                 IOA21D4                    ZN  
                 IOA21D4                     B  
                 IOA21D4                    A2  
                 IOA21D4                    A1  
                 IOA22D0                    ZN  
                 IOA22D0                    B2  
                 IOA22D0                    B1  
                 IOA22D0                    A2  
                 IOA22D0                    A1  
                 IOA22D1                    ZN  
                 IOA22D1                    B2  
                 IOA22D1                    B1  
                 IOA22D1                    A2  
                 IOA22D1                    A1  
                 IOA22D2                    ZN  
                 IOA22D2                    B2  
                 IOA22D2                    B1  
                 IOA22D2                    A2  
                 IOA22D2                    A1  
                 IOA22D4                    ZN  
                 IOA22D4                    B2  
                 IOA22D4                    B1  
                 IOA22D4                    A2  
                 IOA22D4                    A1  
                 ISOHID1                     I  
                 ISOHID1                   ISO  
                 ISOHID1                     Z  
                 ISOHID2                     I  
                 ISOHID2                   ISO  
                 ISOHID2                     Z  
                 ISOHID4                     I  
                 ISOHID4                   ISO  
                 ISOHID4                     Z  
                 ISOHID8                     I  
                 ISOHID8                   ISO  
                 ISOHID8                     Z  
                 ISOLOD1                     I  
                 ISOLOD1                   ISO  
                 ISOLOD1                     Z  
                 ISOLOD2                     I  
                 ISOLOD2                   ISO  
                 ISOLOD2                     Z  
                 ISOLOD4                     I  
                 ISOLOD4                   ISO  
                 ISOLOD4                     Z  
                 ISOLOD8                     I  
                 ISOLOD8                   ISO  
                 ISOLOD8                     Z  
                  LHCND1                    QN  
                  LHCND1                     Q  
                  LHCND1                     E  
                  LHCND1                     D  
                  LHCND1                   CDN  
                  LHCND2                    QN  
                  LHCND2                     Q  
                  LHCND2                     E  
                  LHCND2                     D  
                  LHCND2                   CDN  
                  LHCND4                    QN  
                  LHCND4                     Q  
                  LHCND4                     E  
                  LHCND4                     D  
                  LHCND4                   CDN  
                 LHCNDD1                    QN  
                 LHCNDD1                     Q  
                 LHCNDD1                     E  
                 LHCNDD1                     D  
                 LHCNDD1                   CDN  
                 LHCNDD2                    QN  
                 LHCNDD2                     Q  
                 LHCNDD2                     E  
                 LHCNDD2                     D  
                 LHCNDD2                   CDN  
                 LHCNDD4                    QN  
                 LHCNDD4                     Q  
                 LHCNDD4                     E  
                 LHCNDD4                     D  
                 LHCNDD4                   CDN  
                LHCNDQD1                     Q  
                LHCNDQD1                     E  
                LHCNDQD1                     D  
                LHCNDQD1                   CDN  
                LHCNDQD2                     Q  
                LHCNDQD2                     E  
                LHCNDQD2                     D  
                LHCNDQD2                   CDN  
                LHCNDQD4                     Q  
                LHCNDQD4                     E  
                LHCNDQD4                     D  
                LHCNDQD4                   CDN  
                 LHCNQD1                     Q  
                 LHCNQD1                     E  
                 LHCNQD1                     D  
                 LHCNQD1                   CDN  
                 LHCNQD2                     Q  
                 LHCNQD2                     E  
                 LHCNQD2                     D  
                 LHCNQD2                   CDN  
                 LHCNQD4                     Q  
                 LHCNQD4                     E  
                 LHCNQD4                     D  
                 LHCNQD4                   CDN  
                 LHCSND1                   SDN  
                 LHCSND1                    QN  
                 LHCSND1                     Q  
                 LHCSND1                     E  
                 LHCSND1                     D  
                 LHCSND1                   CDN  
                 LHCSND2                   SDN  
                 LHCSND2                    QN  
                 LHCSND2                     Q  
                 LHCSND2                     E  
                 LHCSND2                     D  
                 LHCSND2                   CDN  
                 LHCSND4                   SDN  
                 LHCSND4                    QN  
                 LHCSND4                     Q  
                 LHCSND4                     E  
                 LHCSND4                     D  
                 LHCSND4                   CDN  
                LHCSNDD1                   SDN  
                LHCSNDD1                    QN  
                LHCSNDD1                     Q  
                LHCSNDD1                     E  
                LHCSNDD1                     D  
                LHCSNDD1                   CDN  
                LHCSNDD2                   SDN  
                LHCSNDD2                    QN  
                LHCSNDD2                     Q  
                LHCSNDD2                     E  
                LHCSNDD2                     D  
                LHCSNDD2                   CDN  
                LHCSNDD4                   SDN  
                LHCSNDD4                    QN  
                LHCSNDD4                     Q  
                LHCSNDD4                     E  
                LHCSNDD4                     D  
                LHCSNDD4                   CDN  
               LHCSNDQD1                   SDN  
               LHCSNDQD1                     Q  
               LHCSNDQD1                     E  
               LHCSNDQD1                     D  
               LHCSNDQD1                   CDN  
               LHCSNDQD2                   SDN  
               LHCSNDQD2                     Q  
               LHCSNDQD2                     E  
               LHCSNDQD2                     D  
               LHCSNDQD2                   CDN  
               LHCSNDQD4                   SDN  
               LHCSNDQD4                     Q  
               LHCSNDQD4                     E  
               LHCSNDQD4                     D  
               LHCSNDQD4                   CDN  
                LHCSNQD1                   SDN  
                LHCSNQD1                     Q  
                LHCSNQD1                     E  
                LHCSNQD1                     D  
                LHCSNQD1                   CDN  
                LHCSNQD2                   SDN  
                LHCSNQD2                     Q  
                LHCSNQD2                     E  
                LHCSNQD2                     D  
                LHCSNQD2                   CDN  
                LHCSNQD4                   SDN  
                LHCSNQD4                     Q  
                LHCSNQD4                     E  
                LHCSNQD4                     D  
                LHCSNQD4                   CDN  
                    LHD1                    QN  
                    LHD1                     Q  
                    LHD1                     E  
                    LHD1                     D  
                    LHD2                    QN  
                    LHD2                     Q  
                    LHD2                     E  
                    LHD2                     D  
                    LHD4                    QN  
                    LHD4                     Q  
                    LHD4                     E  
                    LHD4                     D  
                   LHQD1                     Q  
                   LHQD1                     E  
                   LHQD1                     D  
                   LHQD2                     Q  
                   LHQD2                     E  
                   LHQD2                     D  
                   LHQD4                     Q  
                   LHQD4                     E  
                   LHQD4                     D  
                  LHSND1                   SDN  
                  LHSND1                    QN  
                  LHSND1                     Q  
                  LHSND1                     E  
                  LHSND1                     D  
                  LHSND2                   SDN  
                  LHSND2                    QN  
                  LHSND2                     Q  
                  LHSND2                     E  
                  LHSND2                     D  
                  LHSND4                   SDN  
                  LHSND4                    QN  
                  LHSND4                     Q  
                  LHSND4                     E  
                  LHSND4                     D  
                 LHSNDD1                   SDN  
                 LHSNDD1                    QN  
                 LHSNDD1                     Q  
                 LHSNDD1                     E  
                 LHSNDD1                     D  
                 LHSNDD2                   SDN  
                 LHSNDD2                    QN  
                 LHSNDD2                     Q  
                 LHSNDD2                     E  
                 LHSNDD2                     D  
                 LHSNDD4                   SDN  
                 LHSNDD4                    QN  
                 LHSNDD4                     Q  
                 LHSNDD4                     E  
                 LHSNDD4                     D  
                LHSNDQD1                   SDN  
                LHSNDQD1                     Q  
                LHSNDQD1                     E  
                LHSNDQD1                     D  
                LHSNDQD2                   SDN  
                LHSNDQD2                     Q  
                LHSNDQD2                     E  
                LHSNDQD2                     D  
                LHSNDQD4                   SDN  
                LHSNDQD4                     Q  
                LHSNDQD4                     E  
                LHSNDQD4                     D  
                 LHSNQD1                   SDN  
                 LHSNQD1                     Q  
                 LHSNQD1                     E  
                 LHSNQD1                     D  
                 LHSNQD2                   SDN  
                 LHSNQD2                     Q  
                 LHSNQD2                     E  
                 LHSNQD2                     D  
                 LHSNQD4                   SDN  
                 LHSNQD4                     Q  
                 LHSNQD4                     E  
                 LHSNQD4                     D  
                  LNCND1                    QN  
                  LNCND1                     Q  
                  LNCND1                    EN  
                  LNCND1                     D  
                  LNCND1                   CDN  
                  LNCND2                    QN  
                  LNCND2                     Q  
                  LNCND2                    EN  
                  LNCND2                     D  
                  LNCND2                   CDN  
                  LNCND4                    QN  
                  LNCND4                     Q  
                  LNCND4                    EN  
                  LNCND4                     D  
                  LNCND4                   CDN  
                 LNCNDD1                    QN  
                 LNCNDD1                     Q  
                 LNCNDD1                    EN  
                 LNCNDD1                     D  
                 LNCNDD1                   CDN  
                 LNCNDD2                    QN  
                 LNCNDD2                     Q  
                 LNCNDD2                    EN  
                 LNCNDD2                     D  
                 LNCNDD2                   CDN  
                 LNCNDD4                    QN  
                 LNCNDD4                     Q  
                 LNCNDD4                    EN  
                 LNCNDD4                     D  
                 LNCNDD4                   CDN  
                LNCNDQD1                     Q  
                LNCNDQD1                    EN  
                LNCNDQD1                     D  
                LNCNDQD1                   CDN  
                LNCNDQD2                     Q  
                LNCNDQD2                    EN  
                LNCNDQD2                     D  
                LNCNDQD2                   CDN  
                LNCNDQD4                     Q  
                LNCNDQD4                    EN  
                LNCNDQD4                     D  
                LNCNDQD4                   CDN  
                 LNCNQD1                     Q  
                 LNCNQD1                    EN  
                 LNCNQD1                     D  
                 LNCNQD1                   CDN  
                 LNCNQD2                     Q  
                 LNCNQD2                    EN  
                 LNCNQD2                     D  
                 LNCNQD2                   CDN  
                 LNCNQD4                     Q  
                 LNCNQD4                    EN  
                 LNCNQD4                     D  
                 LNCNQD4                   CDN  
                 LNCSND1                   SDN  
                 LNCSND1                    QN  
                 LNCSND1                     Q  
                 LNCSND1                    EN  
                 LNCSND1                     D  
                 LNCSND1                   CDN  
                 LNCSND2                   SDN  
                 LNCSND2                    QN  
                 LNCSND2                     Q  
                 LNCSND2                    EN  
                 LNCSND2                     D  
                 LNCSND2                   CDN  
                 LNCSND4                   SDN  
                 LNCSND4                    QN  
                 LNCSND4                     Q  
                 LNCSND4                    EN  
                 LNCSND4                     D  
                 LNCSND4                   CDN  
                LNCSNDD1                   SDN  
                LNCSNDD1                    QN  
                LNCSNDD1                     Q  
                LNCSNDD1                    EN  
                LNCSNDD1                     D  
                LNCSNDD1                   CDN  
                LNCSNDD2                   SDN  
                LNCSNDD2                    QN  
                LNCSNDD2                     Q  
                LNCSNDD2                    EN  
                LNCSNDD2                     D  
                LNCSNDD2                   CDN  
                LNCSNDD4                   SDN  
                LNCSNDD4                    QN  
                LNCSNDD4                     Q  
                LNCSNDD4                    EN  
                LNCSNDD4                     D  
                LNCSNDD4                   CDN  
               LNCSNDQD1                   SDN  
               LNCSNDQD1                     Q  
               LNCSNDQD1                    EN  
               LNCSNDQD1                     D  
               LNCSNDQD1                   CDN  
               LNCSNDQD2                   SDN  
               LNCSNDQD2                     Q  
               LNCSNDQD2                    EN  
               LNCSNDQD2                     D  
               LNCSNDQD2                   CDN  
               LNCSNDQD4                   SDN  
               LNCSNDQD4                     Q  
               LNCSNDQD4                    EN  
               LNCSNDQD4                     D  
               LNCSNDQD4                   CDN  
                LNCSNQD1                   SDN  
                LNCSNQD1                     Q  
                LNCSNQD1                    EN  
                LNCSNQD1                     D  
                LNCSNQD1                   CDN  
                LNCSNQD2                   SDN  
                LNCSNQD2                     Q  
                LNCSNQD2                    EN  
                LNCSNQD2                     D  
                LNCSNQD2                   CDN  
                LNCSNQD4                   SDN  
                LNCSNQD4                     Q  
                LNCSNQD4                    EN  
                LNCSNQD4                     D  
                LNCSNQD4                   CDN  
                    LND1                    QN  
                    LND1                     Q  
                    LND1                    EN  
                    LND1                     D  
                    LND2                    QN  
                    LND2                     Q  
                    LND2                    EN  
                    LND2                     D  
                    LND4                    QN  
                    LND4                     Q  
                    LND4                    EN  
                    LND4                     D  
                   LNQD1                     Q  
                   LNQD1                    EN  
                   LNQD1                     D  
                   LNQD2                     Q  
                   LNQD2                    EN  
                   LNQD2                     D  
                   LNQD4                     Q  
                   LNQD4                    EN  
                   LNQD4                     D  
                  LNSND1                   SDN  
                  LNSND1                    QN  
                  LNSND1                     Q  
                  LNSND1                    EN  
                  LNSND1                     D  
                  LNSND2                   SDN  
                  LNSND2                    QN  
                  LNSND2                     Q  
                  LNSND2                    EN  
                  LNSND2                     D  
                  LNSND4                   SDN  
                  LNSND4                    QN  
                  LNSND4                     Q  
                  LNSND4                    EN  
                  LNSND4                     D  
                 LNSNDD1                   SDN  
                 LNSNDD1                    QN  
                 LNSNDD1                     Q  
                 LNSNDD1                    EN  
                 LNSNDD1                     D  
                 LNSNDD2                   SDN  
                 LNSNDD2                    QN  
                 LNSNDD2                     Q  
                 LNSNDD2                    EN  
                 LNSNDD2                     D  
                 LNSNDD4                   SDN  
                 LNSNDD4                    QN  
                 LNSNDD4                     Q  
                 LNSNDD4                    EN  
                 LNSNDD4                     D  
                LNSNDQD1                   SDN  
                LNSNDQD1                     Q  
                LNSNDQD1                    EN  
                LNSNDQD1                     D  
                LNSNDQD2                   SDN  
                LNSNDQD2                     Q  
                LNSNDQD2                    EN  
                LNSNDQD2                     D  
                LNSNDQD4                   SDN  
                LNSNDQD4                     Q  
                LNSNDQD4                    EN  
                LNSNDQD4                     D  
                 LNSNQD1                   SDN  
                 LNSNQD1                     Q  
                 LNSNQD1                    EN  
                 LNSNQD1                     D  
                 LNSNQD2                   SDN  
                 LNSNQD2                     Q  
                 LNSNQD2                    EN  
                 LNSNQD2                     D  
                 LNSNQD4                   SDN  
                 LNSNQD4                     Q  
                 LNSNQD4                    EN  
                 LNSNQD4                     D  
                 LVLHLD1                     I  
                 LVLHLD1                     Z  
                 LVLHLD2                     I  
                 LVLHLD2                     Z  
                 LVLHLD4                     I  
                 LVLHLD4                     Z  
                 LVLHLD8                     I  
                 LVLHLD8                     Z  
                LVLLHCD1                     I  
                LVLLHCD1                NSLEEP  
                LVLLHCD1                     Z  
                LVLLHCD2                     I  
                LVLLHCD2                NSLEEP  
                LVLLHCD2                     Z  
                LVLLHCD4                     I  
                LVLLHCD4                NSLEEP  
                LVLLHCD4                     Z  
                LVLLHCD8                     I  
                LVLLHCD8                NSLEEP  
                LVLLHCD8                     Z  
                 LVLLHD1                     I  
                 LVLLHD1                     Z  
                 LVLLHD2                     I  
                 LVLLHD2                     Z  
                 LVLLHD4                     I  
                 LVLLHD4                     Z  
                 LVLLHD8                     I  
                 LVLLHD8                     Z  
               MAOI222D0                    ZN  
               MAOI222D0                     C  
               MAOI222D0                     B  
               MAOI222D0                     A  
               MAOI222D1                    ZN  
               MAOI222D1                     C  
               MAOI222D1                     B  
               MAOI222D1                     A  
               MAOI222D2                    ZN  
               MAOI222D2                     C  
               MAOI222D2                     B  
               MAOI222D2                     A  
               MAOI222D4                    ZN  
               MAOI222D4                     C  
               MAOI222D4                     B  
               MAOI222D4                     A  
                MAOI22D0                    ZN  
                MAOI22D0                    B2  
                MAOI22D0                    B1  
                MAOI22D0                    A2  
                MAOI22D0                    A1  
                MAOI22D1                    ZN  
                MAOI22D1                    B2  
                MAOI22D1                    B1  
                MAOI22D1                    A2  
                MAOI22D1                    A1  
                MAOI22D2                    ZN  
                MAOI22D2                    B2  
                MAOI22D2                    B1  
                MAOI22D2                    A2  
                MAOI22D2                    A1  
                MAOI22D4                    ZN  
                MAOI22D4                    B2  
                MAOI22D4                    B1  
                MAOI22D4                    A2  
                MAOI22D4                    A1  
                MOAI22D0                    ZN  
                MOAI22D0                    B2  
                MOAI22D0                    B1  
                MOAI22D0                    A2  
                MOAI22D0                    A1  
                MOAI22D1                    ZN  
                MOAI22D1                    B2  
                MOAI22D1                    B1  
                MOAI22D1                    A2  
                MOAI22D1                    A1  
                MOAI22D2                    ZN  
                MOAI22D2                    B2  
                MOAI22D2                    B1  
                MOAI22D2                    A2  
                MOAI22D2                    A1  
                MOAI22D4                    ZN  
                MOAI22D4                    B2  
                MOAI22D4                    B1  
                MOAI22D4                    A2  
                MOAI22D4                    A1  
                  MUX2D0                     Z  
                  MUX2D0                     S  
                  MUX2D0                    I1  
                  MUX2D0                    I0  
                  MUX2D1                     Z  
                  MUX2D1                     S  
                  MUX2D1                    I1  
                  MUX2D1                    I0  
                  MUX2D2                     Z  
                  MUX2D2                     S  
                  MUX2D2                    I1  
                  MUX2D2                    I0  
                  MUX2D4                     Z  
                  MUX2D4                     S  
                  MUX2D4                    I1  
                  MUX2D4                    I0  
                 MUX2ND0                    ZN  
                 MUX2ND0                     S  
                 MUX2ND0                    I1  
                 MUX2ND0                    I0  
                 MUX2ND1                    ZN  
                 MUX2ND1                     S  
                 MUX2ND1                    I1  
                 MUX2ND1                    I0  
                 MUX2ND2                    ZN  
                 MUX2ND2                     S  
                 MUX2ND2                    I1  
                 MUX2ND2                    I0  
                 MUX2ND4                    ZN  
                 MUX2ND4                     S  
                 MUX2ND4                    I1  
                 MUX2ND4                    I0  
                  MUX3D0                     Z  
                  MUX3D0                    S1  
                  MUX3D0                    S0  
                  MUX3D0                    I2  
                  MUX3D0                    I1  
                  MUX3D0                    I0  
                  MUX3D1                     Z  
                  MUX3D1                    S1  
                  MUX3D1                    S0  
                  MUX3D1                    I2  
                  MUX3D1                    I1  
                  MUX3D1                    I0  
                  MUX3D2                     Z  
                  MUX3D2                    S1  
                  MUX3D2                    S0  
                  MUX3D2                    I2  
                  MUX3D2                    I1  
                  MUX3D2                    I0  
                  MUX3D4                     Z  
                  MUX3D4                    S1  
                  MUX3D4                    S0  
                  MUX3D4                    I2  
                  MUX3D4                    I1  
                  MUX3D4                    I0  
                 MUX3ND0                    ZN  
                 MUX3ND0                    S1  
                 MUX3ND0                    S0  
                 MUX3ND0                    I2  
                 MUX3ND0                    I1  
                 MUX3ND0                    I0  
                 MUX3ND1                    ZN  
                 MUX3ND1                    S1  
                 MUX3ND1                    S0  
                 MUX3ND1                    I2  
                 MUX3ND1                    I1  
                 MUX3ND1                    I0  
                 MUX3ND2                    ZN  
                 MUX3ND2                    S1  
                 MUX3ND2                    S0  
                 MUX3ND2                    I2  
                 MUX3ND2                    I1  
                 MUX3ND2                    I0  
                 MUX3ND4                    ZN  
                 MUX3ND4                    S1  
                 MUX3ND4                    S0  
                 MUX3ND4                    I2  
                 MUX3ND4                    I1  
                 MUX3ND4                    I0  
                  MUX4D0                     Z  
                  MUX4D0                    S1  
                  MUX4D0                    S0  
                  MUX4D0                    I3  
                  MUX4D0                    I2  
                  MUX4D0                    I1  
                  MUX4D0                    I0  
                  MUX4D1                     Z  
                  MUX4D1                    S1  
                  MUX4D1                    S0  
                  MUX4D1                    I3  
                  MUX4D1                    I2  
                  MUX4D1                    I1  
                  MUX4D1                    I0  
                  MUX4D2                     Z  
                  MUX4D2                    S1  
                  MUX4D2                    S0  
                  MUX4D2                    I3  
                  MUX4D2                    I2  
                  MUX4D2                    I1  
                  MUX4D2                    I0  
                  MUX4D4                     Z  
                  MUX4D4                    S1  
                  MUX4D4                    S0  
                  MUX4D4                    I3  
                  MUX4D4                    I2  
                  MUX4D4                    I1  
                  MUX4D4                    I0  
                 MUX4ND0                    ZN  
                 MUX4ND0                    S1  
                 MUX4ND0                    S0  
                 MUX4ND0                    I3  
                 MUX4ND0                    I2  
                 MUX4ND0                    I1  
                 MUX4ND0                    I0  
                 MUX4ND1                    ZN  
                 MUX4ND1                    S1  
                 MUX4ND1                    S0  
                 MUX4ND1                    I3  
                 MUX4ND1                    I2  
                 MUX4ND1                    I1  
                 MUX4ND1                    I0  
                 MUX4ND2                    ZN  
                 MUX4ND2                    S1  
                 MUX4ND2                    S0  
                 MUX4ND2                    I3  
                 MUX4ND2                    I2  
                 MUX4ND2                    I1  
                 MUX4ND2                    I0  
                 MUX4ND4                    ZN  
                 MUX4ND4                    S1  
                 MUX4ND4                    S0  
                 MUX4ND4                    I3  
                 MUX4ND4                    I2  
                 MUX4ND4                    I1  
                 MUX4ND4                    I0  
                   ND2D0                    ZN  
                   ND2D0                    A2  
                   ND2D0                    A1  
                   ND2D1                    ZN  
                   ND2D1                    A2  
                   ND2D1                    A1  
                   ND2D2                    ZN  
                   ND2D2                    A2  
                   ND2D2                    A1  
                   ND2D3                    ZN  
                   ND2D3                    A2  
                   ND2D3                    A1  
                   ND2D4                    ZN  
                   ND2D4                    A2  
                   ND2D4                    A1  
                   ND2D8                    ZN  
                   ND2D8                    A2  
                   ND2D8                    A1  
                   ND3D0                    ZN  
                   ND3D0                    A3  
                   ND3D0                    A2  
                   ND3D0                    A1  
                   ND3D1                    ZN  
                   ND3D1                    A3  
                   ND3D1                    A2  
                   ND3D1                    A1  
                   ND3D2                    ZN  
                   ND3D2                    A3  
                   ND3D2                    A2  
                   ND3D2                    A1  
                   ND3D3                    ZN  
                   ND3D3                    A3  
                   ND3D3                    A2  
                   ND3D3                    A1  
                   ND3D4                    ZN  
                   ND3D4                    A3  
                   ND3D4                    A2  
                   ND3D4                    A1  
                   ND3D8                    ZN  
                   ND3D8                    A3  
                   ND3D8                    A2  
                   ND3D8                    A1  
                   ND4D0                    ZN  
                   ND4D0                    A4  
                   ND4D0                    A3  
                   ND4D0                    A2  
                   ND4D0                    A1  
                   ND4D1                    ZN  
                   ND4D1                    A4  
                   ND4D1                    A3  
                   ND4D1                    A2  
                   ND4D1                    A1  
                   ND4D2                    ZN  
                   ND4D2                    A4  
                   ND4D2                    A3  
                   ND4D2                    A2  
                   ND4D2                    A1  
                   ND4D3                    ZN  
                   ND4D3                    A4  
                   ND4D3                    A3  
                   ND4D3                    A2  
                   ND4D3                    A1  
                   ND4D4                    ZN  
                   ND4D4                    A4  
                   ND4D4                    A3  
                   ND4D4                    A2  
                   ND4D4                    A1  
                   ND4D8                    ZN  
                   ND4D8                    A4  
                   ND4D8                    A3  
                   ND4D8                    A2  
                   ND4D8                    A1  
                   NR2D0                    ZN  
                   NR2D0                    A2  
                   NR2D0                    A1  
                   NR2D1                    ZN  
                   NR2D1                    A2  
                   NR2D1                    A1  
                   NR2D2                    ZN  
                   NR2D2                    A2  
                   NR2D2                    A1  
                   NR2D3                    ZN  
                   NR2D3                    A2  
                   NR2D3                    A1  
                   NR2D4                    ZN  
                   NR2D4                    A2  
                   NR2D4                    A1  
                   NR2D8                    ZN  
                   NR2D8                    A2  
                   NR2D8                    A1  
                  NR2XD0                    ZN  
                  NR2XD0                    A2  
                  NR2XD0                    A1  
                  NR2XD1                    ZN  
                  NR2XD1                    A2  
                  NR2XD1                    A1  
                  NR2XD2                    ZN  
                  NR2XD2                    A2  
                  NR2XD2                    A1  
                  NR2XD3                    ZN  
                  NR2XD3                    A2  
                  NR2XD3                    A1  
                  NR2XD4                    ZN  
                  NR2XD4                    A2  
                  NR2XD4                    A1  
                  NR2XD8                    ZN  
                  NR2XD8                    A2  
                  NR2XD8                    A1  
                   NR3D0                    ZN  
                   NR3D0                    A3  
                   NR3D0                    A2  
                   NR3D0                    A1  
                   NR3D1                    ZN  
                   NR3D1                    A3  
                   NR3D1                    A2  
                   NR3D1                    A1  
                   NR3D2                    ZN  
                   NR3D2                    A3  
                   NR3D2                    A2  
                   NR3D2                    A1  
                   NR3D3                    ZN  
                   NR3D3                    A3  
                   NR3D3                    A2  
                   NR3D3                    A1  
                   NR3D4                    ZN  
                   NR3D4                    A3  
                   NR3D4                    A2  
                   NR3D4                    A1  
                   NR3D8                    ZN  
                   NR3D8                    A3  
                   NR3D8                    A2  
                   NR3D8                    A1  
                   NR4D0                    ZN  
                   NR4D0                    A4  
                   NR4D0                    A3  
                   NR4D0                    A2  
                   NR4D0                    A1  
                   NR4D1                    ZN  
                   NR4D1                    A4  
                   NR4D1                    A3  
                   NR4D1                    A2  
                   NR4D1                    A1  
                   NR4D2                    ZN  
                   NR4D2                    A4  
                   NR4D2                    A3  
                   NR4D2                    A2  
                   NR4D2                    A1  
                   NR4D3                    ZN  
                   NR4D3                    A4  
                   NR4D3                    A3  
                   NR4D3                    A2  
                   NR4D3                    A1  
                   NR4D4                    ZN  
                   NR4D4                    A4  
                   NR4D4                    A3  
                   NR4D4                    A2  
                   NR4D4                    A1  
                   NR4D8                    ZN  
                   NR4D8                    A4  
                   NR4D8                    A3  
                   NR4D8                    A2  
                   NR4D8                    A1  
                 OA211D0                     Z  
                 OA211D0                     C  
                 OA211D0                     B  
                 OA211D0                    A2  
                 OA211D0                    A1  
                 OA211D1                     Z  
                 OA211D1                     C  
                 OA211D1                     B  
                 OA211D1                    A2  
                 OA211D1                    A1  
                 OA211D2                     Z  
                 OA211D2                     C  
                 OA211D2                     B  
                 OA211D2                    A2  
                 OA211D2                    A1  
                 OA211D4                     Z  
                 OA211D4                     C  
                 OA211D4                     B  
                 OA211D4                    A2  
                 OA211D4                    A1  
                  OA21D0                     Z  
                  OA21D0                     B  
                  OA21D0                    A2  
                  OA21D0                    A1  
                  OA21D1                     Z  
                  OA21D1                     B  
                  OA21D1                    A2  
                  OA21D1                    A1  
                  OA21D2                     Z  
                  OA21D2                     B  
                  OA21D2                    A2  
                  OA21D2                    A1  
                  OA21D4                     Z  
                  OA21D4                     B  
                  OA21D4                    A2  
                  OA21D4                    A1  
                 OA221D0                     Z  
                 OA221D0                     C  
                 OA221D0                    B2  
                 OA221D0                    B1  
                 OA221D0                    A2  
                 OA221D0                    A1  
                 OA221D1                     Z  
                 OA221D1                     C  
                 OA221D1                    B2  
                 OA221D1                    B1  
                 OA221D1                    A2  
                 OA221D1                    A1  
                 OA221D2                     Z  
                 OA221D2                     C  
                 OA221D2                    B2  
                 OA221D2                    B1  
                 OA221D2                    A2  
                 OA221D2                    A1  
                 OA221D4                     Z  
                 OA221D4                     C  
                 OA221D4                    B2  
                 OA221D4                    B1  
                 OA221D4                    A2  
                 OA221D4                    A1  
                 OA222D0                     Z  
                 OA222D0                    C2  
                 OA222D0                    C1  
                 OA222D0                    B2  
                 OA222D0                    B1  
                 OA222D0                    A2  
                 OA222D0                    A1  
                 OA222D1                     Z  
                 OA222D1                    C2  
                 OA222D1                    C1  
                 OA222D1                    B2  
                 OA222D1                    B1  
                 OA222D1                    A2  
                 OA222D1                    A1  
                 OA222D2                     Z  
                 OA222D2                    C2  
                 OA222D2                    C1  
                 OA222D2                    B2  
                 OA222D2                    B1  
                 OA222D2                    A2  
                 OA222D2                    A1  
                 OA222D4                     Z  
                 OA222D4                    C2  
                 OA222D4                    C1  
                 OA222D4                    B2  
                 OA222D4                    B1  
                 OA222D4                    A2  
                 OA222D4                    A1  
                  OA22D0                     Z  
                  OA22D0                    B2  
                  OA22D0                    B1  
                  OA22D0                    A2  
                  OA22D0                    A1  
                  OA22D1                     Z  
                  OA22D1                    B2  
                  OA22D1                    B1  
                  OA22D1                    A2  
                  OA22D1                    A1  
                  OA22D2                     Z  
                  OA22D2                    B2  
                  OA22D2                    B1  
                  OA22D2                    A2  
                  OA22D2                    A1  
                  OA22D4                     Z  
                  OA22D4                    B2  
                  OA22D4                    B1  
                  OA22D4                    A2  
                  OA22D4                    A1  
                  OA31D0                     Z  
                  OA31D0                     B  
                  OA31D0                    A3  
                  OA31D0                    A2  
                  OA31D0                    A1  
                  OA31D1                     Z  
                  OA31D1                     B  
                  OA31D1                    A3  
                  OA31D1                    A2  
                  OA31D1                    A1  
                  OA31D2                     Z  
                  OA31D2                     B  
                  OA31D2                    A3  
                  OA31D2                    A2  
                  OA31D2                    A1  
                  OA31D4                     Z  
                  OA31D4                     B  
                  OA31D4                    A3  
                  OA31D4                    A2  
                  OA31D4                    A1  
                  OA32D0                     Z  
                  OA32D0                    B2  
                  OA32D0                    B1  
                  OA32D0                    A3  
                  OA32D0                    A2  
                  OA32D0                    A1  
                  OA32D1                     Z  
                  OA32D1                    B2  
                  OA32D1                    B1  
                  OA32D1                    A3  
                  OA32D1                    A2  
                  OA32D1                    A1  
                  OA32D2                     Z  
                  OA32D2                    B2  
                  OA32D2                    B1  
                  OA32D2                    A3  
                  OA32D2                    A2  
                  OA32D2                    A1  
                  OA32D4                     Z  
                  OA32D4                    B2  
                  OA32D4                    B1  
                  OA32D4                    A3  
                  OA32D4                    A2  
                  OA32D4                    A1  
                  OA33D0                     Z  
                  OA33D0                    B3  
                  OA33D0                    B2  
                  OA33D0                    B1  
                  OA33D0                    A3  
                  OA33D0                    A2  
                  OA33D0                    A1  
                  OA33D1                     Z  
                  OA33D1                    B3  
                  OA33D1                    B2  
                  OA33D1                    B1  
                  OA33D1                    A3  
                  OA33D1                    A2  
                  OA33D1                    A1  
                  OA33D2                     Z  
                  OA33D2                    B3  
                  OA33D2                    B2  
                  OA33D2                    B1  
                  OA33D2                    A3  
                  OA33D2                    A2  
                  OA33D2                    A1  
                  OA33D4                     Z  
                  OA33D4                    B3  
                  OA33D4                    B2  
                  OA33D4                    B1  
                  OA33D4                    A3  
                  OA33D4                    A2  
                  OA33D4                    A1  
                OAI211D0                    ZN  
                OAI211D0                     C  
                OAI211D0                     B  
                OAI211D0                    A2  
                OAI211D0                    A1  
                OAI211D1                    ZN  
                OAI211D1                     C  
                OAI211D1                     B  
                OAI211D1                    A2  
                OAI211D1                    A1  
                OAI211D2                    ZN  
                OAI211D2                     C  
                OAI211D2                     B  
                OAI211D2                    A2  
                OAI211D2                    A1  
                OAI211D4                    ZN  
                OAI211D4                     C  
                OAI211D4                     B  
                OAI211D4                    A2  
                OAI211D4                    A1  
                 OAI21D0                    ZN  
                 OAI21D0                     B  
                 OAI21D0                    A2  
                 OAI21D0                    A1  
                 OAI21D1                    ZN  
                 OAI21D1                     B  
                 OAI21D1                    A2  
                 OAI21D1                    A1  
                 OAI21D2                    ZN  
                 OAI21D2                     B  
                 OAI21D2                    A2  
                 OAI21D2                    A1  
                 OAI21D4                    ZN  
                 OAI21D4                     B  
                 OAI21D4                    A2  
                 OAI21D4                    A1  
                OAI221D0                    ZN  
                OAI221D0                     C  
                OAI221D0                    B2  
                OAI221D0                    B1  
                OAI221D0                    A2  
                OAI221D0                    A1  
                OAI221D1                    ZN  
                OAI221D1                     C  
                OAI221D1                    B2  
                OAI221D1                    B1  
                OAI221D1                    A2  
                OAI221D1                    A1  
                OAI221D2                    ZN  
                OAI221D2                     C  
                OAI221D2                    B2  
                OAI221D2                    B1  
                OAI221D2                    A2  
                OAI221D2                    A1  
                OAI221D4                    ZN  
                OAI221D4                     C  
                OAI221D4                    B2  
                OAI221D4                    B1  
                OAI221D4                    A2  
                OAI221D4                    A1  
               OAI221XD4                    ZN  
               OAI221XD4                     C  
               OAI221XD4                    B2  
               OAI221XD4                    B1  
               OAI221XD4                    A2  
               OAI221XD4                    A1  
                OAI222D0                    ZN  
                OAI222D0                    C2  
                OAI222D0                    C1  
                OAI222D0                    B2  
                OAI222D0                    B1  
                OAI222D0                    A2  
                OAI222D0                    A1  
                OAI222D1                    ZN  
                OAI222D1                    C2  
                OAI222D1                    C1  
                OAI222D1                    B2  
                OAI222D1                    B1  
                OAI222D1                    A2  
                OAI222D1                    A1  
                OAI222D2                    ZN  
                OAI222D2                    C2  
                OAI222D2                    C1  
                OAI222D2                    B2  
                OAI222D2                    B1  
                OAI222D2                    A2  
                OAI222D2                    A1  
                OAI222D4                    ZN  
                OAI222D4                    C2  
                OAI222D4                    C1  
                OAI222D4                    B2  
                OAI222D4                    B1  
                OAI222D4                    A2  
                OAI222D4                    A1  
               OAI222XD4                    ZN  
               OAI222XD4                    C2  
               OAI222XD4                    C1  
               OAI222XD4                    B2  
               OAI222XD4                    B1  
               OAI222XD4                    A2  
               OAI222XD4                    A1  
                 OAI22D0                    ZN  
                 OAI22D0                    B2  
                 OAI22D0                    B1  
                 OAI22D0                    A2  
                 OAI22D0                    A1  
                 OAI22D1                    ZN  
                 OAI22D1                    B2  
                 OAI22D1                    B1  
                 OAI22D1                    A2  
                 OAI22D1                    A1  
                 OAI22D2                    ZN  
                 OAI22D2                    B2  
                 OAI22D2                    B1  
                 OAI22D2                    A2  
                 OAI22D2                    A1  
                 OAI22D4                    ZN  
                 OAI22D4                    B2  
                 OAI22D4                    B1  
                 OAI22D4                    A2  
                 OAI22D4                    A1  
                 OAI31D0                    ZN  
                 OAI31D0                     B  
                 OAI31D0                    A3  
                 OAI31D0                    A2  
                 OAI31D0                    A1  
                 OAI31D1                    ZN  
                 OAI31D1                     B  
                 OAI31D1                    A3  
                 OAI31D1                    A2  
                 OAI31D1                    A1  
                 OAI31D2                    ZN  
                 OAI31D2                     B  
                 OAI31D2                    A3  
                 OAI31D2                    A2  
                 OAI31D2                    A1  
                 OAI31D4                    ZN  
                 OAI31D4                     B  
                 OAI31D4                    A3  
                 OAI31D4                    A2  
                 OAI31D4                    A1  
                 OAI32D0                    ZN  
                 OAI32D0                    B2  
                 OAI32D0                    B1  
                 OAI32D0                    A3  
                 OAI32D0                    A2  
                 OAI32D0                    A1  
                 OAI32D1                    ZN  
                 OAI32D1                    B2  
                 OAI32D1                    B1  
                 OAI32D1                    A3  
                 OAI32D1                    A2  
                 OAI32D1                    A1  
                 OAI32D2                    ZN  
                 OAI32D2                    B2  
                 OAI32D2                    B1  
                 OAI32D2                    A3  
                 OAI32D2                    A2  
                 OAI32D2                    A1  
                 OAI32D4                    ZN  
                 OAI32D4                    B2  
                 OAI32D4                    B1  
                 OAI32D4                    A3  
                 OAI32D4                    A2  
                 OAI32D4                    A1  
                OAI32XD4                    ZN  
                OAI32XD4                    B2  
                OAI32XD4                    B1  
                OAI32XD4                    A3  
                OAI32XD4                    A2  
                OAI32XD4                    A1  
                 OAI33D0                    ZN  
                 OAI33D0                    B3  
                 OAI33D0                    B2  
                 OAI33D0                    B1  
                 OAI33D0                    A3  
                 OAI33D0                    A2  
                 OAI33D0                    A1  
                 OAI33D1                    ZN  
                 OAI33D1                    B3  
                 OAI33D1                    B2  
                 OAI33D1                    B1  
                 OAI33D1                    A3  
                 OAI33D1                    A2  
                 OAI33D1                    A1  
                 OAI33D2                    ZN  
                 OAI33D2                    B3  
                 OAI33D2                    B2  
                 OAI33D2                    B1  
                 OAI33D2                    A3  
                 OAI33D2                    A2  
                 OAI33D2                    A1  
                 OAI33D4                    ZN  
                 OAI33D4                    B3  
                 OAI33D4                    B2  
                 OAI33D4                    B1  
                 OAI33D4                    A3  
                 OAI33D4                    A2  
                 OAI33D4                    A1  
                OAI33XD4                    ZN  
                OAI33XD4                    B3  
                OAI33XD4                    B2  
                OAI33XD4                    B1  
                OAI33XD4                    A3  
                OAI33XD4                    A2  
                OAI33XD4                    A1  
                   OR2D0                     Z  
                   OR2D0                    A2  
                   OR2D0                    A1  
                   OR2D1                     Z  
                   OR2D1                    A2  
                   OR2D1                    A1  
                   OR2D2                     Z  
                   OR2D2                    A2  
                   OR2D2                    A1  
                   OR2D4                     Z  
                   OR2D4                    A2  
                   OR2D4                    A1  
                   OR2D8                     Z  
                   OR2D8                    A2  
                   OR2D8                    A1  
                  OR2XD1                     Z  
                  OR2XD1                    A2  
                  OR2XD1                    A1  
                   OR3D0                     Z  
                   OR3D0                    A3  
                   OR3D0                    A2  
                   OR3D0                    A1  
                   OR3D1                     Z  
                   OR3D1                    A3  
                   OR3D1                    A2  
                   OR3D1                    A1  
                   OR3D2                     Z  
                   OR3D2                    A3  
                   OR3D2                    A2  
                   OR3D2                    A1  
                   OR3D4                     Z  
                   OR3D4                    A3  
                   OR3D4                    A2  
                   OR3D4                    A1  
                   OR3D8                     Z  
                   OR3D8                    A3  
                   OR3D8                    A2  
                   OR3D8                    A1  
                  OR3XD1                     Z  
                  OR3XD1                    A3  
                  OR3XD1                    A2  
                  OR3XD1                    A1  
                   OR4D0                     Z  
                   OR4D0                    A4  
                   OR4D0                    A3  
                   OR4D0                    A2  
                   OR4D0                    A1  
                   OR4D1                     Z  
                   OR4D1                    A4  
                   OR4D1                    A3  
                   OR4D1                    A2  
                   OR4D1                    A1  
                   OR4D2                     Z  
                   OR4D2                    A4  
                   OR4D2                    A3  
                   OR4D2                    A2  
                   OR4D2                    A1  
                   OR4D4                     Z  
                   OR4D4                    A4  
                   OR4D4                    A3  
                   OR4D4                    A2  
                   OR4D4                    A1  
                   OR4D8                     Z  
                   OR4D8                    A4  
                   OR4D8                    A3  
                   OR4D8                    A2  
                   OR4D8                    A1  
                  OR4XD1                     Z  
                  OR4XD1                    A4  
                  OR4XD1                    A3  
                  OR4XD1                    A2  
                  OR4XD1                    A1  
                 SDFCND0                    SI  
                 SDFCND0                    SE  
                 SDFCND0                    QN  
                 SDFCND0                     Q  
                 SDFCND0                     D  
                 SDFCND0                    CP  
                 SDFCND0                   CDN  
                 SDFCND1                    SI  
                 SDFCND1                    SE  
                 SDFCND1                    QN  
                 SDFCND1                     Q  
                 SDFCND1                     D  
                 SDFCND1                    CP  
                 SDFCND1                   CDN  
                 SDFCND2                    SI  
                 SDFCND2                    SE  
                 SDFCND2                    QN  
                 SDFCND2                     Q  
                 SDFCND2                     D  
                 SDFCND2                    CP  
                 SDFCND2                   CDN  
                 SDFCND4                    SI  
                 SDFCND4                    SE  
                 SDFCND4                    QN  
                 SDFCND4                     Q  
                 SDFCND4                     D  
                 SDFCND4                    CP  
                 SDFCND4                   CDN  
                SDFCNQD0                    SI  
                SDFCNQD0                    SE  
                SDFCNQD0                     Q  
                SDFCNQD0                     D  
                SDFCNQD0                    CP  
                SDFCNQD0                   CDN  
                SDFCNQD1                    SI  
                SDFCNQD1                    SE  
                SDFCNQD1                     Q  
                SDFCNQD1                     D  
                SDFCNQD1                    CP  
                SDFCNQD1                   CDN  
                SDFCNQD2                    SI  
                SDFCNQD2                    SE  
                SDFCNQD2                     Q  
                SDFCNQD2                     D  
                SDFCNQD2                    CP  
                SDFCNQD2                   CDN  
                SDFCNQD4                    SI  
                SDFCNQD4                    SE  
                SDFCNQD4                     Q  
                SDFCNQD4                     D  
                SDFCNQD4                    CP  
                SDFCNQD4                   CDN  
                SDFCSND0                    SI  
                SDFCSND0                    SE  
                SDFCSND0                   SDN  
                SDFCSND0                    QN  
                SDFCSND0                     Q  
                SDFCSND0                     D  
                SDFCSND0                    CP  
                SDFCSND0                   CDN  
                SDFCSND1                    SI  
                SDFCSND1                    SE  
                SDFCSND1                   SDN  
                SDFCSND1                    QN  
                SDFCSND1                     Q  
                SDFCSND1                     D  
                SDFCSND1                    CP  
                SDFCSND1                   CDN  
                SDFCSND2                    SI  
                SDFCSND2                    SE  
                SDFCSND2                   SDN  
                SDFCSND2                    QN  
                SDFCSND2                     Q  
                SDFCSND2                     D  
                SDFCSND2                    CP  
                SDFCSND2                   CDN  
                SDFCSND4                    SI  
                SDFCSND4                    SE  
                SDFCSND4                   SDN  
                SDFCSND4                    QN  
                SDFCSND4                     Q  
                SDFCSND4                     D  
                SDFCSND4                    CP  
                SDFCSND4                   CDN  
               SDFCSNQD0                    SI  
               SDFCSNQD0                    SE  
               SDFCSNQD0                   SDN  
               SDFCSNQD0                     Q  
               SDFCSNQD0                     D  
               SDFCSNQD0                    CP  
               SDFCSNQD0                   CDN  
               SDFCSNQD1                    SI  
               SDFCSNQD1                    SE  
               SDFCSNQD1                   SDN  
               SDFCSNQD1                     Q  
               SDFCSNQD1                     D  
               SDFCSNQD1                    CP  
               SDFCSNQD1                   CDN  
               SDFCSNQD2                    SI  
               SDFCSNQD2                    SE  
               SDFCSNQD2                   SDN  
               SDFCSNQD2                     Q  
               SDFCSNQD2                     D  
               SDFCSNQD2                    CP  
               SDFCSNQD2                   CDN  
               SDFCSNQD4                    SI  
               SDFCSNQD4                    SE  
               SDFCSNQD4                   SDN  
               SDFCSNQD4                     Q  
               SDFCSNQD4                     D  
               SDFCSNQD4                    CP  
               SDFCSNQD4                   CDN  
                   SDFD0                    SI  
                   SDFD0                    SE  
                   SDFD0                    QN  
                   SDFD0                     Q  
                   SDFD0                     D  
                   SDFD0                    CP  
                   SDFD1                    SI  
                   SDFD1                    SE  
                   SDFD1                    QN  
                   SDFD1                     Q  
                   SDFD1                     D  
                   SDFD1                    CP  
                   SDFD2                    SI  
                   SDFD2                    SE  
                   SDFD2                    QN  
                   SDFD2                     Q  
                   SDFD2                     D  
                   SDFD2                    CP  
                   SDFD4                    SI  
                   SDFD4                    SE  
                   SDFD4                    QN  
                   SDFD4                     Q  
                   SDFD4                     D  
                   SDFD4                    CP  
                SDFKCND0                    SI  
                SDFKCND0                    SE  
                SDFKCND0                    QN  
                SDFKCND0                     Q  
                SDFKCND0                     D  
                SDFKCND0                    CP  
                SDFKCND0                    CN  
                SDFKCND1                    SI  
                SDFKCND1                    SE  
                SDFKCND1                    QN  
                SDFKCND1                     Q  
                SDFKCND1                     D  
                SDFKCND1                    CP  
                SDFKCND1                    CN  
                SDFKCND2                    SI  
                SDFKCND2                    SE  
                SDFKCND2                    QN  
                SDFKCND2                     Q  
                SDFKCND2                     D  
                SDFKCND2                    CP  
                SDFKCND2                    CN  
                SDFKCND4                    SI  
                SDFKCND4                    SE  
                SDFKCND4                    QN  
                SDFKCND4                     Q  
                SDFKCND4                     D  
                SDFKCND4                    CP  
                SDFKCND4                    CN  
               SDFKCNQD0                    SI  
               SDFKCNQD0                    SE  
               SDFKCNQD0                     Q  
               SDFKCNQD0                     D  
               SDFKCNQD0                    CP  
               SDFKCNQD0                    CN  
               SDFKCNQD1                    SI  
               SDFKCNQD1                    SE  
               SDFKCNQD1                     Q  
               SDFKCNQD1                     D  
               SDFKCNQD1                    CP  
               SDFKCNQD1                    CN  
               SDFKCNQD2                    SI  
               SDFKCNQD2                    SE  
               SDFKCNQD2                     Q  
               SDFKCNQD2                     D  
               SDFKCNQD2                    CP  
               SDFKCNQD2                    CN  
               SDFKCNQD4                    SI  
               SDFKCNQD4                    SE  
               SDFKCNQD4                     Q  
               SDFKCNQD4                     D  
               SDFKCNQD4                    CP  
               SDFKCNQD4                    CN  
               SDFKCSND0                    SN  
               SDFKCSND0                    SI  
               SDFKCSND0                    SE  
               SDFKCSND0                    QN  
               SDFKCSND0                     Q  
               SDFKCSND0                     D  
               SDFKCSND0                    CP  
               SDFKCSND0                    CN  
               SDFKCSND1                    SN  
               SDFKCSND1                    SI  
               SDFKCSND1                    SE  
               SDFKCSND1                    QN  
               SDFKCSND1                     Q  
               SDFKCSND1                     D  
               SDFKCSND1                    CP  
               SDFKCSND1                    CN  
               SDFKCSND2                    SN  
               SDFKCSND2                    SI  
               SDFKCSND2                    SE  
               SDFKCSND2                    QN  
               SDFKCSND2                     Q  
               SDFKCSND2                     D  
               SDFKCSND2                    CP  
               SDFKCSND2                    CN  
               SDFKCSND4                    SN  
               SDFKCSND4                    SI  
               SDFKCSND4                    SE  
               SDFKCSND4                    QN  
               SDFKCSND4                     Q  
               SDFKCSND4                     D  
               SDFKCSND4                    CP  
               SDFKCSND4                    CN  
              SDFKCSNQD0                    SN  
              SDFKCSNQD0                    SI  
              SDFKCSNQD0                    SE  
              SDFKCSNQD0                     Q  
              SDFKCSNQD0                     D  
              SDFKCSNQD0                    CP  
              SDFKCSNQD0                    CN  
              SDFKCSNQD1                    SN  
              SDFKCSNQD1                    SI  
              SDFKCSNQD1                    SE  
              SDFKCSNQD1                     Q  
              SDFKCSNQD1                     D  
              SDFKCSNQD1                    CP  
              SDFKCSNQD1                    CN  
              SDFKCSNQD2                    SN  
              SDFKCSNQD2                    SI  
              SDFKCSNQD2                    SE  
              SDFKCSNQD2                     Q  
              SDFKCSNQD2                     D  
              SDFKCSNQD2                    CP  
              SDFKCSNQD2                    CN  
              SDFKCSNQD4                    SN  
              SDFKCSNQD4                    SI  
              SDFKCSNQD4                    SE  
              SDFKCSNQD4                     Q  
              SDFKCSNQD4                     D  
              SDFKCSNQD4                    CP  
              SDFKCSNQD4                    CN  
                SDFKSND0                    SN  
                SDFKSND0                    SI  
                SDFKSND0                    SE  
                SDFKSND0                    QN  
                SDFKSND0                     Q  
                SDFKSND0                     D  
                SDFKSND0                    CP  
                SDFKSND1                    SN  
                SDFKSND1                    SI  
                SDFKSND1                    SE  
                SDFKSND1                    QN  
                SDFKSND1                     Q  
                SDFKSND1                     D  
                SDFKSND1                    CP  
                SDFKSND2                    SN  
                SDFKSND2                    SI  
                SDFKSND2                    SE  
                SDFKSND2                    QN  
                SDFKSND2                     Q  
                SDFKSND2                     D  
                SDFKSND2                    CP  
                SDFKSND4                    SN  
                SDFKSND4                    SI  
                SDFKSND4                    SE  
                SDFKSND4                    QN  
                SDFKSND4                     Q  
                SDFKSND4                     D  
                SDFKSND4                    CP  
               SDFKSNQD0                    SN  
               SDFKSNQD0                    SI  
               SDFKSNQD0                    SE  
               SDFKSNQD0                     Q  
               SDFKSNQD0                     D  
               SDFKSNQD0                    CP  
               SDFKSNQD1                    SN  
               SDFKSNQD1                    SI  
               SDFKSNQD1                    SE  
               SDFKSNQD1                     Q  
               SDFKSNQD1                     D  
               SDFKSNQD1                    CP  
               SDFKSNQD2                    SN  
               SDFKSNQD2                    SI  
               SDFKSNQD2                    SE  
               SDFKSNQD2                     Q  
               SDFKSNQD2                     D  
               SDFKSNQD2                    CP  
               SDFKSNQD4                    SN  
               SDFKSNQD4                    SI  
               SDFKSNQD4                    SE  
               SDFKSNQD4                     Q  
               SDFKSNQD4                     D  
               SDFKSNQD4                    CP  
                SDFNCND0                    SI  
                SDFNCND0                    SE  
                SDFNCND0                    QN  
                SDFNCND0                     Q  
                SDFNCND0                     D  
                SDFNCND0                   CPN  
                SDFNCND0                   CDN  
                SDFNCND1                    SI  
                SDFNCND1                    SE  
                SDFNCND1                    QN  
                SDFNCND1                     Q  
                SDFNCND1                     D  
                SDFNCND1                   CPN  
                SDFNCND1                   CDN  
                SDFNCND2                    SI  
                SDFNCND2                    SE  
                SDFNCND2                    QN  
                SDFNCND2                     Q  
                SDFNCND2                     D  
                SDFNCND2                   CPN  
                SDFNCND2                   CDN  
                SDFNCND4                    SI  
                SDFNCND4                    SE  
                SDFNCND4                    QN  
                SDFNCND4                     Q  
                SDFNCND4                     D  
                SDFNCND4                   CPN  
                SDFNCND4                   CDN  
               SDFNCSND0                    SI  
               SDFNCSND0                    SE  
               SDFNCSND0                   SDN  
               SDFNCSND0                    QN  
               SDFNCSND0                     Q  
               SDFNCSND0                     D  
               SDFNCSND0                   CPN  
               SDFNCSND0                   CDN  
               SDFNCSND1                    SI  
               SDFNCSND1                    SE  
               SDFNCSND1                   SDN  
               SDFNCSND1                    QN  
               SDFNCSND1                     Q  
               SDFNCSND1                     D  
               SDFNCSND1                   CPN  
               SDFNCSND1                   CDN  
               SDFNCSND2                    SI  
               SDFNCSND2                    SE  
               SDFNCSND2                   SDN  
               SDFNCSND2                    QN  
               SDFNCSND2                     Q  
               SDFNCSND2                     D  
               SDFNCSND2                   CPN  
               SDFNCSND2                   CDN  
               SDFNCSND4                    SI  
               SDFNCSND4                    SE  
               SDFNCSND4                   SDN  
               SDFNCSND4                    QN  
               SDFNCSND4                     Q  
               SDFNCSND4                     D  
               SDFNCSND4                   CPN  
               SDFNCSND4                   CDN  
                  SDFND0                    SI  
                  SDFND0                    SE  
                  SDFND0                    QN  
                  SDFND0                     Q  
                  SDFND0                     D  
                  SDFND0                   CPN  
                  SDFND1                    SI  
                  SDFND1                    SE  
                  SDFND1                    QN  
                  SDFND1                     Q  
                  SDFND1                     D  
                  SDFND1                   CPN  
                  SDFND2                    SI  
                  SDFND2                    SE  
                  SDFND2                    QN  
                  SDFND2                     Q  
                  SDFND2                     D  
                  SDFND2                   CPN  
                  SDFND4                    SI  
                  SDFND4                    SE  
                  SDFND4                    QN  
                  SDFND4                     Q  
                  SDFND4                     D  
                  SDFND4                   CPN  
                SDFNSND0                    SI  
                SDFNSND0                    SE  
                SDFNSND0                   SDN  
                SDFNSND0                    QN  
                SDFNSND0                     Q  
                SDFNSND0                     D  
                SDFNSND0                   CPN  
                SDFNSND1                    SI  
                SDFNSND1                    SE  
                SDFNSND1                   SDN  
                SDFNSND1                    QN  
                SDFNSND1                     Q  
                SDFNSND1                     D  
                SDFNSND1                   CPN  
                SDFNSND2                    SI  
                SDFNSND2                    SE  
                SDFNSND2                   SDN  
                SDFNSND2                    QN  
                SDFNSND2                     Q  
                SDFNSND2                     D  
                SDFNSND2                   CPN  
                SDFNSND4                    SI  
                SDFNSND4                    SE  
                SDFNSND4                   SDN  
                SDFNSND4                    QN  
                SDFNSND4                     Q  
                SDFNSND4                     D  
                SDFNSND4                   CPN  
                  SDFQD0                    SI  
                  SDFQD0                    SE  
                  SDFQD0                     Q  
                  SDFQD0                     D  
                  SDFQD0                    CP  
                  SDFQD1                    SI  
                  SDFQD1                    SE  
                  SDFQD1                     Q  
                  SDFQD1                     D  
                  SDFQD1                    CP  
                  SDFQD2                    SI  
                  SDFQD2                    SE  
                  SDFQD2                     Q  
                  SDFQD2                     D  
                  SDFQD2                    CP  
                  SDFQD4                    SI  
                  SDFQD4                    SE  
                  SDFQD4                     Q  
                  SDFQD4                     D  
                  SDFQD4                    CP  
                 SDFQND0                    SI  
                 SDFQND0                    SE  
                 SDFQND0                    QN  
                 SDFQND0                     D  
                 SDFQND0                    CP  
                 SDFQND1                    SI  
                 SDFQND1                    SE  
                 SDFQND1                    QN  
                 SDFQND1                     D  
                 SDFQND1                    CP  
                 SDFQND2                    SI  
                 SDFQND2                    SE  
                 SDFQND2                    QN  
                 SDFQND2                     D  
                 SDFQND2                    CP  
                 SDFQND4                    SI  
                 SDFQND4                    SE  
                 SDFQND4                    QN  
                 SDFQND4                     D  
                 SDFQND4                    CP  
                 SDFSND0                    SI  
                 SDFSND0                    SE  
                 SDFSND0                   SDN  
                 SDFSND0                    QN  
                 SDFSND0                     Q  
                 SDFSND0                     D  
                 SDFSND0                    CP  
                 SDFSND1                    SI  
                 SDFSND1                    SE  
                 SDFSND1                   SDN  
                 SDFSND1                    QN  
                 SDFSND1                     Q  
                 SDFSND1                     D  
                 SDFSND1                    CP  
                 SDFSND2                    SI  
                 SDFSND2                    SE  
                 SDFSND2                   SDN  
                 SDFSND2                    QN  
                 SDFSND2                     Q  
                 SDFSND2                     D  
                 SDFSND2                    CP  
                 SDFSND4                    SI  
                 SDFSND4                    SE  
                 SDFSND4                   SDN  
                 SDFSND4                    QN  
                 SDFSND4                     Q  
                 SDFSND4                     D  
                 SDFSND4                    CP  
                SDFSNQD0                    SI  
                SDFSNQD0                    SE  
                SDFSNQD0                   SDN  
                SDFSNQD0                     Q  
                SDFSNQD0                     D  
                SDFSNQD0                    CP  
                SDFSNQD1                    SI  
                SDFSNQD1                    SE  
                SDFSNQD1                   SDN  
                SDFSNQD1                     Q  
                SDFSNQD1                     D  
                SDFSNQD1                    CP  
                SDFSNQD2                    SI  
                SDFSNQD2                    SE  
                SDFSNQD2                   SDN  
                SDFSNQD2                     Q  
                SDFSNQD2                     D  
                SDFSNQD2                    CP  
                SDFSNQD4                    SI  
                SDFSNQD4                    SE  
                SDFSNQD4                   SDN  
                SDFSNQD4                     Q  
                SDFSNQD4                     D  
                SDFSNQD4                    CP  
                  SDFXD0                    SI  
                  SDFXD0                    SE  
                  SDFXD0                    SA  
                  SDFXD0                    QN  
                  SDFXD0                     Q  
                  SDFXD0                    DB  
                  SDFXD0                    DA  
                  SDFXD0                    CP  
                  SDFXD1                    SI  
                  SDFXD1                    SE  
                  SDFXD1                    SA  
                  SDFXD1                    QN  
                  SDFXD1                     Q  
                  SDFXD1                    DB  
                  SDFXD1                    DA  
                  SDFXD1                    CP  
                  SDFXD2                    SI  
                  SDFXD2                    SE  
                  SDFXD2                    SA  
                  SDFXD2                    QN  
                  SDFXD2                     Q  
                  SDFXD2                    DB  
                  SDFXD2                    DA  
                  SDFXD2                    CP  
                  SDFXD4                    SI  
                  SDFXD4                    SE  
                  SDFXD4                    SA  
                  SDFXD4                    QN  
                  SDFXD4                     Q  
                  SDFXD4                    DB  
                  SDFXD4                    DA  
                  SDFXD4                    CP  
                 SDFXQD0                    SI  
                 SDFXQD0                    SE  
                 SDFXQD0                    SA  
                 SDFXQD0                     Q  
                 SDFXQD0                    DB  
                 SDFXQD0                    DA  
                 SDFXQD0                    CP  
                 SDFXQD1                    SI  
                 SDFXQD1                    SE  
                 SDFXQD1                    SA  
                 SDFXQD1                     Q  
                 SDFXQD1                    DB  
                 SDFXQD1                    DA  
                 SDFXQD1                    CP  
                 SDFXQD2                    SI  
                 SDFXQD2                    SE  
                 SDFXQD2                    SA  
                 SDFXQD2                     Q  
                 SDFXQD2                    DB  
                 SDFXQD2                    DA  
                 SDFXQD2                    CP  
                 SDFXQD4                    SI  
                 SDFXQD4                    SE  
                 SDFXQD4                    SA  
                 SDFXQD4                     Q  
                 SDFXQD4                    DB  
                 SDFXQD4                    DA  
                 SDFXQD4                    CP  
                SEDFCND0                    SI  
                SEDFCND0                    SE  
                SEDFCND0                    QN  
                SEDFCND0                     Q  
                SEDFCND0                     E  
                SEDFCND0                     D  
                SEDFCND0                    CP  
                SEDFCND0                   CDN  
                SEDFCND1                    SI  
                SEDFCND1                    SE  
                SEDFCND1                    QN  
                SEDFCND1                     Q  
                SEDFCND1                     E  
                SEDFCND1                     D  
                SEDFCND1                    CP  
                SEDFCND1                   CDN  
                SEDFCND2                    SI  
                SEDFCND2                    SE  
                SEDFCND2                    QN  
                SEDFCND2                     Q  
                SEDFCND2                     E  
                SEDFCND2                     D  
                SEDFCND2                    CP  
                SEDFCND2                   CDN  
                SEDFCND4                    SI  
                SEDFCND4                    SE  
                SEDFCND4                    QN  
                SEDFCND4                     Q  
                SEDFCND4                     E  
                SEDFCND4                     D  
                SEDFCND4                    CP  
                SEDFCND4                   CDN  
               SEDFCNQD0                    SI  
               SEDFCNQD0                    SE  
               SEDFCNQD0                     Q  
               SEDFCNQD0                     E  
               SEDFCNQD0                     D  
               SEDFCNQD0                    CP  
               SEDFCNQD0                   CDN  
               SEDFCNQD1                    SI  
               SEDFCNQD1                    SE  
               SEDFCNQD1                     Q  
               SEDFCNQD1                     E  
               SEDFCNQD1                     D  
               SEDFCNQD1                    CP  
               SEDFCNQD1                   CDN  
               SEDFCNQD2                    SI  
               SEDFCNQD2                    SE  
               SEDFCNQD2                     Q  
               SEDFCNQD2                     E  
               SEDFCNQD2                     D  
               SEDFCNQD2                    CP  
               SEDFCNQD2                   CDN  
               SEDFCNQD4                    SI  
               SEDFCNQD4                    SE  
               SEDFCNQD4                     Q  
               SEDFCNQD4                     E  
               SEDFCNQD4                     D  
               SEDFCNQD4                    CP  
               SEDFCNQD4                   CDN  
                  SEDFD0                    SI  
                  SEDFD0                    SE  
                  SEDFD0                    QN  
                  SEDFD0                     Q  
                  SEDFD0                     E  
                  SEDFD0                     D  
                  SEDFD0                    CP  
                  SEDFD1                    SI  
                  SEDFD1                    SE  
                  SEDFD1                    QN  
                  SEDFD1                     Q  
                  SEDFD1                     E  
                  SEDFD1                     D  
                  SEDFD1                    CP  
                  SEDFD2                    SI  
                  SEDFD2                    SE  
                  SEDFD2                    QN  
                  SEDFD2                     Q  
                  SEDFD2                     E  
                  SEDFD2                     D  
                  SEDFD2                    CP  
                  SEDFD4                    SI  
                  SEDFD4                    SE  
                  SEDFD4                    QN  
                  SEDFD4                     Q  
                  SEDFD4                     E  
                  SEDFD4                     D  
                  SEDFD4                    CP  
               SEDFKCND0                    SI  
               SEDFKCND0                    SE  
               SEDFKCND0                    QN  
               SEDFKCND0                     Q  
               SEDFKCND0                     E  
               SEDFKCND0                     D  
               SEDFKCND0                    CP  
               SEDFKCND0                    CN  
               SEDFKCND1                    SI  
               SEDFKCND1                    SE  
               SEDFKCND1                    QN  
               SEDFKCND1                     Q  
               SEDFKCND1                     E  
               SEDFKCND1                     D  
               SEDFKCND1                    CP  
               SEDFKCND1                    CN  
               SEDFKCND2                    SI  
               SEDFKCND2                    SE  
               SEDFKCND2                    QN  
               SEDFKCND2                     Q  
               SEDFKCND2                     E  
               SEDFKCND2                     D  
               SEDFKCND2                    CP  
               SEDFKCND2                    CN  
               SEDFKCND4                    SI  
               SEDFKCND4                    SE  
               SEDFKCND4                    QN  
               SEDFKCND4                     Q  
               SEDFKCND4                     E  
               SEDFKCND4                     D  
               SEDFKCND4                    CP  
               SEDFKCND4                    CN  
              SEDFKCNQD0                    SI  
              SEDFKCNQD0                    SE  
              SEDFKCNQD0                     Q  
              SEDFKCNQD0                     E  
              SEDFKCNQD0                     D  
              SEDFKCNQD0                    CP  
              SEDFKCNQD0                    CN  
              SEDFKCNQD1                    SI  
              SEDFKCNQD1                    SE  
              SEDFKCNQD1                     Q  
              SEDFKCNQD1                     E  
              SEDFKCNQD1                     D  
              SEDFKCNQD1                    CP  
              SEDFKCNQD1                    CN  
              SEDFKCNQD2                    SI  
              SEDFKCNQD2                    SE  
              SEDFKCNQD2                     Q  
              SEDFKCNQD2                     E  
              SEDFKCNQD2                     D  
              SEDFKCNQD2                    CP  
              SEDFKCNQD2                    CN  
              SEDFKCNQD4                    SI  
              SEDFKCNQD4                    SE  
              SEDFKCNQD4                     Q  
              SEDFKCNQD4                     E  
              SEDFKCNQD4                     D  
              SEDFKCNQD4                    CP  
              SEDFKCNQD4                    CN  
                 SEDFQD0                    SI  
                 SEDFQD0                    SE  
                 SEDFQD0                     Q  
                 SEDFQD0                     E  
                 SEDFQD0                     D  
                 SEDFQD0                    CP  
                 SEDFQD1                    SI  
                 SEDFQD1                    SE  
                 SEDFQD1                     Q  
                 SEDFQD1                     E  
                 SEDFQD1                     D  
                 SEDFQD1                    CP  
                 SEDFQD2                    SI  
                 SEDFQD2                    SE  
                 SEDFQD2                     Q  
                 SEDFQD2                     E  
                 SEDFQD2                     D  
                 SEDFQD2                    CP  
                 SEDFQD4                    SI  
                 SEDFQD4                    SE  
                 SEDFQD4                     Q  
                 SEDFQD4                     E  
                 SEDFQD4                     D  
                 SEDFQD4                    CP  
                SEDFQND0                    SI  
                SEDFQND0                    SE  
                SEDFQND0                    QN  
                SEDFQND0                     E  
                SEDFQND0                     D  
                SEDFQND0                    CP  
                SEDFQND1                    SI  
                SEDFQND1                    SE  
                SEDFQND1                    QN  
                SEDFQND1                     E  
                SEDFQND1                     D  
                SEDFQND1                    CP  
                SEDFQND2                    SI  
                SEDFQND2                    SE  
                SEDFQND2                    QN  
                SEDFQND2                     E  
                SEDFQND2                     D  
                SEDFQND2                    CP  
                SEDFQND4                    SI  
                SEDFQND4                    SE  
                SEDFQND4                    QN  
                SEDFQND4                     E  
                SEDFQND4                     D  
                SEDFQND4                    CP  
               SEDFQNXD0                    SI  
               SEDFQNXD0                    SE  
               SEDFQNXD0                    QN  
               SEDFQNXD0                     E  
               SEDFQNXD0                     D  
               SEDFQNXD0                    CP  
               SEDFQNXD1                    SI  
               SEDFQNXD1                    SE  
               SEDFQNXD1                    QN  
               SEDFQNXD1                     E  
               SEDFQNXD1                     D  
               SEDFQNXD1                    CP  
               SEDFQNXD2                    SI  
               SEDFQNXD2                    SE  
               SEDFQNXD2                    QN  
               SEDFQNXD2                     E  
               SEDFQNXD2                     D  
               SEDFQNXD2                    CP  
               SEDFQNXD4                    SI  
               SEDFQNXD4                    SE  
               SEDFQNXD4                    QN  
               SEDFQNXD4                     E  
               SEDFQNXD4                     D  
               SEDFQNXD4                    CP  
                SEDFQXD0                    SI  
                SEDFQXD0                    SE  
                SEDFQXD0                     Q  
                SEDFQXD0                     E  
                SEDFQXD0                     D  
                SEDFQXD0                    CP  
                SEDFQXD1                    SI  
                SEDFQXD1                    SE  
                SEDFQXD1                     Q  
                SEDFQXD1                     E  
                SEDFQXD1                     D  
                SEDFQXD1                    CP  
                SEDFQXD2                    SI  
                SEDFQXD2                    SE  
                SEDFQXD2                     Q  
                SEDFQXD2                     E  
                SEDFQXD2                     D  
                SEDFQXD2                    CP  
                SEDFQXD4                    SI  
                SEDFQXD4                    SE  
                SEDFQXD4                     Q  
                SEDFQXD4                     E  
                SEDFQXD4                     D  
                SEDFQXD4                    CP  
                 SEDFXD0                    SI  
                 SEDFXD0                    SE  
                 SEDFXD0                    QN  
                 SEDFXD0                     Q  
                 SEDFXD0                     E  
                 SEDFXD0                     D  
                 SEDFXD0                    CP  
                 SEDFXD1                    SI  
                 SEDFXD1                    SE  
                 SEDFXD1                    QN  
                 SEDFXD1                     Q  
                 SEDFXD1                     E  
                 SEDFXD1                     D  
                 SEDFXD1                    CP  
                 SEDFXD2                    SI  
                 SEDFXD2                    SE  
                 SEDFXD2                    QN  
                 SEDFXD2                     Q  
                 SEDFXD2                     E  
                 SEDFXD2                     D  
                 SEDFXD2                    CP  
                 SEDFXD4                    SI  
                 SEDFXD4                    SE  
                 SEDFXD4                    QN  
                 SEDFXD4                     Q  
                 SEDFXD4                     E  
                 SEDFXD4                     D  
                 SEDFXD4                    CP  
                    TIEH                     Z  
                    TIEL                    ZN  
                  XNR2D0                    ZN  
                  XNR2D0                    A2  
                  XNR2D0                    A1  
                  XNR2D1                    ZN  
                  XNR2D1                    A2  
                  XNR2D1                    A1  
                  XNR2D2                    ZN  
                  XNR2D2                    A2  
                  XNR2D2                    A1  
                  XNR2D4                    ZN  
                  XNR2D4                    A2  
                  XNR2D4                    A1  
                  XNR3D0                    ZN  
                  XNR3D0                    A3  
                  XNR3D0                    A2  
                  XNR3D0                    A1  
                  XNR3D1                    ZN  
                  XNR3D1                    A3  
                  XNR3D1                    A2  
                  XNR3D1                    A1  
                  XNR3D2                    ZN  
                  XNR3D2                    A3  
                  XNR3D2                    A2  
                  XNR3D2                    A1  
                  XNR3D4                    ZN  
                  XNR3D4                    A3  
                  XNR3D4                    A2  
                  XNR3D4                    A1  
                  XNR4D0                    ZN  
                  XNR4D0                    A4  
                  XNR4D0                    A3  
                  XNR4D0                    A2  
                  XNR4D0                    A1  
                  XNR4D1                    ZN  
                  XNR4D1                    A4  
                  XNR4D1                    A3  
                  XNR4D1                    A2  
                  XNR4D1                    A1  
                  XNR4D2                    ZN  
                  XNR4D2                    A4  
                  XNR4D2                    A3  
                  XNR4D2                    A2  
                  XNR4D2                    A1  
                  XNR4D4                    ZN  
                  XNR4D4                    A4  
                  XNR4D4                    A3  
                  XNR4D4                    A2  
                  XNR4D4                    A1  
                  XOR2D0                     Z  
                  XOR2D0                    A2  
                  XOR2D0                    A1  
                  XOR2D1                     Z  
                  XOR2D1                    A2  
                  XOR2D1                    A1  
                  XOR2D2                     Z  
                  XOR2D2                    A2  
                  XOR2D2                    A1  
                  XOR2D4                     Z  
                  XOR2D4                    A2  
                  XOR2D4                    A1  
                  XOR3D0                     Z  
                  XOR3D0                    A3  
                  XOR3D0                    A2  
                  XOR3D0                    A1  
                  XOR3D1                     Z  
                  XOR3D1                    A3  
                  XOR3D1                    A2  
                  XOR3D1                    A1  
                  XOR3D2                     Z  
                  XOR3D2                    A3  
                  XOR3D2                    A2  
                  XOR3D2                    A1  
                  XOR3D4                     Z  
                  XOR3D4                    A3  
                  XOR3D4                    A2  
                  XOR3D4                    A1  
                  XOR4D0                     Z  
                  XOR4D0                    A4  
                  XOR4D0                    A3  
                  XOR4D0                    A2  
                  XOR4D0                    A1  
                  XOR4D1                     Z  
                  XOR4D1                    A4  
                  XOR4D1                    A3  
                  XOR4D1                    A2  
                  XOR4D1                    A1  
                  XOR4D2                     Z  
                  XOR4D2                    A4  
                  XOR4D2                    A3  
                  XOR4D2                    A2  
                  XOR4D2                    A1  
                  XOR4D4                     Z  
                  XOR4D4                    A4  
                  XOR4D4                    A3  
                  XOR4D4                    A2  
                  XOR4D4                    A1  For more information click here  
# Cells Missing LEF Info: 0  
# Cells with Dimension Errors: 0  

==============================
Netlist Information
==============================
# HFO (>200) Nets: 2  
    General Caution:
        1) These nets will affect your zero wireload timing analysis. You should cross-reference this list against your timing report to see if these nets are the reason for failing paths. Since physical buffer trees will be created during optimization, large delays should be reduced.

        2) Consider using CTS to build physical trees for these nets, if you are not satisfied with the default optimization output.

    HFO (>200) Nets  Fanout  
          core1_clk    5736  
          core0_clk    5736  
# No-driven Nets: 11914  
    General Caution:
        1) TODO
    No-driven Nets  
    async_fifo_core_10/async_rd_fifo_instance/fifo_empty  
    async_fifo_core_10/async_wr_fifo_instance/fifo_full  
    async_fifo_core_10/data_bus[24]  
    async_fifo_core_10/data_bus[25]  
    async_fifo_core_10/data_bus[26]  
    async_fifo_core_10/data_bus[27]  
    async_fifo_core_10/data_bus[28]  
    async_fifo_core_10/data_bus[29]  
    async_fifo_core_10/data_bus[30]  
    async_fifo_core_10/data_bus[48]  
    async_fifo_core_10/data_bus[49]  
    async_fifo_core_10/data_bus[50]  
    async_fifo_core_10/data_bus[51]  
    async_fifo_core_10/data_bus[52]  
    async_fifo_core_10/data_bus[53]  
    async_fifo_core_10/data_bus[54]  
    async_fifo_core_10/data_bus[72]  
    async_fifo_core_10/data_bus[73]  
    async_fifo_core_10/data_bus[74]  
    async_fifo_core_10/data_bus[75]  
    async_fifo_core_10/data_bus[76]  
    async_fifo_core_10/data_bus[77]  
    async_fifo_core_10/data_bus[78]  
    async_fifo_core_10/data_bus[96]  
    async_fifo_core_10/data_bus[97]  
    async_fifo_core_10/data_bus[98]  
    async_fifo_core_10/data_bus[99]  
    async_fifo_core_10/data_bus[100]  
    async_fifo_core_10/data_bus[101]  
    async_fifo_core_10/data_bus[102]  
    async_fifo_core_10/data_bus[120]  
    async_fifo_core_10/data_bus[121]  
    async_fifo_core_10/data_bus[122]  
    async_fifo_core_10/data_bus[123]  
    async_fifo_core_10/data_bus[124]  
    async_fifo_core_10/data_bus[125]  
    async_fifo_core_10/data_bus[126]  
    async_fifo_core_10/data_bus[144]  
    async_fifo_core_10/data_bus[145]  
    async_fifo_core_10/data_bus[146]  
    async_fifo_core_10/data_bus[147]  
    async_fifo_core_10/data_bus[148]  
    async_fifo_core_10/data_bus[149]  
    async_fifo_core_10/data_bus[150]  
    async_fifo_core_10/data_bus[168]  
    async_fifo_core_10/data_bus[169]  
    async_fifo_core_10/data_bus[170]  
    async_fifo_core_10/data_bus[171]  
    async_fifo_core_10/data_bus[172]  
    async_fifo_core_10/data_bus[173]  
    async_fifo_core_10/data_bus[174]  
    async_fifo_core_10/SYNOPSYS_UNCONNECTED_63  
    async_fifo_core_10/SYNOPSYS_UNCONNECTED_62  
    async_fifo_core_10/SYNOPSYS_UNCONNECTED_61  
    async_fifo_core_10/SYNOPSYS_UNCONNECTED_60  
    async_fifo_core_10/SYNOPSYS_UNCONNECTED_59  
    async_fifo_core_10/SYNOPSYS_UNCONNECTED_58  
    async_fifo_core_10/SYNOPSYS_UNCONNECTED_57  
    async_fifo_core_10/SYNOPSYS_UNCONNECTED_56  
    async_fifo_core_10/SYNOPSYS_UNCONNECTED_55  
    async_fifo_core_10/SYNOPSYS_UNCONNECTED_54  
    async_fifo_core_10/SYNOPSYS_UNCONNECTED_53  
    async_fifo_core_10/SYNOPSYS_UNCONNECTED_52  
    async_fifo_core_10/SYNOPSYS_UNCONNECTED_51  
    async_fifo_core_10/SYNOPSYS_UNCONNECTED_50  
    async_fifo_core_10/SYNOPSYS_UNCONNECTED_49  
    async_fifo_core_10/SYNOPSYS_UNCONNECTED_48  
    async_fifo_core_10/SYNOPSYS_UNCONNECTED_47  
    async_fifo_core_10/SYNOPSYS_UNCONNECTED_46  
    async_fifo_core_10/SYNOPSYS_UNCONNECTED_45  
    async_fifo_core_10/SYNOPSYS_UNCONNECTED_44  
    async_fifo_core_10/SYNOPSYS_UNCONNECTED_43  
    async_fifo_core_10/SYNOPSYS_UNCONNECTED_42  
    async_fifo_core_10/SYNOPSYS_UNCONNECTED_41  
    async_fifo_core_10/SYNOPSYS_UNCONNECTED_40  
    async_fifo_core_10/SYNOPSYS_UNCONNECTED_39  
    async_fifo_core_10/SYNOPSYS_UNCONNECTED_38  
    async_fifo_core_10/SYNOPSYS_UNCONNECTED_37  
    async_fifo_core_10/SYNOPSYS_UNCONNECTED_36  
    async_fifo_core_10/SYNOPSYS_UNCONNECTED_35  
    async_fifo_core_10/SYNOPSYS_UNCONNECTED_34  
    async_fifo_core_10/SYNOPSYS_UNCONNECTED_33  
    async_fifo_core_10/SYNOPSYS_UNCONNECTED_32  
    async_fifo_core_10/SYNOPSYS_UNCONNECTED_31  
    async_fifo_core_10/SYNOPSYS_UNCONNECTED_30  
    async_fifo_core_10/SYNOPSYS_UNCONNECTED_29  
    async_fifo_core_10/SYNOPSYS_UNCONNECTED_28  
    async_fifo_core_10/SYNOPSYS_UNCONNECTED_27  
    async_fifo_core_10/SYNOPSYS_UNCONNECTED_26  
    async_fifo_core_10/SYNOPSYS_UNCONNECTED_25  
    async_fifo_core_10/SYNOPSYS_UNCONNECTED_24  
    async_fifo_core_10/SYNOPSYS_UNCONNECTED_23  
    async_fifo_core_10/SYNOPSYS_UNCONNECTED_22  
    async_fifo_core_10/SYNOPSYS_UNCONNECTED_21  
    async_fifo_core_10/SYNOPSYS_UNCONNECTED_20  
    async_fifo_core_10/SYNOPSYS_UNCONNECTED_19  
    async_fifo_core_10/SYNOPSYS_UNCONNECTED_18  
    async_fifo_core_10/SYNOPSYS_UNCONNECTED_17  
    async_fifo_core_10/SYNOPSYS_UNCONNECTED_16  
    async_fifo_core_10/SYNOPSYS_UNCONNECTED_15  
    async_fifo_core_10/SYNOPSYS_UNCONNECTED_14  
    async_fifo_core_10/SYNOPSYS_UNCONNECTED_13  
    async_fifo_core_10/SYNOPSYS_UNCONNECTED_12  
    async_fifo_core_10/SYNOPSYS_UNCONNECTED_11  
    async_fifo_core_10/SYNOPSYS_UNCONNECTED_10  
    async_fifo_core_10/SYNOPSYS_UNCONNECTED_9  
    async_fifo_core_10/SYNOPSYS_UNCONNECTED_8  
    async_fifo_core_10/SYNOPSYS_UNCONNECTED_7  
    async_fifo_core_10/SYNOPSYS_UNCONNECTED_6  
    async_fifo_core_10/SYNOPSYS_UNCONNECTED_5  
    async_fifo_core_10/SYNOPSYS_UNCONNECTED_4  
    async_fifo_core_10/SYNOPSYS_UNCONNECTED_3  
    async_fifo_core_10/SYNOPSYS_UNCONNECTED_2  
    async_fifo_core_10/SYNOPSYS_UNCONNECTED_1  
    async_fifo_core_10/fifo_empty  
    async_fifo_core_10/fifo_full  
    async_fifo_core_01/async_rd_fifo_instance/fifo_empty  
    async_fifo_core_01/async_wr_fifo_instance/fifo_full  
    async_fifo_core_01/data_bus[24]  
    async_fifo_core_01/data_bus[25]  
    async_fifo_core_01/data_bus[26]  
    async_fifo_core_01/data_bus[27]  
    async_fifo_core_01/data_bus[28]  
    async_fifo_core_01/data_bus[29]  
    async_fifo_core_01/data_bus[30]  
    async_fifo_core_01/data_bus[48]  
    async_fifo_core_01/data_bus[49]  
    async_fifo_core_01/data_bus[50]  
    async_fifo_core_01/data_bus[51]  
    async_fifo_core_01/data_bus[52]  
    async_fifo_core_01/data_bus[53]  
    async_fifo_core_01/data_bus[54]  
    async_fifo_core_01/data_bus[72]  
    async_fifo_core_01/data_bus[73]  
    async_fifo_core_01/data_bus[74]  
    async_fifo_core_01/data_bus[75]  
    async_fifo_core_01/data_bus[76]  
    async_fifo_core_01/data_bus[77]  
    async_fifo_core_01/data_bus[78]  
    async_fifo_core_01/data_bus[96]  
    async_fifo_core_01/data_bus[97]  
    async_fifo_core_01/data_bus[98]  
    async_fifo_core_01/data_bus[99]  
    async_fifo_core_01/data_bus[100]  
    async_fifo_core_01/data_bus[101]  
    async_fifo_core_01/data_bus[102]  
    async_fifo_core_01/data_bus[120]  
    async_fifo_core_01/data_bus[121]  
    async_fifo_core_01/data_bus[122]  
    async_fifo_core_01/data_bus[123]  
    async_fifo_core_01/data_bus[124]  
    async_fifo_core_01/data_bus[125]  
    async_fifo_core_01/data_bus[126]  
    async_fifo_core_01/data_bus[144]  
    async_fifo_core_01/data_bus[145]  
    async_fifo_core_01/data_bus[146]  
    async_fifo_core_01/data_bus[147]  
    async_fifo_core_01/data_bus[148]  
    async_fifo_core_01/data_bus[149]  
    async_fifo_core_01/data_bus[150]  
    async_fifo_core_01/data_bus[168]  
    async_fifo_core_01/data_bus[169]  
    async_fifo_core_01/data_bus[170]  
    async_fifo_core_01/data_bus[171]  
    async_fifo_core_01/data_bus[172]  
    async_fifo_core_01/data_bus[173]  
    async_fifo_core_01/data_bus[174]  
    async_fifo_core_01/SYNOPSYS_UNCONNECTED_63  
    async_fifo_core_01/SYNOPSYS_UNCONNECTED_62  
    async_fifo_core_01/SYNOPSYS_UNCONNECTED_61  
    async_fifo_core_01/SYNOPSYS_UNCONNECTED_60  
    async_fifo_core_01/SYNOPSYS_UNCONNECTED_59  
    async_fifo_core_01/SYNOPSYS_UNCONNECTED_58  
    async_fifo_core_01/SYNOPSYS_UNCONNECTED_57  
    async_fifo_core_01/SYNOPSYS_UNCONNECTED_56  
    async_fifo_core_01/SYNOPSYS_UNCONNECTED_55  
    async_fifo_core_01/SYNOPSYS_UNCONNECTED_54  
    async_fifo_core_01/SYNOPSYS_UNCONNECTED_53  
    async_fifo_core_01/SYNOPSYS_UNCONNECTED_52  
    async_fifo_core_01/SYNOPSYS_UNCONNECTED_51  
    async_fifo_core_01/SYNOPSYS_UNCONNECTED_50  
    async_fifo_core_01/SYNOPSYS_UNCONNECTED_49  
    async_fifo_core_01/SYNOPSYS_UNCONNECTED_48  
    async_fifo_core_01/SYNOPSYS_UNCONNECTED_47  
    async_fifo_core_01/SYNOPSYS_UNCONNECTED_46  
    async_fifo_core_01/SYNOPSYS_UNCONNECTED_45  
    async_fifo_core_01/SYNOPSYS_UNCONNECTED_44  
    async_fifo_core_01/SYNOPSYS_UNCONNECTED_43  
    async_fifo_core_01/SYNOPSYS_UNCONNECTED_42  
    async_fifo_core_01/SYNOPSYS_UNCONNECTED_41  
    async_fifo_core_01/SYNOPSYS_UNCONNECTED_40  
    async_fifo_core_01/SYNOPSYS_UNCONNECTED_39  
    async_fifo_core_01/SYNOPSYS_UNCONNECTED_38  
    async_fifo_core_01/SYNOPSYS_UNCONNECTED_37  
    async_fifo_core_01/SYNOPSYS_UNCONNECTED_36  
    async_fifo_core_01/SYNOPSYS_UNCONNECTED_35  
    async_fifo_core_01/SYNOPSYS_UNCONNECTED_34  
    async_fifo_core_01/SYNOPSYS_UNCONNECTED_33  
    async_fifo_core_01/SYNOPSYS_UNCONNECTED_32  
    async_fifo_core_01/SYNOPSYS_UNCONNECTED_31  
    async_fifo_core_01/SYNOPSYS_UNCONNECTED_30  
    async_fifo_core_01/SYNOPSYS_UNCONNECTED_29  
    async_fifo_core_01/SYNOPSYS_UNCONNECTED_28  
    async_fifo_core_01/SYNOPSYS_UNCONNECTED_27  
    async_fifo_core_01/SYNOPSYS_UNCONNECTED_26  
    async_fifo_core_01/SYNOPSYS_UNCONNECTED_25  
    async_fifo_core_01/SYNOPSYS_UNCONNECTED_24  
    async_fifo_core_01/SYNOPSYS_UNCONNECTED_23  
    async_fifo_core_01/SYNOPSYS_UNCONNECTED_22  
    async_fifo_core_01/SYNOPSYS_UNCONNECTED_21  
    async_fifo_core_01/SYNOPSYS_UNCONNECTED_20  
    async_fifo_core_01/SYNOPSYS_UNCONNECTED_19  
    async_fifo_core_01/SYNOPSYS_UNCONNECTED_18  
    async_fifo_core_01/SYNOPSYS_UNCONNECTED_17  
    async_fifo_core_01/SYNOPSYS_UNCONNECTED_16  
    async_fifo_core_01/SYNOPSYS_UNCONNECTED_15  
    async_fifo_core_01/SYNOPSYS_UNCONNECTED_14  
    async_fifo_core_01/SYNOPSYS_UNCONNECTED_13  
    async_fifo_core_01/SYNOPSYS_UNCONNECTED_12  
    async_fifo_core_01/SYNOPSYS_UNCONNECTED_11  
    async_fifo_core_01/SYNOPSYS_UNCONNECTED_10  
    async_fifo_core_01/SYNOPSYS_UNCONNECTED_9  
    async_fifo_core_01/SYNOPSYS_UNCONNECTED_8  
    async_fifo_core_01/SYNOPSYS_UNCONNECTED_7  
    async_fifo_core_01/SYNOPSYS_UNCONNECTED_6  
    async_fifo_core_01/SYNOPSYS_UNCONNECTED_5  
    async_fifo_core_01/SYNOPSYS_UNCONNECTED_4  
    async_fifo_core_01/SYNOPSYS_UNCONNECTED_3  
    async_fifo_core_01/SYNOPSYS_UNCONNECTED_2  
    async_fifo_core_01/SYNOPSYS_UNCONNECTED_1  
    async_fifo_core_01/fifo_empty  
    async_fifo_core_01/fifo_full  
    core_instance1/sfp_instance/fifo_inst_int/fifo_mux_16_1a/mux_8_1b/SYNOPSYS_UNCONNECTED_49  
    core_instance1/sfp_instance/fifo_inst_int/fifo_mux_16_1a/mux_8_1b/SYNOPSYS_UNCONNECTED_48  
    core_instance1/sfp_instance/fifo_inst_int/fifo_mux_16_1a/mux_8_1b/SYNOPSYS_UNCONNECTED_47  
    core_instance1/sfp_instance/fifo_inst_int/fifo_mux_16_1a/mux_8_1b/SYNOPSYS_UNCONNECTED_46  
    core_instance1/sfp_instance/fifo_inst_int/fifo_mux_16_1a/mux_8_1b/SYNOPSYS_UNCONNECTED_45  
    core_instance1/sfp_instance/fifo_inst_int/fifo_mux_16_1a/mux_8_1b/SYNOPSYS_UNCONNECTED_44  
    core_instance1/sfp_instance/fifo_inst_int/fifo_mux_16_1a/mux_8_1b/SYNOPSYS_UNCONNECTED_43  
    core_instance1/sfp_instance/fifo_inst_int/fifo_mux_16_1a/mux_8_1b/SYNOPSYS_UNCONNECTED_42  
    core_instance1/sfp_instance/fifo_inst_int/fifo_mux_16_1a/mux_8_1b/SYNOPSYS_UNCONNECTED_41  
    core_instance1/sfp_instance/fifo_inst_int/fifo_mux_16_1a/mux_8_1b/SYNOPSYS_UNCONNECTED_40  
    core_instance1/sfp_instance/fifo_inst_int/fifo_mux_16_1a/mux_8_1b/SYNOPSYS_UNCONNECTED_39  
    core_instance1/sfp_instance/fifo_inst_int/fifo_mux_16_1a/mux_8_1b/SYNOPSYS_UNCONNECTED_38  
    core_instance1/sfp_instance/fifo_inst_int/fifo_mux_16_1a/mux_8_1b/SYNOPSYS_UNCONNECTED_37  
    core_instance1/sfp_instance/fifo_inst_int/fifo_mux_16_1a/mux_8_1b/SYNOPSYS_UNCONNECTED_36  
    core_instance1/sfp_instance/fifo_inst_int/fifo_mux_16_1a/mux_8_1b/SYNOPSYS_UNCONNECTED_35  
    core_instance1/sfp_instance/fifo_inst_int/fifo_mux_16_1a/mux_8_1b/SYNOPSYS_UNCONNECTED_34  
    core_instance1/sfp_instance/fifo_inst_int/fifo_mux_16_1a/mux_8_1b/SYNOPSYS_UNCONNECTED_33  
    core_instance1/sfp_instance/fifo_inst_int/fifo_mux_16_1a/mux_8_1b/SYNOPSYS_UNCONNECTED_32  
    core_instance1/sfp_instance/fifo_inst_int/fifo_mux_16_1a/mux_8_1b/SYNOPSYS_UNCONNECTED_31  
    core_instance1/sfp_instance/fifo_inst_int/fifo_mux_16_1a/mux_8_1b/SYNOPSYS_UNCONNECTED_30  
    core_instance1/sfp_instance/fifo_inst_int/fifo_mux_16_1a/mux_8_1b/SYNOPSYS_UNCONNECTED_29  
    core_instance1/sfp_instance/fifo_inst_int/fifo_mux_16_1a/mux_8_1b/SYNOPSYS_UNCONNECTED_28  
    core_instance1/sfp_instance/fifo_inst_int/fifo_mux_16_1a/mux_8_1b/SYNOPSYS_UNCONNECTED_27  
    core_instance1/sfp_instance/fifo_inst_int/fifo_mux_16_1a/mux_8_1b/SYNOPSYS_UNCONNECTED_26  
    core_instance1/sfp_instance/fifo_inst_int/fifo_mux_16_1a/mux_8_1b/SYNOPSYS_UNCONNECTED_25  
    core_instance1/sfp_instance/fifo_inst_int/fifo_mux_16_1a/mux_8_1b/SYNOPSYS_UNCONNECTED_24  
    core_instance1/sfp_instance/fifo_inst_int/fifo_mux_16_1a/mux_8_1b/SYNOPSYS_UNCONNECTED_23  
    core_instance1/sfp_instance/fifo_inst_int/fifo_mux_16_1a/mux_8_1b/SYNOPSYS_UNCONNECTED_22  
    core_instance1/sfp_instance/fifo_inst_int/fifo_mux_16_1a/mux_8_1b/SYNOPSYS_UNCONNECTED_21  
    core_instance1/sfp_instance/fifo_inst_int/fifo_mux_16_1a/mux_8_1b/SYNOPSYS_UNCONNECTED_20  
    core_instance1/sfp_instance/fifo_inst_int/fifo_mux_16_1a/mux_8_1b/SYNOPSYS_UNCONNECTED_19  
    core_instance1/sfp_instance/fifo_inst_int/fifo_mux_16_1a/mux_8_1b/SYNOPSYS_UNCONNECTED_18  
    core_instance1/sfp_instance/fifo_inst_int/fifo_mux_16_1a/mux_8_1b/SYNOPSYS_UNCONNECTED_17  
    core_instance1/sfp_instance/fifo_inst_int/fifo_mux_16_1a/mux_8_1b/SYNOPSYS_UNCONNECTED_16  
    core_instance1/sfp_instance/fifo_inst_int/fifo_mux_16_1a/mux_8_1b/SYNOPSYS_UNCONNECTED_15  
    core_instance1/sfp_instance/fifo_inst_int/fifo_mux_16_1a/mux_8_1b/SYNOPSYS_UNCONNECTED_14  
    core_instance1/sfp_instance/fifo_inst_int/fifo_mux_16_1a/mux_8_1b/SYNOPSYS_UNCONNECTED_13  
    core_instance1/sfp_instance/fifo_inst_int/fifo_mux_16_1a/mux_8_1b/SYNOPSYS_UNCONNECTED_12  
    core_instance1/sfp_instance/fifo_inst_int/fifo_mux_16_1a/mux_8_1b/SYNOPSYS_UNCONNECTED_11  
    core_instance1/sfp_instance/fifo_inst_int/fifo_mux_16_1a/mux_8_1b/SYNOPSYS_UNCONNECTED_10  
    core_instance1/sfp_instance/fifo_inst_int/fifo_mux_16_1a/mux_8_1b/SYNOPSYS_UNCONNECTED_9  
    core_instance1/sfp_instance/fifo_inst_int/fifo_mux_16_1a/mux_8_1b/SYNOPSYS_UNCONNECTED_8  
    core_instance1/sfp_instance/fifo_inst_int/fifo_mux_16_1a/mux_8_1b/SYNOPSYS_UNCONNECTED_7  
    core_instance1/sfp_instance/fifo_inst_int/fifo_mux_16_1a/mux_8_1b/SYNOPSYS_UNCONNECTED_6  
    core_instance1/sfp_instance/fifo_inst_int/fifo_mux_16_1a/mux_8_1b/SYNOPSYS_UNCONNECTED_5  
    core_instance1/sfp_instance/fifo_inst_int/fifo_mux_16_1a/mux_8_1b/SYNOPSYS_UNCONNECTED_4  
    core_instance1/sfp_instance/fifo_inst_int/fifo_mux_16_1a/mux_8_1b/SYNOPSYS_UNCONNECTED_3  
    core_instance1/sfp_instance/fifo_inst_int/fifo_mux_16_1a/mux_8_1b/SYNOPSYS_UNCONNECTED_2  
    core_instance1/sfp_instance/fifo_inst_int/fifo_mux_16_1a/mux_8_1b/SYNOPSYS_UNCONNECTED_1  
    core_instance1/sfp_instance/fifo_inst_int/fifo_mux_16_1a/mux_8_1a/SYNOPSYS_UNCONNECTED_49  
    core_instance1/sfp_instance/fifo_inst_int/fifo_mux_16_1a/mux_8_1a/SYNOPSYS_UNCONNECTED_48  
    core_instance1/sfp_instance/fifo_inst_int/fifo_mux_16_1a/mux_8_1a/SYNOPSYS_UNCONNECTED_47  
    core_instance1/sfp_instance/fifo_inst_int/fifo_mux_16_1a/mux_8_1a/SYNOPSYS_UNCONNECTED_46  
    core_instance1/sfp_instance/fifo_inst_int/fifo_mux_16_1a/mux_8_1a/SYNOPSYS_UNCONNECTED_45  
    core_instance1/sfp_instance/fifo_inst_int/fifo_mux_16_1a/mux_8_1a/SYNOPSYS_UNCONNECTED_44  
    core_instance1/sfp_instance/fifo_inst_int/fifo_mux_16_1a/mux_8_1a/SYNOPSYS_UNCONNECTED_43  
    core_instance1/sfp_instance/fifo_inst_int/fifo_mux_16_1a/mux_8_1a/SYNOPSYS_UNCONNECTED_42  
    core_instance1/sfp_instance/fifo_inst_int/fifo_mux_16_1a/mux_8_1a/SYNOPSYS_UNCONNECTED_41  
    core_instance1/sfp_instance/fifo_inst_int/fifo_mux_16_1a/mux_8_1a/SYNOPSYS_UNCONNECTED_40  
    core_instance1/sfp_instance/fifo_inst_int/fifo_mux_16_1a/mux_8_1a/SYNOPSYS_UNCONNECTED_39  
    core_instance1/sfp_instance/fifo_inst_int/fifo_mux_16_1a/mux_8_1a/SYNOPSYS_UNCONNECTED_38  
    core_instance1/sfp_instance/fifo_inst_int/fifo_mux_16_1a/mux_8_1a/SYNOPSYS_UNCONNECTED_37  
    core_instance1/sfp_instance/fifo_inst_int/fifo_mux_16_1a/mux_8_1a/SYNOPSYS_UNCONNECTED_36  
    core_instance1/sfp_instance/fifo_inst_int/fifo_mux_16_1a/mux_8_1a/SYNOPSYS_UNCONNECTED_35  
    core_instance1/sfp_instance/fifo_inst_int/fifo_mux_16_1a/mux_8_1a/SYNOPSYS_UNCONNECTED_34  
    core_instance1/sfp_instance/fifo_inst_int/fifo_mux_16_1a/mux_8_1a/SYNOPSYS_UNCONNECTED_33  
    core_instance1/sfp_instance/fifo_inst_int/fifo_mux_16_1a/mux_8_1a/SYNOPSYS_UNCONNECTED_32  
    core_instance1/sfp_instance/fifo_inst_int/fifo_mux_16_1a/mux_8_1a/SYNOPSYS_UNCONNECTED_31  
    core_instance1/sfp_instance/fifo_inst_int/fifo_mux_16_1a/mux_8_1a/SYNOPSYS_UNCONNECTED_30  
    core_instance1/sfp_instance/fifo_inst_int/fifo_mux_16_1a/mux_8_1a/SYNOPSYS_UNCONNECTED_29  
    core_instance1/sfp_instance/fifo_inst_int/fifo_mux_16_1a/mux_8_1a/SYNOPSYS_UNCONNECTED_28  
    core_instance1/sfp_instance/fifo_inst_int/fifo_mux_16_1a/mux_8_1a/SYNOPSYS_UNCONNECTED_27  
    core_instance1/sfp_instance/fifo_inst_int/fifo_mux_16_1a/mux_8_1a/SYNOPSYS_UNCONNECTED_26  
    core_instance1/sfp_instance/fifo_inst_int/fifo_mux_16_1a/mux_8_1a/SYNOPSYS_UNCONNECTED_25  
    core_instance1/sfp_instance/fifo_inst_int/fifo_mux_16_1a/mux_8_1a/SYNOPSYS_UNCONNECTED_24  
    core_instance1/sfp_instance/fifo_inst_int/fifo_mux_16_1a/mux_8_1a/SYNOPSYS_UNCONNECTED_23  
    core_instance1/sfp_instance/fifo_inst_int/fifo_mux_16_1a/mux_8_1a/SYNOPSYS_UNCONNECTED_22  
    core_instance1/sfp_instance/fifo_inst_int/fifo_mux_16_1a/mux_8_1a/SYNOPSYS_UNCONNECTED_21  
    core_instance1/sfp_instance/fifo_inst_int/fifo_mux_16_1a/mux_8_1a/SYNOPSYS_UNCONNECTED_20  
    core_instance1/sfp_instance/fifo_inst_int/fifo_mux_16_1a/mux_8_1a/SYNOPSYS_UNCONNECTED_19  
    core_instance1/sfp_instance/fifo_inst_int/fifo_mux_16_1a/mux_8_1a/SYNOPSYS_UNCONNECTED_18  
    core_instance1/sfp_instance/fifo_inst_int/fifo_mux_16_1a/mux_8_1a/SYNOPSYS_UNCONNECTED_17  
    core_instance1/sfp_instance/fifo_inst_int/fifo_mux_16_1a/mux_8_1a/SYNOPSYS_UNCONNECTED_16  
    core_instance1/sfp_instance/fifo_inst_int/fifo_mux_16_1a/mux_8_1a/SYNOPSYS_UNCONNECTED_15  
    core_instance1/sfp_instance/fifo_inst_int/fifo_mux_16_1a/mux_8_1a/SYNOPSYS_UNCONNECTED_14  
    core_instance1/sfp_instance/fifo_inst_int/fifo_mux_16_1a/mux_8_1a/SYNOPSYS_UNCONNECTED_13  
    core_instance1/sfp_instance/fifo_inst_int/fifo_mux_16_1a/mux_8_1a/SYNOPSYS_UNCONNECTED_12  
    core_instance1/sfp_instance/fifo_inst_int/fifo_mux_16_1a/mux_8_1a/SYNOPSYS_UNCONNECTED_11  
    core_instance1/sfp_instance/fifo_inst_int/fifo_mux_16_1a/mux_8_1a/SYNOPSYS_UNCONNECTED_10  
    core_instance1/sfp_instance/fifo_inst_int/fifo_mux_16_1a/mux_8_1a/SYNOPSYS_UNCONNECTED_9  
    core_instance1/sfp_instance/fifo_inst_int/fifo_mux_16_1a/mux_8_1a/SYNOPSYS_UNCONNECTED_8  
    core_instance1/sfp_instance/fifo_inst_int/fifo_mux_16_1a/mux_8_1a/SYNOPSYS_UNCONNECTED_7  
    core_instance1/sfp_instance/fifo_inst_int/fifo_mux_16_1a/mux_8_1a/SYNOPSYS_UNCONNECTED_6  
    core_instance1/sfp_instance/fifo_inst_int/fifo_mux_16_1a/mux_8_1a/SYNOPSYS_UNCONNECTED_5  
    core_instance1/sfp_instance/fifo_inst_int/fifo_mux_16_1a/mux_8_1a/SYNOPSYS_UNCONNECTED_4  
    core_instance1/sfp_instance/fifo_inst_int/fifo_mux_16_1a/mux_8_1a/SYNOPSYS_UNCONNECTED_3  
    core_instance1/sfp_instance/fifo_inst_int/fifo_mux_16_1a/mux_8_1a/SYNOPSYS_UNCONNECTED_2  
    core_instance1/sfp_instance/fifo_inst_int/fifo_mux_16_1a/mux_8_1a/SYNOPSYS_UNCONNECTED_1  
    core_instance1/sfp_instance/fifo_inst_int/fifo_mux_16_1a/SYNOPSYS_UNCONNECTED_21  
    core_instance1/sfp_instance/fifo_inst_int/fifo_mux_16_1a/SYNOPSYS_UNCONNECTED_20  
    core_instance1/sfp_instance/fifo_inst_int/fifo_mux_16_1a/SYNOPSYS_UNCONNECTED_19  
    core_instance1/sfp_instance/fifo_inst_int/fifo_mux_16_1a/SYNOPSYS_UNCONNECTED_18  
    core_instance1/sfp_instance/fifo_inst_int/fifo_mux_16_1a/SYNOPSYS_UNCONNECTED_17  
    core_instance1/sfp_instance/fifo_inst_int/fifo_mux_16_1a/SYNOPSYS_UNCONNECTED_16  
    core_instance1/sfp_instance/fifo_inst_int/fifo_mux_16_1a/SYNOPSYS_UNCONNECTED_15  
    core_instance1/sfp_instance/fifo_inst_int/fifo_mux_16_1a/SYNOPSYS_UNCONNECTED_14  
    core_instance1/sfp_instance/fifo_inst_int/fifo_mux_16_1a/SYNOPSYS_UNCONNECTED_13  
    core_instance1/sfp_instance/fifo_inst_int/fifo_mux_16_1a/SYNOPSYS_UNCONNECTED_12  
    core_instance1/sfp_instance/fifo_inst_int/fifo_mux_16_1a/SYNOPSYS_UNCONNECTED_11  
    core_instance1/sfp_instance/fifo_inst_int/fifo_mux_16_1a/SYNOPSYS_UNCONNECTED_10  
    core_instance1/sfp_instance/fifo_inst_int/fifo_mux_16_1a/SYNOPSYS_UNCONNECTED_9  
    core_instance1/sfp_instance/fifo_inst_int/fifo_mux_16_1a/SYNOPSYS_UNCONNECTED_8  
    core_instance1/sfp_instance/fifo_inst_int/fifo_mux_16_1a/SYNOPSYS_UNCONNECTED_7  
    core_instance1/sfp_instance/fifo_inst_int/fifo_mux_16_1a/SYNOPSYS_UNCONNECTED_6  
    core_instance1/sfp_instance/fifo_inst_int/fifo_mux_16_1a/SYNOPSYS_UNCONNECTED_5  
    core_instance1/sfp_instance/fifo_inst_int/fifo_mux_16_1a/SYNOPSYS_UNCONNECTED_4  
    core_instance1/sfp_instance/fifo_inst_int/fifo_mux_16_1a/SYNOPSYS_UNCONNECTED_3  
    core_instance1/sfp_instance/fifo_inst_int/fifo_mux_16_1a/SYNOPSYS_UNCONNECTED_2  
    core_instance1/sfp_instance/fifo_inst_int/fifo_mux_16_1a/SYNOPSYS_UNCONNECTED_1  
    core_instance1/sfp_instance/fifo_inst_int/SYNOPSYS_UNCONNECTED_7  
    core_instance1/sfp_instance/fifo_inst_int/SYNOPSYS_UNCONNECTED_6  
    core_instance1/sfp_instance/fifo_inst_int/SYNOPSYS_UNCONNECTED_5  
    core_instance1/sfp_instance/fifo_inst_int/SYNOPSYS_UNCONNECTED_4  
    core_instance1/sfp_instance/fifo_inst_int/SYNOPSYS_UNCONNECTED_3  
    core_instance1/sfp_instance/fifo_inst_int/SYNOPSYS_UNCONNECTED_2  
    core_instance1/sfp_instance/fifo_inst_int/SYNOPSYS_UNCONNECTED_1  
    core_instance1/sfp_instance/fifo_inst_int/o_empty  
    core_instance1/sfp_instance/fifo_inst_int/o_full  
    core_instance1/sfp_instance/SYNOPSYS_UNCONNECTED_7  
    core_instance1/sfp_instance/SYNOPSYS_UNCONNECTED_6  
    core_instance1/sfp_instance/SYNOPSYS_UNCONNECTED_5  
    core_instance1/sfp_instance/SYNOPSYS_UNCONNECTED_4  
    core_instance1/sfp_instance/SYNOPSYS_UNCONNECTED_3  
    core_instance1/sfp_instance/SYNOPSYS_UNCONNECTED_2  
    core_instance1/sfp_instance/SYNOPSYS_UNCONNECTED_1  
    core_instance1/sfp_instance/sparse_row  
    core_instance1/ofifo_instance/col_idx_7__ofifo_instance/o_empty  
    core_instance1/ofifo_instance/col_idx_7__ofifo_instance/o_full  
    core_instance1/ofifo_instance/col_idx_6__ofifo_instance/o_empty  
    core_instance1/ofifo_instance/col_idx_6__ofifo_instance/o_full  
    core_instance1/ofifo_instance/col_idx_5__ofifo_instance/o_empty  
    core_instance1/ofifo_instance/col_idx_5__ofifo_instance/o_full  
    core_instance1/ofifo_instance/col_idx_4__ofifo_instance/o_empty  
    core_instance1/ofifo_instance/col_idx_4__ofifo_instance/o_full  
    core_instance1/ofifo_instance/col_idx_3__ofifo_instance/o_empty  
    core_instance1/ofifo_instance/col_idx_3__ofifo_instance/o_full  
    core_instance1/ofifo_instance/col_idx_2__ofifo_instance/o_empty  
    core_instance1/ofifo_instance/col_idx_2__ofifo_instance/o_full  
    core_instance1/ofifo_instance/col_idx_1__ofifo_instance/o_empty  
    core_instance1/ofifo_instance/col_idx_1__ofifo_instance/o_full  
    core_instance1/ofifo_instance/col_idx_0__ofifo_instance/o_empty  
    core_instance1/ofifo_instance/col_idx_0__ofifo_instance/o_full  
    core_instance1/ofifo_instance/o_full  
    core_instance1/ofifo_instance/o_valid  
    core_instance1/mac_array_instance/col_idx_4__mac_col_inst/cnt_q[2]  
    core_instance1/mac_array_instance/col_idx_3__mac_col_inst/cnt_q[2]  
    core_instance1/mac_array_instance/col_idx_2__mac_col_inst/cnt_q[1]  
    core_instance1/mac_array_instance/SYNOPSYS_UNCONNECTED_74  
    core_instance1/mac_array_instance/SYNOPSYS_UNCONNECTED_73  
    core_instance1/mac_array_instance/SYNOPSYS_UNCONNECTED_72  
    core_instance1/mac_array_instance/SYNOPSYS_UNCONNECTED_71  
    core_instance1/mac_array_instance/SYNOPSYS_UNCONNECTED_70  
    core_instance1/mac_array_instance/SYNOPSYS_UNCONNECTED_69  
    core_instance1/mac_array_instance/SYNOPSYS_UNCONNECTED_68  
    core_instance1/mac_array_instance/SYNOPSYS_UNCONNECTED_67  
    core_instance1/mac_array_instance/SYNOPSYS_UNCONNECTED_66  
    core_instance1/mac_array_instance/SYNOPSYS_UNCONNECTED_65  
    core_instance1/mac_array_instance/SYNOPSYS_UNCONNECTED_64  
    core_instance1/mac_array_instance/SYNOPSYS_UNCONNECTED_63  
    core_instance1/mac_array_instance/SYNOPSYS_UNCONNECTED_62  
    core_instance1/mac_array_instance/SYNOPSYS_UNCONNECTED_61  
    core_instance1/mac_array_instance/SYNOPSYS_UNCONNECTED_60  
    core_instance1/mac_array_instance/SYNOPSYS_UNCONNECTED_59  
    core_instance1/mac_array_instance/SYNOPSYS_UNCONNECTED_58  
    core_instance1/mac_array_instance/SYNOPSYS_UNCONNECTED_57  
    core_instance1/mac_array_instance/SYNOPSYS_UNCONNECTED_56  
    core_instance1/mac_array_instance/SYNOPSYS_UNCONNECTED_55  
    core_instance1/mac_array_instance/SYNOPSYS_UNCONNECTED_54  
    core_instance1/mac_array_instance/SYNOPSYS_UNCONNECTED_53  
    core_instance1/mac_array_instance/SYNOPSYS_UNCONNECTED_52  
    core_instance1/mac_array_instance/SYNOPSYS_UNCONNECTED_51  
    core_instance1/mac_array_instance/SYNOPSYS_UNCONNECTED_50  
    core_instance1/mac_array_instance/SYNOPSYS_UNCONNECTED_49  
    core_instance1/mac_array_instance/SYNOPSYS_UNCONNECTED_48  
    core_instance1/mac_array_instance/SYNOPSYS_UNCONNECTED_47  
    core_instance1/mac_array_instance/SYNOPSYS_UNCONNECTED_46  
    core_instance1/mac_array_instance/SYNOPSYS_UNCONNECTED_45  
    core_instance1/mac_array_instance/SYNOPSYS_UNCONNECTED_44  
    core_instance1/mac_array_instance/SYNOPSYS_UNCONNECTED_43  
    core_instance1/mac_array_instance/SYNOPSYS_UNCONNECTED_42  
    core_instance1/mac_array_instance/SYNOPSYS_UNCONNECTED_41  
    core_instance1/mac_array_instance/SYNOPSYS_UNCONNECTED_40  
    core_instance1/mac_array_instance/SYNOPSYS_UNCONNECTED_39  
    core_instance1/mac_array_instance/SYNOPSYS_UNCONNECTED_38  
    core_instance1/mac_array_instance/SYNOPSYS_UNCONNECTED_37  
    core_instance1/mac_array_instance/SYNOPSYS_UNCONNECTED_36  
    core_instance1/mac_array_instance/SYNOPSYS_UNCONNECTED_35  
    core_instance1/mac_array_instance/SYNOPSYS_UNCONNECTED_34  
    core_instance1/mac_array_instance/SYNOPSYS_UNCONNECTED_33  
    core_instance1/mac_array_instance/SYNOPSYS_UNCONNECTED_32  
    core_instance1/mac_array_instance/SYNOPSYS_UNCONNECTED_31  
    core_instance1/mac_array_instance/SYNOPSYS_UNCONNECTED_30  
    core_instance1/mac_array_instance/SYNOPSYS_UNCONNECTED_29  
    core_instance1/mac_array_instance/SYNOPSYS_UNCONNECTED_28  
    core_instance1/mac_array_instance/SYNOPSYS_UNCONNECTED_27  
    core_instance1/mac_array_instance/SYNOPSYS_UNCONNECTED_26  
    core_instance1/mac_array_instance/SYNOPSYS_UNCONNECTED_25  
    core_instance1/mac_array_instance/SYNOPSYS_UNCONNECTED_24  
    core_instance1/mac_array_instance/SYNOPSYS_UNCONNECTED_23  
    core_instance1/mac_array_instance/SYNOPSYS_UNCONNECTED_22  
    core_instance1/mac_array_instance/SYNOPSYS_UNCONNECTED_21  
    core_instance1/mac_array_instance/SYNOPSYS_UNCONNECTED_20  
    core_instance1/mac_array_instance/SYNOPSYS_UNCONNECTED_19  
    core_instance1/mac_array_instance/SYNOPSYS_UNCONNECTED_18  
    core_instance1/mac_array_instance/SYNOPSYS_UNCONNECTED_17  
    core_instance1/mac_array_instance/SYNOPSYS_UNCONNECTED_16  
    core_instance1/mac_array_instance/SYNOPSYS_UNCONNECTED_15  
    core_instance1/mac_array_instance/SYNOPSYS_UNCONNECTED_14  
    core_instance1/mac_array_instance/SYNOPSYS_UNCONNECTED_13  
    core_instance1/mac_array_instance/SYNOPSYS_UNCONNECTED_12  
    core_instance1/mac_array_instance/SYNOPSYS_UNCONNECTED_11  
    core_instance1/mac_array_instance/SYNOPSYS_UNCONNECTED_10  
    core_instance1/mac_array_instance/SYNOPSYS_UNCONNECTED_9  
    core_instance1/mac_array_instance/SYNOPSYS_UNCONNECTED_8  
    core_instance1/mac_array_instance/SYNOPSYS_UNCONNECTED_7  
    core_instance1/mac_array_instance/SYNOPSYS_UNCONNECTED_6  
    core_instance1/mac_array_instance/SYNOPSYS_UNCONNECTED_5  
    core_instance1/mac_array_instance/SYNOPSYS_UNCONNECTED_4  
    core_instance1/mac_array_instance/SYNOPSYS_UNCONNECTED_3  
    core_instance1/mac_array_instance/SYNOPSYS_UNCONNECTED_2  
    core_instance1/mac_array_instance/SYNOPSYS_UNCONNECTED_1  
    core_instance1/psum_mem_instance/C5789/CONTROL16  
    core_instance1/psum_mem_instance/C5789/CONTROL15  
    core_instance1/psum_mem_instance/C5789/CONTROL14  
    core_instance1/psum_mem_instance/C5789/CONTROL13  
    core_instance1/psum_mem_instance/C5789/CONTROL12  
    core_instance1/psum_mem_instance/C5789/CONTROL11  
    core_instance1/psum_mem_instance/C5789/CONTROL10  
    core_instance1/psum_mem_instance/C5789/CONTROL9  
    core_instance1/psum_mem_instance/C5789/DATA16  
    core_instance1/psum_mem_instance/C5789/DATA15  
    core_instance1/psum_mem_instance/C5789/DATA14  
    core_instance1/psum_mem_instance/C5789/DATA13  
    core_instance1/psum_mem_instance/C5789/DATA12  
    core_instance1/psum_mem_instance/C5789/DATA11  
    core_instance1/psum_mem_instance/C5789/DATA10  
    core_instance1/psum_mem_instance/C5789/DATA9  
    core_instance1/psum_mem_instance/C5788/CONTROL16  
    core_instance1/psum_mem_instance/C5788/CONTROL15  
    core_instance1/psum_mem_instance/C5788/CONTROL14  
    core_instance1/psum_mem_instance/C5788/CONTROL13  
    core_instance1/psum_mem_instance/C5788/CONTROL12  
    core_instance1/psum_mem_instance/C5788/CONTROL11  
    core_instance1/psum_mem_instance/C5788/CONTROL10  
    core_instance1/psum_mem_instance/C5788/CONTROL9  
    core_instance1/psum_mem_instance/C5788/CONTROL8  
    core_instance1/psum_mem_instance/C5788/CONTROL7  
    core_instance1/psum_mem_instance/C5788/CONTROL6  
    core_instance1/psum_mem_instance/C5788/CONTROL5  
    core_instance1/psum_mem_instance/C5788/CONTROL4  
    core_instance1/psum_mem_instance/C5788/CONTROL3  
    core_instance1/psum_mem_instance/C5788/DATA16  
    core_instance1/psum_mem_instance/C5788/DATA15  
    core_instance1/psum_mem_instance/C5788/DATA14  
    core_instance1/psum_mem_instance/C5788/DATA13  
    core_instance1/psum_mem_instance/C5788/DATA12  
    core_instance1/psum_mem_instance/C5788/DATA11  
    core_instance1/psum_mem_instance/C5788/DATA10  
    core_instance1/psum_mem_instance/C5788/DATA9  
    core_instance1/psum_mem_instance/C5788/DATA8  
    core_instance1/psum_mem_instance/C5788/DATA7  
    core_instance1/psum_mem_instance/C5788/DATA6  
    core_instance1/psum_mem_instance/C5788/DATA5  
    core_instance1/psum_mem_instance/C5788/DATA4  
    core_instance1/psum_mem_instance/C5788/DATA3  
    core_instance1/psum_mem_instance/C5787/CONTROL16  
    core_instance1/psum_mem_instance/C5787/CONTROL15  
    core_instance1/psum_mem_instance/C5787/CONTROL14  
    core_instance1/psum_mem_instance/C5787/CONTROL13  
    core_instance1/psum_mem_instance/C5787/CONTROL12  
    core_instance1/psum_mem_instance/C5787/CONTROL11  
    core_instance1/psum_mem_instance/C5787/CONTROL10  
    core_instance1/psum_mem_instance/C5787/CONTROL9  
    core_instance1/psum_mem_instance/C5787/CONTROL8  
    core_instance1/psum_mem_instance/C5787/CONTROL7  
    core_instance1/psum_mem_instance/C5787/CONTROL6  
    core_instance1/psum_mem_instance/C5787/CONTROL5  
    core_instance1/psum_mem_instance/C5787/CONTROL4  
    core_instance1/psum_mem_instance/C5787/CONTROL3  
    core_instance1/psum_mem_instance/C5787/DATA16  
    core_instance1/psum_mem_instance/C5787/DATA15  
    core_instance1/psum_mem_instance/C5787/DATA14  
    core_instance1/psum_mem_instance/C5787/DATA13  
    core_instance1/psum_mem_instance/C5787/DATA12  
    core_instance1/psum_mem_instance/C5787/DATA11  
    core_instance1/psum_mem_instance/C5787/DATA10  
    core_instance1/psum_mem_instance/C5787/DATA9  
    core_instance1/psum_mem_instance/C5787/DATA8  
    core_instance1/psum_mem_instance/C5787/DATA7  
    core_instance1/psum_mem_instance/C5787/DATA6  
    core_instance1/psum_mem_instance/C5787/DATA5  
    core_instance1/psum_mem_instance/C5787/DATA4  
    core_instance1/psum_mem_instance/C5787/DATA3  
    core_instance1/psum_mem_instance/C5786/CONTROL16  
    core_instance1/psum_mem_instance/C5786/CONTROL15  
    core_instance1/psum_mem_instance/C5786/CONTROL14  
    core_instance1/psum_mem_instance/C5786/CONTROL13  
    core_instance1/psum_mem_instance/C5786/CONTROL12  
    core_instance1/psum_mem_instance/C5786/CONTROL11  
    core_instance1/psum_mem_instance/C5786/CONTROL10  
    core_instance1/psum_mem_instance/C5786/CONTROL9  
    core_instance1/psum_mem_instance/C5786/CONTROL8  
    core_instance1/psum_mem_instance/C5786/CONTROL7  
    core_instance1/psum_mem_instance/C5786/CONTROL6  
    core_instance1/psum_mem_instance/C5786/CONTROL5  
    core_instance1/psum_mem_instance/C5786/CONTROL4  
    core_instance1/psum_mem_instance/C5786/CONTROL3  
    core_instance1/psum_mem_instance/C5786/DATA16  
    core_instance1/psum_mem_instance/C5786/DATA15  
    core_instance1/psum_mem_instance/C5786/DATA14  
    core_instance1/psum_mem_instance/C5786/DATA13  
    core_instance1/psum_mem_instance/C5786/DATA12  
    core_instance1/psum_mem_instance/C5786/DATA11  
    core_instance1/psum_mem_instance/C5786/DATA10  
    core_instance1/psum_mem_instance/C5786/DATA9  
    core_instance1/psum_mem_instance/C5786/DATA8  
    core_instance1/psum_mem_instance/C5786/DATA7  
    core_instance1/psum_mem_instance/C5786/DATA6  
    core_instance1/psum_mem_instance/C5786/DATA5  
    core_instance1/psum_mem_instance/C5786/DATA4  
    core_instance1/psum_mem_instance/C5786/DATA3  
    core_instance1/psum_mem_instance/C5785/CONTROL16  
    core_instance1/psum_mem_instance/C5785/CONTROL15  
    core_instance1/psum_mem_instance/C5785/CONTROL14  
    core_instance1/psum_mem_instance/C5785/CONTROL13  
    core_instance1/psum_mem_instance/C5785/CONTROL12  
    core_instance1/psum_mem_instance/C5785/CONTROL11  
    core_instance1/psum_mem_instance/C5785/CONTROL10  
    core_instance1/psum_mem_instance/C5785/CONTROL9  
    core_instance1/psum_mem_instance/C5785/CONTROL8  
    core_instance1/psum_mem_instance/C5785/CONTROL7  
    core_instance1/psum_mem_instance/C5785/CONTROL6  
    core_instance1/psum_mem_instance/C5785/CONTROL5  
    core_instance1/psum_mem_instance/C5785/CONTROL4  
    core_instance1/psum_mem_instance/C5785/CONTROL3  
    core_instance1/psum_mem_instance/C5785/DATA16  
    core_instance1/psum_mem_instance/C5785/DATA15  
    core_instance1/psum_mem_instance/C5785/DATA14  
    core_instance1/psum_mem_instance/C5785/DATA13  
    core_instance1/psum_mem_instance/C5785/DATA12  
    core_instance1/psum_mem_instance/C5785/DATA11  
    core_instance1/psum_mem_instance/C5785/DATA10  
    core_instance1/psum_mem_instance/C5785/DATA9  
    core_instance1/psum_mem_instance/C5785/DATA8  
    core_instance1/psum_mem_instance/C5785/DATA7  
    core_instance1/psum_mem_instance/C5785/DATA6  
    core_instance1/psum_mem_instance/C5785/DATA5  
    core_instance1/psum_mem_instance/C5785/DATA4  
    core_instance1/psum_mem_instance/C5785/DATA3  
    core_instance1/psum_mem_instance/C5784/CONTROL16  
    core_instance1/psum_mem_instance/C5784/CONTROL15  
    core_instance1/psum_mem_instance/C5784/CONTROL14  
    core_instance1/psum_mem_instance/C5784/CONTROL13  
    core_instance1/psum_mem_instance/C5784/CONTROL12  
    core_instance1/psum_mem_instance/C5784/CONTROL11  
    core_instance1/psum_mem_instance/C5784/CONTROL10  
    core_instance1/psum_mem_instance/C5784/CONTROL9  
    core_instance1/psum_mem_instance/C5784/CONTROL8  
    core_instance1/psum_mem_instance/C5784/CONTROL7  
    core_instance1/psum_mem_instance/C5784/CONTROL6  
    core_instance1/psum_mem_instance/C5784/CONTROL5  
    core_instance1/psum_mem_instance/C5784/CONTROL4  
    core_instance1/psum_mem_instance/C5784/CONTROL3  
    core_instance1/psum_mem_instance/C5784/DATA16  
    core_instance1/psum_mem_instance/C5784/DATA15  
    core_instance1/psum_mem_instance/C5784/DATA14  
    core_instance1/psum_mem_instance/C5784/DATA13  
    core_instance1/psum_mem_instance/C5784/DATA12  
    core_instance1/psum_mem_instance/C5784/DATA11  
    core_instance1/psum_mem_instance/C5784/DATA10  
    core_instance1/psum_mem_instance/C5784/DATA9  
    core_instance1/psum_mem_instance/C5784/DATA8  
    core_instance1/psum_mem_instance/C5784/DATA7  
    core_instance1/psum_mem_instance/C5784/DATA6  
    core_instance1/psum_mem_instance/C5784/DATA5  
    core_instance1/psum_mem_instance/C5784/DATA4  
    core_instance1/psum_mem_instance/C5784/DATA3  
    core_instance1/psum_mem_instance/C5783/CONTROL16  
    core_instance1/psum_mem_instance/C5783/CONTROL15  
    core_instance1/psum_mem_instance/C5783/CONTROL14  
    core_instance1/psum_mem_instance/C5783/CONTROL13  
    core_instance1/psum_mem_instance/C5783/CONTROL12  
    core_instance1/psum_mem_instance/C5783/CONTROL11  
    core_instance1/psum_mem_instance/C5783/CONTROL10  
    core_instance1/psum_mem_instance/C5783/CONTROL9  
    core_instance1/psum_mem_instance/C5783/CONTROL8  
    core_instance1/psum_mem_instance/C5783/CONTROL7  
    core_instance1/psum_mem_instance/C5783/CONTROL6  
    core_instance1/psum_mem_instance/C5783/CONTROL5  
    core_instance1/psum_mem_instance/C5783/CONTROL4  
    core_instance1/psum_mem_instance/C5783/CONTROL3  
    core_instance1/psum_mem_instance/C5783/DATA16  
    core_instance1/psum_mem_instance/C5783/DATA15  
    core_instance1/psum_mem_instance/C5783/DATA14  
    core_instance1/psum_mem_instance/C5783/DATA13  
    core_instance1/psum_mem_instance/C5783/DATA12  
    core_instance1/psum_mem_instance/C5783/DATA11  
    core_instance1/psum_mem_instance/C5783/DATA10  
    core_instance1/psum_mem_instance/C5783/DATA9  
    core_instance1/psum_mem_instance/C5783/DATA8  
    core_instance1/psum_mem_instance/C5783/DATA7  
    core_instance1/psum_mem_instance/C5783/DATA6  
    core_instance1/psum_mem_instance/C5783/DATA5  
    core_instance1/psum_mem_instance/C5783/DATA4  
    core_instance1/psum_mem_instance/C5783/DATA3  
    core_instance1/psum_mem_instance/C5782/CONTROL16  
    core_instance1/psum_mem_instance/C5782/CONTROL15  
    core_instance1/psum_mem_instance/C5782/CONTROL14  
    core_instance1/psum_mem_instance/C5782/CONTROL13  
    core_instance1/psum_mem_instance/C5782/CONTROL12  
    core_instance1/psum_mem_instance/C5782/CONTROL11  
    core_instance1/psum_mem_instance/C5782/CONTROL10  
    core_instance1/psum_mem_instance/C5782/CONTROL9  
    core_instance1/psum_mem_instance/C5782/CONTROL8  
    core_instance1/psum_mem_instance/C5782/CONTROL7  
    core_instance1/psum_mem_instance/C5782/CONTROL6  
    core_instance1/psum_mem_instance/C5782/CONTROL5  
    core_instance1/psum_mem_instance/C5782/CONTROL4  
    core_instance1/psum_mem_instance/C5782/CONTROL3  
    core_instance1/psum_mem_instance/C5782/DATA16  
    core_instance1/psum_mem_instance/C5782/DATA15  
    core_instance1/psum_mem_instance/C5782/DATA14  
    core_instance1/psum_mem_instance/C5782/DATA13  
    core_instance1/psum_mem_instance/C5782/DATA12  
    core_instance1/psum_mem_instance/C5782/DATA11  
    core_instance1/psum_mem_instance/C5782/DATA10  
    core_instance1/psum_mem_instance/C5782/DATA9  
    core_instance1/psum_mem_instance/C5782/DATA8  
    core_instance1/psum_mem_instance/C5782/DATA7  
    core_instance1/psum_mem_instance/C5782/DATA6  
    core_instance1/psum_mem_instance/C5782/DATA5  
    core_instance1/psum_mem_instance/C5782/DATA4  
    core_instance1/psum_mem_instance/C5782/DATA3  
    core_instance1/psum_mem_instance/C5781/CONTROL16  
    core_instance1/psum_mem_instance/C5781/CONTROL15  
    core_instance1/psum_mem_instance/C5781/CONTROL14  
    core_instance1/psum_mem_instance/C5781/CONTROL13  
    core_instance1/psum_mem_instance/C5781/CONTROL12  
    core_instance1/psum_mem_instance/C5781/CONTROL11  
    core_instance1/psum_mem_instance/C5781/CONTROL10  
    core_instance1/psum_mem_instance/C5781/CONTROL9  
    core_instance1/psum_mem_instance/C5781/CONTROL8  
    core_instance1/psum_mem_instance/C5781/CONTROL7  
    core_instance1/psum_mem_instance/C5781/CONTROL6  
    core_instance1/psum_mem_instance/C5781/CONTROL5  
    core_instance1/psum_mem_instance/C5781/CONTROL4  
    core_instance1/psum_mem_instance/C5781/CONTROL3  
    core_instance1/psum_mem_instance/C5781/DATA16  
    core_instance1/psum_mem_instance/C5781/DATA15  
    core_instance1/psum_mem_instance/C5781/DATA14  
    core_instance1/psum_mem_instance/C5781/DATA13  
    core_instance1/psum_mem_instance/C5781/DATA12  
    core_instance1/psum_mem_instance/C5781/DATA11  
    core_instance1/psum_mem_instance/C5781/DATA10  
    core_instance1/psum_mem_instance/C5781/DATA9  
    core_instance1/psum_mem_instance/C5781/DATA8  
    core_instance1/psum_mem_instance/C5781/DATA7  
    core_instance1/psum_mem_instance/C5781/DATA6  
    core_instance1/psum_mem_instance/C5781/DATA5  
    core_instance1/psum_mem_instance/C5781/DATA4  
    core_instance1/psum_mem_instance/C5781/DATA3  
    core_instance1/psum_mem_instance/C5780/CONTROL16  
    core_instance1/psum_mem_instance/C5780/CONTROL15  
    core_instance1/psum_mem_instance/C5780/CONTROL14  
    core_instance1/psum_mem_instance/C5780/CONTROL13  
    core_instance1/psum_mem_instance/C5780/CONTROL12  
    core_instance1/psum_mem_instance/C5780/CONTROL11  
    core_instance1/psum_mem_instance/C5780/CONTROL10  
    core_instance1/psum_mem_instance/C5780/CONTROL9  
    core_instance1/psum_mem_instance/C5780/DATA16  
    core_instance1/psum_mem_instance/C5780/DATA15  
    core_instance1/psum_mem_instance/C5780/DATA14  
    core_instance1/psum_mem_instance/C5780/DATA13  
    core_instance1/psum_mem_instance/C5780/DATA12  
    core_instance1/psum_mem_instance/C5780/DATA11  
    core_instance1/psum_mem_instance/C5780/DATA10  
    core_instance1/psum_mem_instance/C5780/DATA9  
    core_instance1/psum_mem_instance/C5779/CONTROL16  
    core_instance1/psum_mem_instance/C5779/CONTROL15  
    core_instance1/psum_mem_instance/C5779/CONTROL14  
    core_instance1/psum_mem_instance/C5779/CONTROL13  
    core_instance1/psum_mem_instance/C5779/CONTROL12  
    core_instance1/psum_mem_instance/C5779/CONTROL11  
    core_instance1/psum_mem_instance/C5779/CONTROL10  
    core_instance1/psum_mem_instance/C5779/CONTROL9  
    core_instance1/psum_mem_instance/C5779/DATA16  
    core_instance1/psum_mem_instance/C5779/DATA15  
    core_instance1/psum_mem_instance/C5779/DATA14  
    core_instance1/psum_mem_instance/C5779/DATA13  
    core_instance1/psum_mem_instance/C5779/DATA12  
    core_instance1/psum_mem_instance/C5779/DATA11  
    core_instance1/psum_mem_instance/C5779/DATA10  
    core_instance1/psum_mem_instance/C5779/DATA9  
    core_instance1/psum_mem_instance/C5778/CONTROL16  
    core_instance1/psum_mem_instance/C5778/CONTROL15  
    core_instance1/psum_mem_instance/C5778/CONTROL14  
    core_instance1/psum_mem_instance/C5778/CONTROL13  
    core_instance1/psum_mem_instance/C5778/CONTROL12  
    core_instance1/psum_mem_instance/C5778/CONTROL11  
    core_instance1/psum_mem_instance/C5778/CONTROL10  
    core_instance1/psum_mem_instance/C5778/CONTROL9  
    core_instance1/psum_mem_instance/C5778/DATA16  
    core_instance1/psum_mem_instance/C5778/DATA15  
    core_instance1/psum_mem_instance/C5778/DATA14  
    core_instance1/psum_mem_instance/C5778/DATA13  
    core_instance1/psum_mem_instance/C5778/DATA12  
    core_instance1/psum_mem_instance/C5778/DATA11  
    core_instance1/psum_mem_instance/C5778/DATA10  
    core_instance1/psum_mem_instance/C5778/DATA9  
    core_instance1/psum_mem_instance/C5777/CONTROL16  
    core_instance1/psum_mem_instance/C5777/CONTROL15  
    core_instance1/psum_mem_instance/C5777/CONTROL14  
    core_instance1/psum_mem_instance/C5777/CONTROL13  
    core_instance1/psum_mem_instance/C5777/CONTROL12  
    core_instance1/psum_mem_instance/C5777/CONTROL11  
    core_instance1/psum_mem_instance/C5777/CONTROL10  
    core_instance1/psum_mem_instance/C5777/CONTROL9  
    core_instance1/psum_mem_instance/C5777/DATA16  
    core_instance1/psum_mem_instance/C5777/DATA15  
    core_instance1/psum_mem_instance/C5777/DATA14  
    core_instance1/psum_mem_instance/C5777/DATA13  
    core_instance1/psum_mem_instance/C5777/DATA12  
    core_instance1/psum_mem_instance/C5777/DATA11  
    core_instance1/psum_mem_instance/C5777/DATA10  
    core_instance1/psum_mem_instance/C5777/DATA9  
    core_instance1/psum_mem_instance/C5776/CONTROL16  
    core_instance1/psum_mem_instance/C5776/CONTROL15  
    core_instance1/psum_mem_instance/C5776/CONTROL14  
    core_instance1/psum_mem_instance/C5776/CONTROL13  
    core_instance1/psum_mem_instance/C5776/CONTROL12  
    core_instance1/psum_mem_instance/C5776/CONTROL11  
    core_instance1/psum_mem_instance/C5776/CONTROL10  
    core_instance1/psum_mem_instance/C5776/CONTROL9  
    core_instance1/psum_mem_instance/C5776/DATA16  
    core_instance1/psum_mem_instance/C5776/DATA15  
    core_instance1/psum_mem_instance/C5776/DATA14  
    core_instance1/psum_mem_instance/C5776/DATA13  
    core_instance1/psum_mem_instance/C5776/DATA12  
    core_instance1/psum_mem_instance/C5776/DATA11  
    core_instance1/psum_mem_instance/C5776/DATA10  
    core_instance1/psum_mem_instance/C5776/DATA9  
    core_instance1/psum_mem_instance/C5775/CONTROL16  
    core_instance1/psum_mem_instance/C5775/CONTROL15  
    core_instance1/psum_mem_instance/C5775/CONTROL14  
    core_instance1/psum_mem_instance/C5775/CONTROL13  
    core_instance1/psum_mem_instance/C5775/CONTROL12  
    core_instance1/psum_mem_instance/C5775/CONTROL11  
    core_instance1/psum_mem_instance/C5775/CONTROL10  
    core_instance1/psum_mem_instance/C5775/CONTROL9  
    core_instance1/psum_mem_instance/C5775/DATA16  
    core_instance1/psum_mem_instance/C5775/DATA15  
    core_instance1/psum_mem_instance/C5775/DATA14  
    core_instance1/psum_mem_instance/C5775/DATA13  
    core_instance1/psum_mem_instance/C5775/DATA12  
    core_instance1/psum_mem_instance/C5775/DATA11  
    core_instance1/psum_mem_instance/C5775/DATA10  
    core_instance1/psum_mem_instance/C5775/DATA9  
    core_instance1/psum_mem_instance/C5774/CONTROL16  
    core_instance1/psum_mem_instance/C5774/CONTROL15  
    core_instance1/psum_mem_instance/C5774/CONTROL14  
    core_instance1/psum_mem_instance/C5774/CONTROL13  
    core_instance1/psum_mem_instance/C5774/CONTROL12  
    core_instance1/psum_mem_instance/C5774/CONTROL11  
    core_instance1/psum_mem_instance/C5774/CONTROL10  
    core_instance1/psum_mem_instance/C5774/CONTROL9  
    core_instance1/psum_mem_instance/C5774/DATA16  
    core_instance1/psum_mem_instance/C5774/DATA15  
    core_instance1/psum_mem_instance/C5774/DATA14  
    core_instance1/psum_mem_instance/C5774/DATA13  
    core_instance1/psum_mem_instance/C5774/DATA12  
    core_instance1/psum_mem_instance/C5774/DATA11  
    core_instance1/psum_mem_instance/C5774/DATA10  
    core_instance1/psum_mem_instance/C5774/DATA9  
    core_instance1/psum_mem_instance/C5773/CONTROL16  
    core_instance1/psum_mem_instance/C5773/CONTROL15  
    core_instance1/psum_mem_instance/C5773/CONTROL14  
    core_instance1/psum_mem_instance/C5773/CONTROL13  
    core_instance1/psum_mem_instance/C5773/CONTROL12  
    core_instance1/psum_mem_instance/C5773/CONTROL11  
    core_instance1/psum_mem_instance/C5773/CONTROL10  
    core_instance1/psum_mem_instance/C5773/CONTROL9  
    core_instance1/psum_mem_instance/C5773/DATA16  
    core_instance1/psum_mem_instance/C5773/DATA15  
    core_instance1/psum_mem_instance/C5773/DATA14  
    core_instance1/psum_mem_instance/C5773/DATA13  
    core_instance1/psum_mem_instance/C5773/DATA12  
    core_instance1/psum_mem_instance/C5773/DATA11  
    core_instance1/psum_mem_instance/C5773/DATA10  
    core_instance1/psum_mem_instance/C5773/DATA9  
    core_instance1/psum_mem_instance/memory7[0]  
    core_instance1/psum_mem_instance/memory7[1]  
    core_instance1/psum_mem_instance/memory7[2]  
    core_instance1/psum_mem_instance/memory7[3]  
    core_instance1/psum_mem_instance/memory7[4]  
    core_instance1/psum_mem_instance/memory7[5]  
    core_instance1/psum_mem_instance/memory7[6]  
    core_instance1/psum_mem_instance/memory7[7]  
    core_instance1/psum_mem_instance/memory7[8]  
    core_instance1/psum_mem_instance/memory7[9]  
    core_instance1/psum_mem_instance/memory7[10]  
    core_instance1/psum_mem_instance/memory7[11]  
    core_instance1/psum_mem_instance/memory7[12]  
    core_instance1/psum_mem_instance/memory7[13]  
    core_instance1/psum_mem_instance/memory7[14]  
    core_instance1/psum_mem_instance/memory7[15]  
    core_instance1/psum_mem_instance/memory7[16]  
    core_instance1/psum_mem_instance/memory7[17]  
    core_instance1/psum_mem_instance/memory7[18]  
    core_instance1/psum_mem_instance/memory7[19]  
    core_instance1/psum_mem_instance/memory7[20]  
    core_instance1/psum_mem_instance/memory7[21]  
    core_instance1/psum_mem_instance/memory7[22]  
    core_instance1/psum_mem_instance/memory7[23]  
    core_instance1/psum_mem_instance/memory7[24]  
    core_instance1/psum_mem_instance/memory7[25]  
    core_instance1/psum_mem_instance/memory7[26]  
    core_instance1/psum_mem_instance/memory7[27]  
    core_instance1/psum_mem_instance/memory7[28]  
    core_instance1/psum_mem_instance/memory7[29]  
    core_instance1/psum_mem_instance/memory7[30]  
    core_instance1/psum_mem_instance/memory7[31]  
    core_instance1/psum_mem_instance/memory7[32]  
    core_instance1/psum_mem_instance/memory7[33]  
    core_instance1/psum_mem_instance/memory7[34]  
    core_instance1/psum_mem_instance/memory7[35]  
    core_instance1/psum_mem_instance/memory7[36]  
    core_instance1/psum_mem_instance/memory7[37]  
    core_instance1/psum_mem_instance/memory7[38]  
    core_instance1/psum_mem_instance/memory7[39]  
    core_instance1/psum_mem_instance/memory7[40]  
    core_instance1/psum_mem_instance/memory7[41]  
    core_instance1/psum_mem_instance/memory7[42]  
    core_instance1/psum_mem_instance/memory7[43]  
    core_instance1/psum_mem_instance/memory7[44]  
    core_instance1/psum_mem_instance/memory7[45]  
    core_instance1/psum_mem_instance/memory7[46]  
    core_instance1/psum_mem_instance/memory7[47]  
    core_instance1/psum_mem_instance/memory7[48]  
    core_instance1/psum_mem_instance/memory7[49]  
    core_instance1/psum_mem_instance/memory7[50]  
    core_instance1/psum_mem_instance/memory7[51]  
    core_instance1/psum_mem_instance/memory7[52]  
    core_instance1/psum_mem_instance/memory7[53]  
    core_instance1/psum_mem_instance/memory7[54]  
    core_instance1/psum_mem_instance/memory7[55]  
    core_instance1/psum_mem_instance/memory7[56]  
    core_instance1/psum_mem_instance/memory7[57]  
    core_instance1/psum_mem_instance/memory7[58]  
    core_instance1/psum_mem_instance/memory7[59]  
    core_instance1/psum_mem_instance/memory7[60]  
    core_instance1/psum_mem_instance/memory7[61]  
    core_instance1/psum_mem_instance/memory7[62]  
    core_instance1/psum_mem_instance/memory7[63]  
    core_instance1/psum_mem_instance/memory7[64]  
    core_instance1/psum_mem_instance/memory7[65]  
    core_instance1/psum_mem_instance/memory7[66]  
    core_instance1/psum_mem_instance/memory7[67]  
    core_instance1/psum_mem_instance/memory7[68]  
    core_instance1/psum_mem_instance/memory7[69]  
    core_instance1/psum_mem_instance/memory7[70]  
    core_instance1/psum_mem_instance/memory7[71]  
    core_instance1/psum_mem_instance/memory7[72]  
    core_instance1/psum_mem_instance/memory7[73]  
    core_instance1/psum_mem_instance/memory7[74]  
    core_instance1/psum_mem_instance/memory7[75]  
    core_instance1/psum_mem_instance/memory7[76]  
    core_instance1/psum_mem_instance/memory7[77]  
    core_instance1/psum_mem_instance/memory7[78]  
    core_instance1/psum_mem_instance/memory7[79]  
    core_instance1/psum_mem_instance/memory7[80]  
    core_instance1/psum_mem_instance/memory7[81]  
    core_instance1/psum_mem_instance/memory7[82]  
    core_instance1/psum_mem_instance/memory7[83]  
    core_instance1/psum_mem_instance/memory7[84]  
    core_instance1/psum_mem_instance/memory7[85]  
    core_instance1/psum_mem_instance/memory7[86]  
    core_instance1/psum_mem_instance/memory7[87]  
    core_instance1/psum_mem_instance/memory7[88]  
    core_instance1/psum_mem_instance/memory7[89]  
    core_instance1/psum_mem_instance/memory7[90]  
    core_instance1/psum_mem_instance/memory7[91]  
    core_instance1/psum_mem_instance/memory7[92]  
    core_instance1/psum_mem_instance/memory7[93]  
    core_instance1/psum_mem_instance/memory7[94]  
    core_instance1/psum_mem_instance/memory7[95]  
    core_instance1/psum_mem_instance/memory7[96]  
    core_instance1/psum_mem_instance/memory7[97]  
    core_instance1/psum_mem_instance/memory7[98]  
    core_instance1/psum_mem_instance/memory7[99]  
    core_instance1/psum_mem_instance/memory7[100]  
    core_instance1/psum_mem_instance/memory7[101]  
    core_instance1/psum_mem_instance/memory7[102]  
    core_instance1/psum_mem_instance/memory7[103]  
    core_instance1/psum_mem_instance/memory7[104]  
    core_instance1/psum_mem_instance/memory7[105]  
    core_instance1/psum_mem_instance/memory7[106]  
    core_instance1/psum_mem_instance/memory7[107]  
    core_instance1/psum_mem_instance/memory7[108]  
    core_instance1/psum_mem_instance/memory7[109]  
    core_instance1/psum_mem_instance/memory7[110]  
    core_instance1/psum_mem_instance/memory7[111]  
    core_instance1/psum_mem_instance/memory7[112]  
    core_instance1/psum_mem_instance/memory7[113]  
    core_instance1/psum_mem_instance/memory7[114]  
    core_instance1/psum_mem_instance/memory7[115]  
    core_instance1/psum_mem_instance/memory7[116]  
    core_instance1/psum_mem_instance/memory7[117]  
    core_instance1/psum_mem_instance/memory7[118]  
    core_instance1/psum_mem_instance/memory7[119]  
    core_instance1/psum_mem_instance/memory7[120]  
    core_instance1/psum_mem_instance/memory7[121]  
    core_instance1/psum_mem_instance/memory7[122]  
    core_instance1/psum_mem_instance/memory7[123]  
    core_instance1/psum_mem_instance/memory7[124]  
    core_instance1/psum_mem_instance/memory7[125]  
    core_instance1/psum_mem_instance/memory7[126]  
    core_instance1/psum_mem_instance/memory7[127]  
    core_instance1/psum_mem_instance/memory7[128]  
    core_instance1/psum_mem_instance/memory7[129]  
    core_instance1/psum_mem_instance/memory7[130]  
    core_instance1/psum_mem_instance/memory7[131]  
    core_instance1/psum_mem_instance/memory7[132]  
    core_instance1/psum_mem_instance/memory7[133]  
    core_instance1/psum_mem_instance/memory7[134]  
    core_instance1/psum_mem_instance/memory7[135]  
    core_instance1/psum_mem_instance/memory7[136]  
    core_instance1/psum_mem_instance/memory7[137]  
    core_instance1/psum_mem_instance/memory7[138]  
    core_instance1/psum_mem_instance/memory7[139]  
    core_instance1/psum_mem_instance/memory7[140]  
    core_instance1/psum_mem_instance/memory7[141]  
    core_instance1/psum_mem_instance/memory7[142]  
    core_instance1/psum_mem_instance/memory7[143]  
    core_instance1/psum_mem_instance/memory7[144]  
    core_instance1/psum_mem_instance/memory7[145]  
    core_instance1/psum_mem_instance/memory7[146]  
    core_instance1/psum_mem_instance/memory7[147]  
    core_instance1/psum_mem_instance/memory7[148]  
    core_instance1/psum_mem_instance/memory7[149]  
    core_instance1/psum_mem_instance/memory7[150]  
    core_instance1/psum_mem_instance/memory7[151]  
    core_instance1/psum_mem_instance/memory7[152]  
    core_instance1/psum_mem_instance/memory7[153]  
    core_instance1/psum_mem_instance/memory7[154]  
    core_instance1/psum_mem_instance/memory7[155]  
    core_instance1/psum_mem_instance/memory7[156]  
    core_instance1/psum_mem_instance/memory7[157]  
    core_instance1/psum_mem_instance/memory7[158]  
    core_instance1/psum_mem_instance/memory7[159]  
    core_instance1/psum_mem_instance/memory6[0]  
    core_instance1/psum_mem_instance/memory6[1]  
    core_instance1/psum_mem_instance/memory6[2]  
    core_instance1/psum_mem_instance/memory6[3]  
    core_instance1/psum_mem_instance/memory6[4]  
    core_instance1/psum_mem_instance/memory6[5]  
    core_instance1/psum_mem_instance/memory6[6]  
    core_instance1/psum_mem_instance/memory6[7]  
    core_instance1/psum_mem_instance/memory6[8]  
    core_instance1/psum_mem_instance/memory6[9]  
    core_instance1/psum_mem_instance/memory6[10]  
    core_instance1/psum_mem_instance/memory6[11]  
    core_instance1/psum_mem_instance/memory6[12]  
    core_instance1/psum_mem_instance/memory6[13]  
    core_instance1/psum_mem_instance/memory6[14]  
    core_instance1/psum_mem_instance/memory6[15]  
    core_instance1/psum_mem_instance/memory6[16]  
    core_instance1/psum_mem_instance/memory6[17]  
    core_instance1/psum_mem_instance/memory6[18]  
    core_instance1/psum_mem_instance/memory6[19]  
    core_instance1/psum_mem_instance/memory6[20]  
    core_instance1/psum_mem_instance/memory6[21]  
    core_instance1/psum_mem_instance/memory6[22]  
    core_instance1/psum_mem_instance/memory6[23]  
    core_instance1/psum_mem_instance/memory6[24]  
    core_instance1/psum_mem_instance/memory6[25]  
    core_instance1/psum_mem_instance/memory6[26]  
    core_instance1/psum_mem_instance/memory6[27]  
    core_instance1/psum_mem_instance/memory6[28]  
    core_instance1/psum_mem_instance/memory6[29]  
    core_instance1/psum_mem_instance/memory6[30]  
    core_instance1/psum_mem_instance/memory6[31]  
    core_instance1/psum_mem_instance/memory6[32]  
    core_instance1/psum_mem_instance/memory6[33]  
    core_instance1/psum_mem_instance/memory6[34]  
    core_instance1/psum_mem_instance/memory6[35]  
    core_instance1/psum_mem_instance/memory6[36]  
    core_instance1/psum_mem_instance/memory6[37]  
    core_instance1/psum_mem_instance/memory6[38]  
    core_instance1/psum_mem_instance/memory6[39]  
    core_instance1/psum_mem_instance/memory6[40]  
    core_instance1/psum_mem_instance/memory6[41]  
    core_instance1/psum_mem_instance/memory6[42]  
    core_instance1/psum_mem_instance/memory6[43]  
    core_instance1/psum_mem_instance/memory6[44]  
    core_instance1/psum_mem_instance/memory6[45]  
    core_instance1/psum_mem_instance/memory6[46]  
    core_instance1/psum_mem_instance/memory6[47]  
    core_instance1/psum_mem_instance/memory6[48]  
    core_instance1/psum_mem_instance/memory6[49]  
    core_instance1/psum_mem_instance/memory6[50]  
    core_instance1/psum_mem_instance/memory6[51]  
    core_instance1/psum_mem_instance/memory6[52]  
    core_instance1/psum_mem_instance/memory6[53]  
    core_instance1/psum_mem_instance/memory6[54]  
    core_instance1/psum_mem_instance/memory6[55]  
    core_instance1/psum_mem_instance/memory6[56]  
    core_instance1/psum_mem_instance/memory6[57]  
    core_instance1/psum_mem_instance/memory6[58]  
    core_instance1/psum_mem_instance/memory6[59]  
    core_instance1/psum_mem_instance/memory6[60]  
    core_instance1/psum_mem_instance/memory6[61]  
    core_instance1/psum_mem_instance/memory6[62]  
    core_instance1/psum_mem_instance/memory6[63]  
    core_instance1/psum_mem_instance/memory6[64]  
    core_instance1/psum_mem_instance/memory6[65]  
    core_instance1/psum_mem_instance/memory6[66]  
    core_instance1/psum_mem_instance/memory6[67]  
    core_instance1/psum_mem_instance/memory6[68]  
    core_instance1/psum_mem_instance/memory6[69]  
    core_instance1/psum_mem_instance/memory6[70]  
    core_instance1/psum_mem_instance/memory6[71]  
    core_instance1/psum_mem_instance/memory6[72]  
    core_instance1/psum_mem_instance/memory6[73]  
    core_instance1/psum_mem_instance/memory6[74]  
    core_instance1/psum_mem_instance/memory6[75]  
    core_instance1/psum_mem_instance/memory6[76]  
    core_instance1/psum_mem_instance/memory6[77]  
    core_instance1/psum_mem_instance/memory6[78]  
    core_instance1/psum_mem_instance/memory6[79]  
    core_instance1/psum_mem_instance/memory6[80]  
    core_instance1/psum_mem_instance/memory6[81]  
    core_instance1/psum_mem_instance/memory6[82]  
    core_instance1/psum_mem_instance/memory6[83]  
    core_instance1/psum_mem_instance/memory6[84]  
    core_instance1/psum_mem_instance/memory6[85]  
    core_instance1/psum_mem_instance/memory6[86]  
    core_instance1/psum_mem_instance/memory6[87]  
    core_instance1/psum_mem_instance/memory6[88]  
    core_instance1/psum_mem_instance/memory6[89]  
    core_instance1/psum_mem_instance/memory6[90]  
    core_instance1/psum_mem_instance/memory6[91]  
    core_instance1/psum_mem_instance/memory6[92]  
    core_instance1/psum_mem_instance/memory6[93]  
    core_instance1/psum_mem_instance/memory6[94]  
    core_instance1/psum_mem_instance/memory6[95]  
    core_instance1/psum_mem_instance/memory6[96]  
    core_instance1/psum_mem_instance/memory6[97]  
    core_instance1/psum_mem_instance/memory6[98]  
    core_instance1/psum_mem_instance/memory6[99]  
    core_instance1/psum_mem_instance/memory6[100]  
    core_instance1/psum_mem_instance/memory6[101]  
    core_instance1/psum_mem_instance/memory6[102]  
    core_instance1/psum_mem_instance/memory6[103]  
    core_instance1/psum_mem_instance/memory6[104]  
    core_instance1/psum_mem_instance/memory6[105]  
    core_instance1/psum_mem_instance/memory6[106]  
    core_instance1/psum_mem_instance/memory6[107]  
    core_instance1/psum_mem_instance/memory6[108]  
    core_instance1/psum_mem_instance/memory6[109]  
    core_instance1/psum_mem_instance/memory6[110]  
    core_instance1/psum_mem_instance/memory6[111]  
    core_instance1/psum_mem_instance/memory6[112]  
    core_instance1/psum_mem_instance/memory6[113]  
    core_instance1/psum_mem_instance/memory6[114]  
    core_instance1/psum_mem_instance/memory6[115]  
    core_instance1/psum_mem_instance/memory6[116]  
    core_instance1/psum_mem_instance/memory6[117]  
    core_instance1/psum_mem_instance/memory6[118]  
    core_instance1/psum_mem_instance/memory6[119]  
    core_instance1/psum_mem_instance/memory6[120]  
    core_instance1/psum_mem_instance/memory6[121]  
    core_instance1/psum_mem_instance/memory6[122]  
    core_instance1/psum_mem_instance/memory6[123]  
    core_instance1/psum_mem_instance/memory6[124]  
    core_instance1/psum_mem_instance/memory6[125]  
    core_instance1/psum_mem_instance/memory6[126]  
    core_instance1/psum_mem_instance/memory6[127]  
    core_instance1/psum_mem_instance/memory6[128]  
    core_instance1/psum_mem_instance/memory6[129]  
    core_instance1/psum_mem_instance/memory6[130]  
    core_instance1/psum_mem_instance/memory6[131]  
    core_instance1/psum_mem_instance/memory6[132]  
    core_instance1/psum_mem_instance/memory6[133]  
    core_instance1/psum_mem_instance/memory6[134]  
    core_instance1/psum_mem_instance/memory6[135]  
    core_instance1/psum_mem_instance/memory6[136]  
    core_instance1/psum_mem_instance/memory6[137]  
    core_instance1/psum_mem_instance/memory6[138]  
    core_instance1/psum_mem_instance/memory6[139]  
    core_instance1/psum_mem_instance/memory6[140]  
    core_instance1/psum_mem_instance/memory6[141]  
    core_instance1/psum_mem_instance/memory6[142]  
    core_instance1/psum_mem_instance/memory6[143]  
    core_instance1/psum_mem_instance/memory6[144]  
    core_instance1/psum_mem_instance/memory6[145]  
    core_instance1/psum_mem_instance/memory6[146]  
    core_instance1/psum_mem_instance/memory6[147]  
    core_instance1/psum_mem_instance/memory6[148]  
    core_instance1/psum_mem_instance/memory6[149]  
    core_instance1/psum_mem_instance/memory6[150]  
    core_instance1/psum_mem_instance/memory6[151]  
    core_instance1/psum_mem_instance/memory6[152]  
    core_instance1/psum_mem_instance/memory6[153]  
    core_instance1/psum_mem_instance/memory6[154]  
    core_instance1/psum_mem_instance/memory6[155]  
    core_instance1/psum_mem_instance/memory6[156]  
    core_instance1/psum_mem_instance/memory6[157]  
    core_instance1/psum_mem_instance/memory6[158]  
    core_instance1/psum_mem_instance/memory6[159]  
    core_instance1/psum_mem_instance/memory5[0]  
    core_instance1/psum_mem_instance/memory5[1]  
    core_instance1/psum_mem_instance/memory5[2]  
    core_instance1/psum_mem_instance/memory5[3]  
    core_instance1/psum_mem_instance/memory5[4]  
    core_instance1/psum_mem_instance/memory5[5]  
    core_instance1/psum_mem_instance/memory5[6]  
    core_instance1/psum_mem_instance/memory5[7]  
    core_instance1/psum_mem_instance/memory5[8]  
    core_instance1/psum_mem_instance/memory5[9]  
    core_instance1/psum_mem_instance/memory5[10]  
    core_instance1/psum_mem_instance/memory5[11]  
    core_instance1/psum_mem_instance/memory5[12]  
    core_instance1/psum_mem_instance/memory5[13]  
    core_instance1/psum_mem_instance/memory5[14]  
    core_instance1/psum_mem_instance/memory5[15]  
    core_instance1/psum_mem_instance/memory5[16]  
    core_instance1/psum_mem_instance/memory5[17]  
    core_instance1/psum_mem_instance/memory5[18]  
    core_instance1/psum_mem_instance/memory5[19]  
    core_instance1/psum_mem_instance/memory5[20]  
    core_instance1/psum_mem_instance/memory5[21]  
    core_instance1/psum_mem_instance/memory5[22]  
    core_instance1/psum_mem_instance/memory5[23]  
    core_instance1/psum_mem_instance/memory5[24]  
    core_instance1/psum_mem_instance/memory5[25]  
    core_instance1/psum_mem_instance/memory5[26]  
    core_instance1/psum_mem_instance/memory5[27]  
    core_instance1/psum_mem_instance/memory5[28]  
    core_instance1/psum_mem_instance/memory5[29]  
    core_instance1/psum_mem_instance/memory5[30]  
    core_instance1/psum_mem_instance/memory5[31]  
    core_instance1/psum_mem_instance/memory5[32]  
    core_instance1/psum_mem_instance/memory5[33]  
    core_instance1/psum_mem_instance/memory5[34]  
    core_instance1/psum_mem_instance/memory5[35]  
    core_instance1/psum_mem_instance/memory5[36]  
    core_instance1/psum_mem_instance/memory5[37]  
    core_instance1/psum_mem_instance/memory5[38]  
    core_instance1/psum_mem_instance/memory5[39]  
    core_instance1/psum_mem_instance/memory5[40]  
    core_instance1/psum_mem_instance/memory5[41]  
    core_instance1/psum_mem_instance/memory5[42]  
    core_instance1/psum_mem_instance/memory5[43]  
    core_instance1/psum_mem_instance/memory5[44]  
    core_instance1/psum_mem_instance/memory5[45]  
    core_instance1/psum_mem_instance/memory5[46]  
    core_instance1/psum_mem_instance/memory5[47]  
    core_instance1/psum_mem_instance/memory5[48]  
    core_instance1/psum_mem_instance/memory5[49]  
    core_instance1/psum_mem_instance/memory5[50]  
    core_instance1/psum_mem_instance/memory5[51]  
    core_instance1/psum_mem_instance/memory5[52]  
    core_instance1/psum_mem_instance/memory5[53]  
    core_instance1/psum_mem_instance/memory5[54]  
    core_instance1/psum_mem_instance/memory5[55]  
    core_instance1/psum_mem_instance/memory5[56]  
    core_instance1/psum_mem_instance/memory5[57]  
    core_instance1/psum_mem_instance/memory5[58]  
    core_instance1/psum_mem_instance/memory5[59]  
    core_instance1/psum_mem_instance/memory5[60]  
    core_instance1/psum_mem_instance/memory5[61]  
    core_instance1/psum_mem_instance/memory5[62]  
    core_instance1/psum_mem_instance/memory5[63]  
    core_instance1/psum_mem_instance/memory5[64]  
    core_instance1/psum_mem_instance/memory5[65]  
    core_instance1/psum_mem_instance/memory5[66]  
    core_instance1/psum_mem_instance/memory5[67]  
    core_instance1/psum_mem_instance/memory5[68]  
    core_instance1/psum_mem_instance/memory5[69]  
    core_instance1/psum_mem_instance/memory5[70]  
    core_instance1/psum_mem_instance/memory5[71]  
    core_instance1/psum_mem_instance/memory5[72]  
    core_instance1/psum_mem_instance/memory5[73]  
    core_instance1/psum_mem_instance/memory5[74]  
    core_instance1/psum_mem_instance/memory5[75]  
    core_instance1/psum_mem_instance/memory5[76]  
    core_instance1/psum_mem_instance/memory5[77]  
    core_instance1/psum_mem_instance/memory5[78]  
    core_instance1/psum_mem_instance/memory5[79]  
    core_instance1/psum_mem_instance/memory5[80]  
    core_instance1/psum_mem_instance/memory5[81]  
    core_instance1/psum_mem_instance/memory5[82]  
    core_instance1/psum_mem_instance/memory5[83]  
    core_instance1/psum_mem_instance/memory5[84]  
    core_instance1/psum_mem_instance/memory5[85]  
    core_instance1/psum_mem_instance/memory5[86]  
    core_instance1/psum_mem_instance/memory5[87]  
    core_instance1/psum_mem_instance/memory5[88]  
    core_instance1/psum_mem_instance/memory5[89]  
    core_instance1/psum_mem_instance/memory5[90]  
    core_instance1/psum_mem_instance/memory5[91]  
    core_instance1/psum_mem_instance/memory5[92]  
    core_instance1/psum_mem_instance/memory5[93]  
    core_instance1/psum_mem_instance/memory5[94]  
    core_instance1/psum_mem_instance/memory5[95]  
    core_instance1/psum_mem_instance/memory5[96]  
    core_instance1/psum_mem_instance/memory5[97]  
    core_instance1/psum_mem_instance/memory5[98]  
    core_instance1/psum_mem_instance/memory5[99]  
    core_instance1/psum_mem_instance/memory5[100]  
    core_instance1/psum_mem_instance/memory5[101]  
    core_instance1/psum_mem_instance/memory5[102]  
    core_instance1/psum_mem_instance/memory5[103]  
    core_instance1/psum_mem_instance/memory5[104]  
    core_instance1/psum_mem_instance/memory5[105]  
    core_instance1/psum_mem_instance/memory5[106]  
    core_instance1/psum_mem_instance/memory5[107]  
    core_instance1/psum_mem_instance/memory5[108]  
    core_instance1/psum_mem_instance/memory5[109]  
    core_instance1/psum_mem_instance/memory5[110]  
    core_instance1/psum_mem_instance/memory5[111]  
    core_instance1/psum_mem_instance/memory5[112]  
    core_instance1/psum_mem_instance/memory5[113]  
    core_instance1/psum_mem_instance/memory5[114]  
    core_instance1/psum_mem_instance/memory5[115]  
    core_instance1/psum_mem_instance/memory5[116]  
    core_instance1/psum_mem_instance/memory5[117]  
    core_instance1/psum_mem_instance/memory5[118]  
    core_instance1/psum_mem_instance/memory5[119]  
    core_instance1/psum_mem_instance/memory5[120]  
    core_instance1/psum_mem_instance/memory5[121]  
    core_instance1/psum_mem_instance/memory5[122]  
    core_instance1/psum_mem_instance/memory5[123]  
    core_instance1/psum_mem_instance/memory5[124]  
    core_instance1/psum_mem_instance/memory5[125]  
    core_instance1/psum_mem_instance/memory5[126]  
    core_instance1/psum_mem_instance/memory5[127]  
    core_instance1/psum_mem_instance/memory5[128]  
    core_instance1/psum_mem_instance/memory5[129]  
    core_instance1/psum_mem_instance/memory5[130]  
    core_instance1/psum_mem_instance/memory5[131]  
    core_instance1/psum_mem_instance/memory5[132]  
    core_instance1/psum_mem_instance/memory5[133]  
    core_instance1/psum_mem_instance/memory5[134]  
    core_instance1/psum_mem_instance/memory5[135]  
    core_instance1/psum_mem_instance/memory5[136]  
    core_instance1/psum_mem_instance/memory5[137]  
    core_instance1/psum_mem_instance/memory5[138]  
    core_instance1/psum_mem_instance/memory5[139]  
    core_instance1/psum_mem_instance/memory5[140]  
    core_instance1/psum_mem_instance/memory5[141]  
    core_instance1/psum_mem_instance/memory5[142]  
    core_instance1/psum_mem_instance/memory5[143]  
    core_instance1/psum_mem_instance/memory5[144]  
    core_instance1/psum_mem_instance/memory5[145]  
    core_instance1/psum_mem_instance/memory5[146]  
    core_instance1/psum_mem_instance/memory5[147]  
    core_instance1/psum_mem_instance/memory5[148]  
    core_instance1/psum_mem_instance/memory5[149]  
    core_instance1/psum_mem_instance/memory5[150]  
    core_instance1/psum_mem_instance/memory5[151]  
    core_instance1/psum_mem_instance/memory5[152]  
    core_instance1/psum_mem_instance/memory5[153]  
    core_instance1/psum_mem_instance/memory5[154]  
    core_instance1/psum_mem_instance/memory5[155]  
    core_instance1/psum_mem_instance/memory5[156]  
    core_instance1/psum_mem_instance/memory5[157]  
    core_instance1/psum_mem_instance/memory5[158]  
    core_instance1/psum_mem_instance/memory5[159]  
    core_instance1/psum_mem_instance/memory4[0]  
    core_instance1/psum_mem_instance/memory4[1]  
    core_instance1/psum_mem_instance/memory4[2]  
    core_instance1/psum_mem_instance/memory4[3]  
    core_instance1/psum_mem_instance/memory4[4]  
    core_instance1/psum_mem_instance/memory4[5]  
    core_instance1/psum_mem_instance/memory4[6]  
    core_instance1/psum_mem_instance/memory4[7]  
    core_instance1/psum_mem_instance/memory4[8]  
    core_instance1/psum_mem_instance/memory4[9]  
    core_instance1/psum_mem_instance/memory4[10]  
    core_instance1/psum_mem_instance/memory4[11]  
    core_instance1/psum_mem_instance/memory4[12]  
    core_instance1/psum_mem_instance/memory4[13]  
    core_instance1/psum_mem_instance/memory4[14]  
    core_instance1/psum_mem_instance/memory4[15]  
    core_instance1/psum_mem_instance/memory4[16]  
    core_instance1/psum_mem_instance/memory4[17]  
    core_instance1/psum_mem_instance/memory4[18]  
    core_instance1/psum_mem_instance/memory4[19]  
    core_instance1/psum_mem_instance/memory4[20]  
    core_instance1/psum_mem_instance/memory4[21]  
    core_instance1/psum_mem_instance/memory4[22]  
    core_instance1/psum_mem_instance/memory4[23]  
    core_instance1/psum_mem_instance/memory4[24]  
    core_instance1/psum_mem_instance/memory4[25]  
    core_instance1/psum_mem_instance/memory4[26]  
    core_instance1/psum_mem_instance/memory4[27]  
    core_instance1/psum_mem_instance/memory4[28]  
    core_instance1/psum_mem_instance/memory4[29]  
    core_instance1/psum_mem_instance/memory4[30]  
    core_instance1/psum_mem_instance/memory4[31]  
    core_instance1/psum_mem_instance/memory4[32]  
    core_instance1/psum_mem_instance/memory4[33]  
    core_instance1/psum_mem_instance/memory4[34]  
    core_instance1/psum_mem_instance/memory4[35]  
    core_instance1/psum_mem_instance/memory4[36]  
    core_instance1/psum_mem_instance/memory4[37]  
    core_instance1/psum_mem_instance/memory4[38]  
    core_instance1/psum_mem_instance/memory4[39]  
    core_instance1/psum_mem_instance/memory4[40]  
    core_instance1/psum_mem_instance/memory4[41]  
    core_instance1/psum_mem_instance/memory4[42]  
    core_instance1/psum_mem_instance/memory4[43]  
    core_instance1/psum_mem_instance/memory4[44]  
    core_instance1/psum_mem_instance/memory4[45]  
    core_instance1/psum_mem_instance/memory4[46]  
    core_instance1/psum_mem_instance/memory4[47]  
    core_instance1/psum_mem_instance/memory4[48]  
    core_instance1/psum_mem_instance/memory4[49]  
    core_instance1/psum_mem_instance/memory4[50]  
    core_instance1/psum_mem_instance/memory4[51]  
    core_instance1/psum_mem_instance/memory4[52]  
    core_instance1/psum_mem_instance/memory4[53]  
    core_instance1/psum_mem_instance/memory4[54]  
    core_instance1/psum_mem_instance/memory4[55]  
    core_instance1/psum_mem_instance/memory4[56]  
    core_instance1/psum_mem_instance/memory4[57]  
    core_instance1/psum_mem_instance/memory4[58]  
    core_instance1/psum_mem_instance/memory4[59]  
    core_instance1/psum_mem_instance/memory4[60]  
    core_instance1/psum_mem_instance/memory4[61]  
    core_instance1/psum_mem_instance/memory4[62]  
    core_instance1/psum_mem_instance/memory4[63]  
    core_instance1/psum_mem_instance/memory4[64]  
    core_instance1/psum_mem_instance/memory4[65]  
    core_instance1/psum_mem_instance/memory4[66]  
    core_instance1/psum_mem_instance/memory4[67]  
    core_instance1/psum_mem_instance/memory4[68]  
    core_instance1/psum_mem_instance/memory4[69]  
    core_instance1/psum_mem_instance/memory4[70]  
    core_instance1/psum_mem_instance/memory4[71]  
    core_instance1/psum_mem_instance/memory4[72]  
    core_instance1/psum_mem_instance/memory4[73]  
    core_instance1/psum_mem_instance/memory4[74]  
    core_instance1/psum_mem_instance/memory4[75]  
    core_instance1/psum_mem_instance/memory4[76]  
    core_instance1/psum_mem_instance/memory4[77]  
    core_instance1/psum_mem_instance/memory4[78]  
    core_instance1/psum_mem_instance/memory4[79]  
    core_instance1/psum_mem_instance/memory4[80]  
    core_instance1/psum_mem_instance/memory4[81]  
    core_instance1/psum_mem_instance/memory4[82]  
    core_instance1/psum_mem_instance/memory4[83]  
    core_instance1/psum_mem_instance/memory4[84]  
    core_instance1/psum_mem_instance/memory4[85]  
    core_instance1/psum_mem_instance/memory4[86]  
    core_instance1/psum_mem_instance/memory4[87]  
    core_instance1/psum_mem_instance/memory4[88]  
    core_instance1/psum_mem_instance/memory4[89]  
    core_instance1/psum_mem_instance/memory4[90]  
    core_instance1/psum_mem_instance/memory4[91]  
    core_instance1/psum_mem_instance/memory4[92]  
    core_instance1/psum_mem_instance/memory4[93]  
    core_instance1/psum_mem_instance/memory4[94]  
    core_instance1/psum_mem_instance/memory4[95]  
    core_instance1/psum_mem_instance/memory4[96]  
    core_instance1/psum_mem_instance/memory4[97]  
    core_instance1/psum_mem_instance/memory4[98]  
    core_instance1/psum_mem_instance/memory4[99]  
    core_instance1/psum_mem_instance/memory4[100]  
    core_instance1/psum_mem_instance/memory4[101]  
    core_instance1/psum_mem_instance/memory4[102]  
    core_instance1/psum_mem_instance/memory4[103]  
    core_instance1/psum_mem_instance/memory4[104]  
    core_instance1/psum_mem_instance/memory4[105]  
    core_instance1/psum_mem_instance/memory4[106]  
    core_instance1/psum_mem_instance/memory4[107]  
    core_instance1/psum_mem_instance/memory4[108]  
    core_instance1/psum_mem_instance/memory4[109]  
    core_instance1/psum_mem_instance/memory4[110]  
    core_instance1/psum_mem_instance/memory4[111]  
    core_instance1/psum_mem_instance/memory4[112]  
    core_instance1/psum_mem_instance/memory4[113]  
    core_instance1/psum_mem_instance/memory4[114]  
    core_instance1/psum_mem_instance/memory4[115]  
    core_instance1/psum_mem_instance/memory4[116]  
    core_instance1/psum_mem_instance/memory4[117]  
    core_instance1/psum_mem_instance/memory4[118]  
    core_instance1/psum_mem_instance/memory4[119]  
    core_instance1/psum_mem_instance/memory4[120]  
    core_instance1/psum_mem_instance/memory4[121]  
    core_instance1/psum_mem_instance/memory4[122]  
    core_instance1/psum_mem_instance/memory4[123]  
    core_instance1/psum_mem_instance/memory4[124]  
    core_instance1/psum_mem_instance/memory4[125]  
    core_instance1/psum_mem_instance/memory4[126]  
    core_instance1/psum_mem_instance/memory4[127]  
    core_instance1/psum_mem_instance/memory4[128]  
    core_instance1/psum_mem_instance/memory4[129]  
    core_instance1/psum_mem_instance/memory4[130]  
    core_instance1/psum_mem_instance/memory4[131]  
    core_instance1/psum_mem_instance/memory4[132]  
    core_instance1/psum_mem_instance/memory4[133]  
    core_instance1/psum_mem_instance/memory4[134]  
    core_instance1/psum_mem_instance/memory4[135]  
    core_instance1/psum_mem_instance/memory4[136]  
    core_instance1/psum_mem_instance/memory4[137]  
    core_instance1/psum_mem_instance/memory4[138]  
    core_instance1/psum_mem_instance/memory4[139]  
    core_instance1/psum_mem_instance/memory4[140]  
    core_instance1/psum_mem_instance/memory4[141]  
    core_instance1/psum_mem_instance/memory4[142]  
    core_instance1/psum_mem_instance/memory4[143]  
    core_instance1/psum_mem_instance/memory4[144]  
    core_instance1/psum_mem_instance/memory4[145]  
    core_instance1/psum_mem_instance/memory4[146]  
    core_instance1/psum_mem_instance/memory4[147]  
    core_instance1/psum_mem_instance/memory4[148]  
    core_instance1/psum_mem_instance/memory4[149]  
    core_instance1/psum_mem_instance/memory4[150]  
    core_instance1/psum_mem_instance/memory4[151]  
    core_instance1/psum_mem_instance/memory4[152]  
    core_instance1/psum_mem_instance/memory4[153]  
    core_instance1/psum_mem_instance/memory4[154]  
    core_instance1/psum_mem_instance/memory4[155]  
    core_instance1/psum_mem_instance/memory4[156]  
    core_instance1/psum_mem_instance/memory4[157]  
    core_instance1/psum_mem_instance/memory4[158]  
    core_instance1/psum_mem_instance/memory4[159]  
    core_instance1/psum_mem_instance/memory3[0]  
    core_instance1/psum_mem_instance/memory3[1]  
    core_instance1/psum_mem_instance/memory3[2]  
    core_instance1/psum_mem_instance/memory3[3]  
    core_instance1/psum_mem_instance/memory3[4]  
    core_instance1/psum_mem_instance/memory3[5]  
    core_instance1/psum_mem_instance/memory3[6]  
    core_instance1/psum_mem_instance/memory3[7]  
    core_instance1/psum_mem_instance/memory3[8]  
    core_instance1/psum_mem_instance/memory3[9]  
    core_instance1/psum_mem_instance/memory3[10]  
    core_instance1/psum_mem_instance/memory3[11]  
    core_instance1/psum_mem_instance/memory3[12]  
    core_instance1/psum_mem_instance/memory3[13]  
    core_instance1/psum_mem_instance/memory3[14]  
    core_instance1/psum_mem_instance/memory3[15]  
    core_instance1/psum_mem_instance/memory3[16]  
    core_instance1/psum_mem_instance/memory3[17]  
    core_instance1/psum_mem_instance/memory3[18]  
    core_instance1/psum_mem_instance/memory3[19]  
    core_instance1/psum_mem_instance/memory3[20]  
    core_instance1/psum_mem_instance/memory3[21]  
    core_instance1/psum_mem_instance/memory3[22]  
    core_instance1/psum_mem_instance/memory3[23]  
    core_instance1/psum_mem_instance/memory3[24]  
    core_instance1/psum_mem_instance/memory3[25]  
    core_instance1/psum_mem_instance/memory3[26]  
    core_instance1/psum_mem_instance/memory3[27]  
    core_instance1/psum_mem_instance/memory3[28]  
    core_instance1/psum_mem_instance/memory3[29]  
    core_instance1/psum_mem_instance/memory3[30]  
    core_instance1/psum_mem_instance/memory3[31]  
    core_instance1/psum_mem_instance/memory3[32]  
    core_instance1/psum_mem_instance/memory3[33]  
    core_instance1/psum_mem_instance/memory3[34]  
    core_instance1/psum_mem_instance/memory3[35]  
    core_instance1/psum_mem_instance/memory3[36]  
    core_instance1/psum_mem_instance/memory3[37]  
    core_instance1/psum_mem_instance/memory3[38]  
    core_instance1/psum_mem_instance/memory3[39]  
    core_instance1/psum_mem_instance/memory3[40]  
    core_instance1/psum_mem_instance/memory3[41]  
    core_instance1/psum_mem_instance/memory3[42]  
    core_instance1/psum_mem_instance/memory3[43]  
    core_instance1/psum_mem_instance/memory3[44]  
    core_instance1/psum_mem_instance/memory3[45]  
    core_instance1/psum_mem_instance/memory3[46]  
    core_instance1/psum_mem_instance/memory3[47]  
    core_instance1/psum_mem_instance/memory3[48]  
    core_instance1/psum_mem_instance/memory3[49]  
    core_instance1/psum_mem_instance/memory3[50]  
    core_instance1/psum_mem_instance/memory3[51]  
    core_instance1/psum_mem_instance/memory3[52]  
    core_instance1/psum_mem_instance/memory3[53]  
    core_instance1/psum_mem_instance/memory3[54]  
    core_instance1/psum_mem_instance/memory3[55]  
    core_instance1/psum_mem_instance/memory3[56]  
    core_instance1/psum_mem_instance/memory3[57]  
    core_instance1/psum_mem_instance/memory3[58]  
    core_instance1/psum_mem_instance/memory3[59]  
    core_instance1/psum_mem_instance/memory3[60]  
    core_instance1/psum_mem_instance/memory3[61]  
    core_instance1/psum_mem_instance/memory3[62]  
    core_instance1/psum_mem_instance/memory3[63]  
    core_instance1/psum_mem_instance/memory3[64]  
    core_instance1/psum_mem_instance/memory3[65]  
    core_instance1/psum_mem_instance/memory3[66]  
    core_instance1/psum_mem_instance/memory3[67]  
    core_instance1/psum_mem_instance/memory3[68]  
    core_instance1/psum_mem_instance/memory3[69]  
    core_instance1/psum_mem_instance/memory3[70]  
    core_instance1/psum_mem_instance/memory3[71]  
    core_instance1/psum_mem_instance/memory3[72]  
    core_instance1/psum_mem_instance/memory3[73]  
    core_instance1/psum_mem_instance/memory3[74]  
    core_instance1/psum_mem_instance/memory3[75]  
    core_instance1/psum_mem_instance/memory3[76]  
    core_instance1/psum_mem_instance/memory3[77]  
    core_instance1/psum_mem_instance/memory3[78]  
    core_instance1/psum_mem_instance/memory3[79]  
    core_instance1/psum_mem_instance/memory3[80]  
    core_instance1/psum_mem_instance/memory3[81]  
    core_instance1/psum_mem_instance/memory3[82]  
    core_instance1/psum_mem_instance/memory3[83]  
    core_instance1/psum_mem_instance/memory3[84]  
    core_instance1/psum_mem_instance/memory3[85]  
    core_instance1/psum_mem_instance/memory3[86]  
    core_instance1/psum_mem_instance/memory3[87]  
    core_instance1/psum_mem_instance/memory3[88]  
    core_instance1/psum_mem_instance/memory3[89]  
    core_instance1/psum_mem_instance/memory3[90]  
    core_instance1/psum_mem_instance/memory3[91]  
    core_instance1/psum_mem_instance/memory3[92]  
    core_instance1/psum_mem_instance/memory3[93]  
    core_instance1/psum_mem_instance/memory3[94]  
    core_instance1/psum_mem_instance/memory3[95]  
    core_instance1/psum_mem_instance/memory3[96]  
    core_instance1/psum_mem_instance/memory3[97]  
    core_instance1/psum_mem_instance/memory3[98]  
    core_instance1/psum_mem_instance/memory3[99]  
    core_instance1/psum_mem_instance/memory3[100]  
    core_instance1/psum_mem_instance/memory3[101]  
    core_instance1/psum_mem_instance/memory3[102]  
    core_instance1/psum_mem_instance/memory3[103]  
    core_instance1/psum_mem_instance/memory3[104]  
    core_instance1/psum_mem_instance/memory3[105]  
    core_instance1/psum_mem_instance/memory3[106]  
    core_instance1/psum_mem_instance/memory3[107]  
    core_instance1/psum_mem_instance/memory3[108]  
    core_instance1/psum_mem_instance/memory3[109]  
    core_instance1/psum_mem_instance/memory3[110]  
    core_instance1/psum_mem_instance/memory3[111]  
    core_instance1/psum_mem_instance/memory3[112]  
    core_instance1/psum_mem_instance/memory3[113]  
    core_instance1/psum_mem_instance/memory3[114]  
    core_instance1/psum_mem_instance/memory3[115]  
    core_instance1/psum_mem_instance/memory3[116]  
    core_instance1/psum_mem_instance/memory3[117]  
    core_instance1/psum_mem_instance/memory3[118]  
    core_instance1/psum_mem_instance/memory3[119]  
    core_instance1/psum_mem_instance/memory3[120]  
    core_instance1/psum_mem_instance/memory3[121]  
    core_instance1/psum_mem_instance/memory3[122]  
    core_instance1/psum_mem_instance/memory3[123]  
    core_instance1/psum_mem_instance/memory3[124]  
    core_instance1/psum_mem_instance/memory3[125]  
    core_instance1/psum_mem_instance/memory3[126]  
    core_instance1/psum_mem_instance/memory3[127]  
    core_instance1/psum_mem_instance/memory3[128]  
    core_instance1/psum_mem_instance/memory3[129]  
    core_instance1/psum_mem_instance/memory3[130]  
    core_instance1/psum_mem_instance/memory3[131]  
    core_instance1/psum_mem_instance/memory3[132]  
    core_instance1/psum_mem_instance/memory3[133]  
    core_instance1/psum_mem_instance/memory3[134]  
    core_instance1/psum_mem_instance/memory3[135]  
    core_instance1/psum_mem_instance/memory3[136]  
    core_instance1/psum_mem_instance/memory3[137]  
    core_instance1/psum_mem_instance/memory3[138]  
    core_instance1/psum_mem_instance/memory3[139]  
    core_instance1/psum_mem_instance/memory3[140]  
    core_instance1/psum_mem_instance/memory3[141]  
    core_instance1/psum_mem_instance/memory3[142]  
    core_instance1/psum_mem_instance/memory3[143]  
    core_instance1/psum_mem_instance/memory3[144]  
    core_instance1/psum_mem_instance/memory3[145]  
    core_instance1/psum_mem_instance/memory3[146]  
    core_instance1/psum_mem_instance/memory3[147]  
    core_instance1/psum_mem_instance/memory3[148]  
    core_instance1/psum_mem_instance/memory3[149]  
    core_instance1/psum_mem_instance/memory3[150]  
    core_instance1/psum_mem_instance/memory3[151]  
    core_instance1/psum_mem_instance/memory3[152]  
    core_instance1/psum_mem_instance/memory3[153]  
    core_instance1/psum_mem_instance/memory3[154]  
    core_instance1/psum_mem_instance/memory3[155]  
    core_instance1/psum_mem_instance/memory3[156]  
    core_instance1/psum_mem_instance/memory3[157]  
    core_instance1/psum_mem_instance/memory3[158]  
    core_instance1/psum_mem_instance/memory3[159]  
    core_instance1/psum_mem_instance/memory2[0]  
    core_instance1/psum_mem_instance/memory2[1]  
    core_instance1/psum_mem_instance/memory2[2]  
    core_instance1/psum_mem_instance/memory2[3]  
    core_instance1/psum_mem_instance/memory2[4]  
    core_instance1/psum_mem_instance/memory2[5]  
    core_instance1/psum_mem_instance/memory2[6]  
    core_instance1/psum_mem_instance/memory2[7]  
    core_instance1/psum_mem_instance/memory2[8]  
    core_instance1/psum_mem_instance/memory2[9]  
    core_instance1/psum_mem_instance/memory2[10]  
    core_instance1/psum_mem_instance/memory2[11]  
    core_instance1/psum_mem_instance/memory2[12]  
    core_instance1/psum_mem_instance/memory2[13]  
    core_instance1/psum_mem_instance/memory2[14]  
    core_instance1/psum_mem_instance/memory2[15]  
    core_instance1/psum_mem_instance/memory2[16]  
    core_instance1/psum_mem_instance/memory2[17]  
    core_instance1/psum_mem_instance/memory2[18]  
    core_instance1/psum_mem_instance/memory2[19]  
    core_instance1/psum_mem_instance/memory2[20]  
    core_instance1/psum_mem_instance/memory2[21]  
    core_instance1/psum_mem_instance/memory2[22]  
    core_instance1/psum_mem_instance/memory2[23]  
    core_instance1/psum_mem_instance/memory2[24]  
    core_instance1/psum_mem_instance/memory2[25]  
    core_instance1/psum_mem_instance/memory2[26]  
    core_instance1/psum_mem_instance/memory2[27]  
    core_instance1/psum_mem_instance/memory2[28]  
    core_instance1/psum_mem_instance/memory2[29]  
    core_instance1/psum_mem_instance/memory2[30]  
    core_instance1/psum_mem_instance/memory2[31]  
    core_instance1/psum_mem_instance/memory2[32]  
    core_instance1/psum_mem_instance/memory2[33]  
    core_instance1/psum_mem_instance/memory2[34]  
    core_instance1/psum_mem_instance/memory2[35]  
    core_instance1/psum_mem_instance/memory2[36]  
    core_instance1/psum_mem_instance/memory2[37]  
    core_instance1/psum_mem_instance/memory2[38]  
    core_instance1/psum_mem_instance/memory2[39]  
    core_instance1/psum_mem_instance/memory2[40]  
    core_instance1/psum_mem_instance/memory2[41]  
    core_instance1/psum_mem_instance/memory2[42]  
    core_instance1/psum_mem_instance/memory2[43]  
    core_instance1/psum_mem_instance/memory2[44]  
    core_instance1/psum_mem_instance/memory2[45]  
    core_instance1/psum_mem_instance/memory2[46]  
    core_instance1/psum_mem_instance/memory2[47]  
    core_instance1/psum_mem_instance/memory2[48]  
    core_instance1/psum_mem_instance/memory2[49]  
    core_instance1/psum_mem_instance/memory2[50]  
    core_instance1/psum_mem_instance/memory2[51]  
    core_instance1/psum_mem_instance/memory2[52]  
    core_instance1/psum_mem_instance/memory2[53]  
    core_instance1/psum_mem_instance/memory2[54]  
    core_instance1/psum_mem_instance/memory2[55]  
    core_instance1/psum_mem_instance/memory2[56]  
    core_instance1/psum_mem_instance/memory2[57]  
    core_instance1/psum_mem_instance/memory2[58]  
    core_instance1/psum_mem_instance/memory2[59]  
    core_instance1/psum_mem_instance/memory2[60]  
    core_instance1/psum_mem_instance/memory2[61]  
    core_instance1/psum_mem_instance/memory2[62]  
    core_instance1/psum_mem_instance/memory2[63]  
    core_instance1/psum_mem_instance/memory2[64]  
    core_instance1/psum_mem_instance/memory2[65]  
    core_instance1/psum_mem_instance/memory2[66]  
    core_instance1/psum_mem_instance/memory2[67]  
    core_instance1/psum_mem_instance/memory2[68]  
    core_instance1/psum_mem_instance/memory2[69]  
    core_instance1/psum_mem_instance/memory2[70]  
    core_instance1/psum_mem_instance/memory2[71]  
    core_instance1/psum_mem_instance/memory2[72]  
    core_instance1/psum_mem_instance/memory2[73]  
    core_instance1/psum_mem_instance/memory2[74]  
    core_instance1/psum_mem_instance/memory2[75]  
    core_instance1/psum_mem_instance/memory2[76]  
    core_instance1/psum_mem_instance/memory2[77]  
    core_instance1/psum_mem_instance/memory2[78]  
    core_instance1/psum_mem_instance/memory2[79]  
    core_instance1/psum_mem_instance/memory2[80]  
    core_instance1/psum_mem_instance/memory2[81]  
    core_instance1/psum_mem_instance/memory2[82]  
    core_instance1/psum_mem_instance/memory2[83]  
    core_instance1/psum_mem_instance/memory2[84]  
    core_instance1/psum_mem_instance/memory2[85]  
    core_instance1/psum_mem_instance/memory2[86]  
    core_instance1/psum_mem_instance/memory2[87]  
    core_instance1/psum_mem_instance/memory2[88]  
    core_instance1/psum_mem_instance/memory2[89]  
    core_instance1/psum_mem_instance/memory2[90]  
    core_instance1/psum_mem_instance/memory2[91]  
    core_instance1/psum_mem_instance/memory2[92]  
    core_instance1/psum_mem_instance/memory2[93]  
    core_instance1/psum_mem_instance/memory2[94]  
    core_instance1/psum_mem_instance/memory2[95]  
    core_instance1/psum_mem_instance/memory2[96]  
    core_instance1/psum_mem_instance/memory2[97]  
    core_instance1/psum_mem_instance/memory2[98]  
    core_instance1/psum_mem_instance/memory2[99]  
    core_instance1/psum_mem_instance/memory2[100]  
    core_instance1/psum_mem_instance/memory2[101]  
    core_instance1/psum_mem_instance/memory2[102]  
    core_instance1/psum_mem_instance/memory2[103]  
    core_instance1/psum_mem_instance/memory2[104]  
    core_instance1/psum_mem_instance/memory2[105]  
    core_instance1/psum_mem_instance/memory2[106]  
    core_instance1/psum_mem_instance/memory2[107]  
    core_instance1/psum_mem_instance/memory2[108]  
    core_instance1/psum_mem_instance/memory2[109]  
    core_instance1/psum_mem_instance/memory2[110]  
    core_instance1/psum_mem_instance/memory2[111]  
    core_instance1/psum_mem_instance/memory2[112]  
    core_instance1/psum_mem_instance/memory2[113]  
    core_instance1/psum_mem_instance/memory2[114]  
    core_instance1/psum_mem_instance/memory2[115]  
    core_instance1/psum_mem_instance/memory2[116]  
    core_instance1/psum_mem_instance/memory2[117]  
    core_instance1/psum_mem_instance/memory2[118]  
    core_instance1/psum_mem_instance/memory2[119]  
    core_instance1/psum_mem_instance/memory2[120]  
    core_instance1/psum_mem_instance/memory2[121]  
    core_instance1/psum_mem_instance/memory2[122]  
    core_instance1/psum_mem_instance/memory2[123]  
    core_instance1/psum_mem_instance/memory2[124]  
    core_instance1/psum_mem_instance/memory2[125]  
    core_instance1/psum_mem_instance/memory2[126]  
    core_instance1/psum_mem_instance/memory2[127]  
    core_instance1/psum_mem_instance/memory2[128]  
    core_instance1/psum_mem_instance/memory2[129]  
    core_instance1/psum_mem_instance/memory2[130]  
    core_instance1/psum_mem_instance/memory2[131]  
    core_instance1/psum_mem_instance/memory2[132]  
    core_instance1/psum_mem_instance/memory2[133]  
    core_instance1/psum_mem_instance/memory2[134]  
    core_instance1/psum_mem_instance/memory2[135]  
    core_instance1/psum_mem_instance/memory2[136]  
    core_instance1/psum_mem_instance/memory2[137]  
    core_instance1/psum_mem_instance/memory2[138]  
    core_instance1/psum_mem_instance/memory2[139]  
    core_instance1/psum_mem_instance/memory2[140]  
    core_instance1/psum_mem_instance/memory2[141]  
    core_instance1/psum_mem_instance/memory2[142]  
    core_instance1/psum_mem_instance/memory2[143]  
    core_instance1/psum_mem_instance/memory2[144]  
    core_instance1/psum_mem_instance/memory2[145]  
    core_instance1/psum_mem_instance/memory2[146]  
    core_instance1/psum_mem_instance/memory2[147]  
    core_instance1/psum_mem_instance/memory2[148]  
    core_instance1/psum_mem_instance/memory2[149]  
    core_instance1/psum_mem_instance/memory2[150]  
    core_instance1/psum_mem_instance/memory2[151]  
    core_instance1/psum_mem_instance/memory2[152]  
    core_instance1/psum_mem_instance/memory2[153]  
    core_instance1/psum_mem_instance/memory2[154]  
    core_instance1/psum_mem_instance/memory2[155]  
    core_instance1/psum_mem_instance/memory2[156]  
    core_instance1/psum_mem_instance/memory2[157]  
    core_instance1/psum_mem_instance/memory2[158]  
    core_instance1/psum_mem_instance/memory2[159]  
    core_instance1/psum_mem_instance/memory1[0]  
    core_instance1/psum_mem_instance/memory1[1]  
    core_instance1/psum_mem_instance/memory1[2]  
    core_instance1/psum_mem_instance/memory1[3]  
    core_instance1/psum_mem_instance/memory1[4]  
    core_instance1/psum_mem_instance/memory1[5]  
    core_instance1/psum_mem_instance/memory1[6]  
    core_instance1/psum_mem_instance/memory1[7]  
    core_instance1/psum_mem_instance/memory1[8]  
    core_instance1/psum_mem_instance/memory1[9]  
    core_instance1/psum_mem_instance/memory1[10]  
    core_instance1/psum_mem_instance/memory1[11]  
    core_instance1/psum_mem_instance/memory1[12]  
    core_instance1/psum_mem_instance/memory1[13]  
    core_instance1/psum_mem_instance/memory1[14]  
    core_instance1/psum_mem_instance/memory1[15]  
    core_instance1/psum_mem_instance/memory1[16]  
    core_instance1/psum_mem_instance/memory1[17]  
    core_instance1/psum_mem_instance/memory1[18]  
    core_instance1/psum_mem_instance/memory1[19]  
    core_instance1/psum_mem_instance/memory1[20]  
    core_instance1/psum_mem_instance/memory1[21]  
    core_instance1/psum_mem_instance/memory1[22]  
    core_instance1/psum_mem_instance/memory1[23]  
    core_instance1/psum_mem_instance/memory1[24]  
    core_instance1/psum_mem_instance/memory1[25]  
    core_instance1/psum_mem_instance/memory1[26]  
    core_instance1/psum_mem_instance/memory1[27]  
    core_instance1/psum_mem_instance/memory1[28]  
    core_instance1/psum_mem_instance/memory1[29]  
    core_instance1/psum_mem_instance/memory1[30]  
    core_instance1/psum_mem_instance/memory1[31]  
    core_instance1/psum_mem_instance/memory1[32]  
    core_instance1/psum_mem_instance/memory1[33]  
    core_instance1/psum_mem_instance/memory1[34]  
    core_instance1/psum_mem_instance/memory1[35]  
    core_instance1/psum_mem_instance/memory1[36]  
    core_instance1/psum_mem_instance/memory1[37]  
    core_instance1/psum_mem_instance/memory1[38]  
    core_instance1/psum_mem_instance/memory1[39]  
    core_instance1/psum_mem_instance/memory1[40]  
    core_instance1/psum_mem_instance/memory1[41]  
    core_instance1/psum_mem_instance/memory1[42]  
    core_instance1/psum_mem_instance/memory1[43]  
    core_instance1/psum_mem_instance/memory1[44]  
    core_instance1/psum_mem_instance/memory1[45]  
    core_instance1/psum_mem_instance/memory1[46]  
    core_instance1/psum_mem_instance/memory1[47]  
    core_instance1/psum_mem_instance/memory1[48]  
    core_instance1/psum_mem_instance/memory1[49]  
    core_instance1/psum_mem_instance/memory1[50]  
    core_instance1/psum_mem_instance/memory1[51]  
    core_instance1/psum_mem_instance/memory1[52]  
    core_instance1/psum_mem_instance/memory1[53]  
    core_instance1/psum_mem_instance/memory1[54]  
    core_instance1/psum_mem_instance/memory1[55]  
    core_instance1/psum_mem_instance/memory1[56]  
    core_instance1/psum_mem_instance/memory1[57]  
    core_instance1/psum_mem_instance/memory1[58]  
    core_instance1/psum_mem_instance/memory1[59]  
    core_instance1/psum_mem_instance/memory1[60]  
    core_instance1/psum_mem_instance/memory1[61]  
    core_instance1/psum_mem_instance/memory1[62]  
    core_instance1/psum_mem_instance/memory1[63]  
    core_instance1/psum_mem_instance/memory1[64]  
    core_instance1/psum_mem_instance/memory1[65]  
    core_instance1/psum_mem_instance/memory1[66]  
    core_instance1/psum_mem_instance/memory1[67]  
    core_instance1/psum_mem_instance/memory1[68]  
    core_instance1/psum_mem_instance/memory1[69]  
    core_instance1/psum_mem_instance/memory1[70]  
    core_instance1/psum_mem_instance/memory1[71]  
    core_instance1/psum_mem_instance/memory1[72]  
    core_instance1/psum_mem_instance/memory1[73]  
    core_instance1/psum_mem_instance/memory1[74]  
    core_instance1/psum_mem_instance/memory1[75]  
    core_instance1/psum_mem_instance/memory1[76]  
    core_instance1/psum_mem_instance/memory1[77]  
    core_instance1/psum_mem_instance/memory1[78]  
    core_instance1/psum_mem_instance/memory1[79]  
    core_instance1/psum_mem_instance/memory1[80]  
    core_instance1/psum_mem_instance/memory1[81]  
    core_instance1/psum_mem_instance/memory1[82]  
    core_instance1/psum_mem_instance/memory1[83]  
    core_instance1/psum_mem_instance/memory1[84]  
    core_instance1/psum_mem_instance/memory1[85]  
    core_instance1/psum_mem_instance/memory1[86]  
    core_instance1/psum_mem_instance/memory1[87]  
    core_instance1/psum_mem_instance/memory1[88]  
    core_instance1/psum_mem_instance/memory1[89]  
    core_instance1/psum_mem_instance/memory1[90]  
    core_instance1/psum_mem_instance/memory1[91]  
    core_instance1/psum_mem_instance/memory1[92]  
    core_instance1/psum_mem_instance/memory1[93]  
    core_instance1/psum_mem_instance/memory1[94]  
    core_instance1/psum_mem_instance/memory1[95]  
    core_instance1/psum_mem_instance/memory1[96]  
    core_instance1/psum_mem_instance/memory1[97]  
    core_instance1/psum_mem_instance/memory1[98]  
    core_instance1/psum_mem_instance/memory1[99]  
    core_instance1/psum_mem_instance/memory1[100]  
    core_instance1/psum_mem_instance/memory1[101]  
    core_instance1/psum_mem_instance/memory1[102]  
    core_instance1/psum_mem_instance/memory1[103]  
    core_instance1/psum_mem_instance/memory1[104]  
    core_instance1/psum_mem_instance/memory1[105]  
    core_instance1/psum_mem_instance/memory1[106]  
    core_instance1/psum_mem_instance/memory1[107]  
    core_instance1/psum_mem_instance/memory1[108]  
    core_instance1/psum_mem_instance/memory1[109]  
    core_instance1/psum_mem_instance/memory1[110]  
    core_instance1/psum_mem_instance/memory1[111]  
    core_instance1/psum_mem_instance/memory1[112]  
    core_instance1/psum_mem_instance/memory1[113]  
    core_instance1/psum_mem_instance/memory1[114]  
    core_instance1/psum_mem_instance/memory1[115]  
    core_instance1/psum_mem_instance/memory1[116]  
    core_instance1/psum_mem_instance/memory1[117]  
    core_instance1/psum_mem_instance/memory1[118]  
    core_instance1/psum_mem_instance/memory1[119]  
    core_instance1/psum_mem_instance/memory1[120]  
    core_instance1/psum_mem_instance/memory1[121]  
    core_instance1/psum_mem_instance/memory1[122]  
    core_instance1/psum_mem_instance/memory1[123]  
    core_instance1/psum_mem_instance/memory1[124]  
    core_instance1/psum_mem_instance/memory1[125]  
    core_instance1/psum_mem_instance/memory1[126]  
    core_instance1/psum_mem_instance/memory1[127]  
    core_instance1/psum_mem_instance/memory1[128]  
    core_instance1/psum_mem_instance/memory1[129]  
    core_instance1/psum_mem_instance/memory1[130]  
    core_instance1/psum_mem_instance/memory1[131]  
    core_instance1/psum_mem_instance/memory1[132]  
    core_instance1/psum_mem_instance/memory1[133]  
    core_instance1/psum_mem_instance/memory1[134]  
    core_instance1/psum_mem_instance/memory1[135]  
    core_instance1/psum_mem_instance/memory1[136]  
    core_instance1/psum_mem_instance/memory1[137]  
    core_instance1/psum_mem_instance/memory1[138]  
    core_instance1/psum_mem_instance/memory1[139]  
    core_instance1/psum_mem_instance/memory1[140]  
    core_instance1/psum_mem_instance/memory1[141]  
    core_instance1/psum_mem_instance/memory1[142]  
    core_instance1/psum_mem_instance/memory1[143]  
    core_instance1/psum_mem_instance/memory1[144]  
    core_instance1/psum_mem_instance/memory1[145]  
    core_instance1/psum_mem_instance/memory1[146]  
    core_instance1/psum_mem_instance/memory1[147]  
    core_instance1/psum_mem_instance/memory1[148]  
    core_instance1/psum_mem_instance/memory1[149]  
    core_instance1/psum_mem_instance/memory1[150]  
    core_instance1/psum_mem_instance/memory1[151]  
    core_instance1/psum_mem_instance/memory1[152]  
    core_instance1/psum_mem_instance/memory1[153]  
    core_instance1/psum_mem_instance/memory1[154]  
    core_instance1/psum_mem_instance/memory1[155]  
    core_instance1/psum_mem_instance/memory1[156]  
    core_instance1/psum_mem_instance/memory1[157]  
    core_instance1/psum_mem_instance/memory1[158]  
    core_instance1/psum_mem_instance/memory1[159]  
    core_instance1/psum_mem_instance/memory0[0]  
    core_instance1/psum_mem_instance/memory0[1]  
    core_instance1/psum_mem_instance/memory0[2]  
    core_instance1/psum_mem_instance/memory0[3]  
    core_instance1/psum_mem_instance/memory0[4]  
    core_instance1/psum_mem_instance/memory0[5]  
    core_instance1/psum_mem_instance/memory0[6]  
    core_instance1/psum_mem_instance/memory0[7]  
    core_instance1/psum_mem_instance/memory0[8]  
    core_instance1/psum_mem_instance/memory0[9]  
    core_instance1/psum_mem_instance/memory0[10]  
    core_instance1/psum_mem_instance/memory0[11]  
    core_instance1/psum_mem_instance/memory0[12]  
    core_instance1/psum_mem_instance/memory0[13]  
    core_instance1/psum_mem_instance/memory0[14]  
    core_instance1/psum_mem_instance/memory0[15]  
    core_instance1/psum_mem_instance/memory0[16]  
    core_instance1/psum_mem_instance/memory0[17]  
    core_instance1/psum_mem_instance/memory0[18]  
    core_instance1/psum_mem_instance/memory0[19]  
    core_instance1/psum_mem_instance/memory0[20]  
    core_instance1/psum_mem_instance/memory0[21]  
    core_instance1/psum_mem_instance/memory0[22]  
    core_instance1/psum_mem_instance/memory0[23]  
    core_instance1/psum_mem_instance/memory0[24]  
    core_instance1/psum_mem_instance/memory0[25]  
    core_instance1/psum_mem_instance/memory0[26]  
    core_instance1/psum_mem_instance/memory0[27]  
    core_instance1/psum_mem_instance/memory0[28]  
    core_instance1/psum_mem_instance/memory0[29]  
    core_instance1/psum_mem_instance/memory0[30]  
    core_instance1/psum_mem_instance/memory0[31]  
    core_instance1/psum_mem_instance/memory0[32]  
    core_instance1/psum_mem_instance/memory0[33]  
    core_instance1/psum_mem_instance/memory0[34]  
    core_instance1/psum_mem_instance/memory0[35]  
    core_instance1/psum_mem_instance/memory0[36]  
    core_instance1/psum_mem_instance/memory0[37]  
    core_instance1/psum_mem_instance/memory0[38]  
    core_instance1/psum_mem_instance/memory0[39]  
    core_instance1/psum_mem_instance/memory0[40]  
    core_instance1/psum_mem_instance/memory0[41]  
    core_instance1/psum_mem_instance/memory0[42]  
    core_instance1/psum_mem_instance/memory0[43]  
    core_instance1/psum_mem_instance/memory0[44]  
    core_instance1/psum_mem_instance/memory0[45]  
    core_instance1/psum_mem_instance/memory0[46]  
    core_instance1/psum_mem_instance/memory0[47]  
    core_instance1/psum_mem_instance/memory0[48]  
    core_instance1/psum_mem_instance/memory0[49]  
    core_instance1/psum_mem_instance/memory0[50]  
    core_instance1/psum_mem_instance/memory0[51]  
    core_instance1/psum_mem_instance/memory0[52]  
    core_instance1/psum_mem_instance/memory0[53]  
    core_instance1/psum_mem_instance/memory0[54]  
    core_instance1/psum_mem_instance/memory0[55]  
    core_instance1/psum_mem_instance/memory0[56]  
    core_instance1/psum_mem_instance/memory0[57]  
    core_instance1/psum_mem_instance/memory0[58]  
    core_instance1/psum_mem_instance/memory0[59]  
    core_instance1/psum_mem_instance/memory0[60]  
    core_instance1/psum_mem_instance/memory0[61]  
    core_instance1/psum_mem_instance/memory0[62]  
    core_instance1/psum_mem_instance/memory0[63]  
    core_instance1/psum_mem_instance/memory0[64]  
    core_instance1/psum_mem_instance/memory0[65]  
    core_instance1/psum_mem_instance/memory0[66]  
    core_instance1/psum_mem_instance/memory0[67]  
    core_instance1/psum_mem_instance/memory0[68]  
    core_instance1/psum_mem_instance/memory0[69]  
    core_instance1/psum_mem_instance/memory0[70]  
    core_instance1/psum_mem_instance/memory0[71]  
    core_instance1/psum_mem_instance/memory0[72]  
    core_instance1/psum_mem_instance/memory0[73]  
    core_instance1/psum_mem_instance/memory0[74]  
    core_instance1/psum_mem_instance/memory0[75]  
    core_instance1/psum_mem_instance/memory0[76]  
    core_instance1/psum_mem_instance/memory0[77]  
    core_instance1/psum_mem_instance/memory0[78]  
    core_instance1/psum_mem_instance/memory0[79]  
    core_instance1/psum_mem_instance/memory0[80]  
    core_instance1/psum_mem_instance/memory0[81]  
    core_instance1/psum_mem_instance/memory0[82]  
    core_instance1/psum_mem_instance/memory0[83]  
    core_instance1/psum_mem_instance/memory0[84]  
    core_instance1/psum_mem_instance/memory0[85]  
    core_instance1/psum_mem_instance/memory0[86]  
    core_instance1/psum_mem_instance/memory0[87]  
    core_instance1/psum_mem_instance/memory0[88]  
    core_instance1/psum_mem_instance/memory0[89]  
    core_instance1/psum_mem_instance/memory0[90]  
    core_instance1/psum_mem_instance/memory0[91]  
    core_instance1/psum_mem_instance/memory0[92]  
    core_instance1/psum_mem_instance/memory0[93]  
    core_instance1/psum_mem_instance/memory0[94]  
    core_instance1/psum_mem_instance/memory0[95]  
    core_instance1/psum_mem_instance/memory0[96]  
    core_instance1/psum_mem_instance/memory0[97]  
    core_instance1/psum_mem_instance/memory0[98]  
    core_instance1/psum_mem_instance/memory0[99]  
    core_instance1/psum_mem_instance/memory0[100]  
    core_instance1/psum_mem_instance/memory0[101]  
    core_instance1/psum_mem_instance/memory0[102]  
    core_instance1/psum_mem_instance/memory0[103]  
    core_instance1/psum_mem_instance/memory0[104]  
    core_instance1/psum_mem_instance/memory0[105]  
    core_instance1/psum_mem_instance/memory0[106]  
    core_instance1/psum_mem_instance/memory0[107]  
    core_instance1/psum_mem_instance/memory0[108]  
    core_instance1/psum_mem_instance/memory0[109]  
    core_instance1/psum_mem_instance/memory0[110]  
    core_instance1/psum_mem_instance/memory0[111]  
    core_instance1/psum_mem_instance/memory0[112]  
    core_instance1/psum_mem_instance/memory0[113]  
    core_instance1/psum_mem_instance/memory0[114]  
    core_instance1/psum_mem_instance/memory0[115]  
    core_instance1/psum_mem_instance/memory0[116]  
    core_instance1/psum_mem_instance/memory0[117]  
    core_instance1/psum_mem_instance/memory0[118]  
    core_instance1/psum_mem_instance/memory0[119]  
    core_instance1/psum_mem_instance/memory0[120]  
    core_instance1/psum_mem_instance/memory0[121]  
    core_instance1/psum_mem_instance/memory0[122]  
    core_instance1/psum_mem_instance/memory0[123]  
    core_instance1/psum_mem_instance/memory0[124]  
    core_instance1/psum_mem_instance/memory0[125]  
    core_instance1/psum_mem_instance/memory0[126]  
    core_instance1/psum_mem_instance/memory0[127]  
    core_instance1/psum_mem_instance/memory0[128]  
    core_instance1/psum_mem_instance/memory0[129]  
    core_instance1/psum_mem_instance/memory0[130]  
    core_instance1/psum_mem_instance/memory0[131]  
    core_instance1/psum_mem_instance/memory0[132]  
    core_instance1/psum_mem_instance/memory0[133]  
    core_instance1/psum_mem_instance/memory0[134]  
    core_instance1/psum_mem_instance/memory0[135]  
    core_instance1/psum_mem_instance/memory0[136]  
    core_instance1/psum_mem_instance/memory0[137]  
    core_instance1/psum_mem_instance/memory0[138]  
    core_instance1/psum_mem_instance/memory0[139]  
    core_instance1/psum_mem_instance/memory0[140]  
    core_instance1/psum_mem_instance/memory0[141]  
    core_instance1/psum_mem_instance/memory0[142]  
    core_instance1/psum_mem_instance/memory0[143]  
    core_instance1/psum_mem_instance/memory0[144]  
    core_instance1/psum_mem_instance/memory0[145]  
    core_instance1/psum_mem_instance/memory0[146]  
    core_instance1/psum_mem_instance/memory0[147]  
    core_instance1/psum_mem_instance/memory0[148]  
    core_instance1/psum_mem_instance/memory0[149]  
    core_instance1/psum_mem_instance/memory0[150]  
    core_instance1/psum_mem_instance/memory0[151]  
    core_instance1/psum_mem_instance/memory0[152]  
    core_instance1/psum_mem_instance/memory0[153]  
    core_instance1/psum_mem_instance/memory0[154]  
    core_instance1/psum_mem_instance/memory0[155]  
    core_instance1/psum_mem_instance/memory0[156]  
    core_instance1/psum_mem_instance/memory0[157]  
    core_instance1/psum_mem_instance/memory0[158]  
    core_instance1/psum_mem_instance/memory0[159]  
    core_instance1/psum_mem_instance/N244  
    core_instance1/psum_mem_instance/N243  
    core_instance1/psum_mem_instance/N242  
    core_instance1/psum_mem_instance/N241  
    core_instance1/psum_mem_instance/N240  
    core_instance1/psum_mem_instance/N239  
    core_instance1/psum_mem_instance/N238  
    core_instance1/psum_mem_instance/N237  
    core_instance1/psum_mem_instance/N236  
    core_instance1/psum_mem_instance/N235  
    core_instance1/psum_mem_instance/N234  
    core_instance1/psum_mem_instance/N233  
    core_instance1/psum_mem_instance/N232  
    core_instance1/psum_mem_instance/N231  
    core_instance1/psum_mem_instance/N230  
    core_instance1/psum_mem_instance/N229  
    core_instance1/psum_mem_instance/N228  
    core_instance1/psum_mem_instance/N227  
    core_instance1/psum_mem_instance/N226  
    core_instance1/psum_mem_instance/N225  
    core_instance1/psum_mem_instance/N224  
    core_instance1/psum_mem_instance/N223  
    core_instance1/psum_mem_instance/N222  
    core_instance1/psum_mem_instance/N221  
    core_instance1/psum_mem_instance/N220  
    core_instance1/psum_mem_instance/N219  
    core_instance1/psum_mem_instance/N218  
    core_instance1/psum_mem_instance/N217  
    core_instance1/psum_mem_instance/N216  
    core_instance1/psum_mem_instance/N215  
    core_instance1/psum_mem_instance/N214  
    core_instance1/psum_mem_instance/N213  
    core_instance1/psum_mem_instance/N212  
    core_instance1/psum_mem_instance/N211  
    core_instance1/psum_mem_instance/N210  
    core_instance1/psum_mem_instance/N209  
    core_instance1/psum_mem_instance/N208  
    core_instance1/psum_mem_instance/N207  
    core_instance1/psum_mem_instance/N206  
    core_instance1/psum_mem_instance/N205  
    core_instance1/psum_mem_instance/N204  
    core_instance1/psum_mem_instance/N203  
    core_instance1/psum_mem_instance/N202  
    core_instance1/psum_mem_instance/N201  
    core_instance1/psum_mem_instance/N200  
    core_instance1/psum_mem_instance/N199  
    core_instance1/psum_mem_instance/N198  
    core_instance1/psum_mem_instance/N197  
    core_instance1/psum_mem_instance/N196  
    core_instance1/psum_mem_instance/N195  
    core_instance1/psum_mem_instance/N194  
    core_instance1/psum_mem_instance/N193  
    core_instance1/psum_mem_instance/N192  
    core_instance1/psum_mem_instance/N191  
    core_instance1/psum_mem_instance/N190  
    core_instance1/psum_mem_instance/N189  
    core_instance1/psum_mem_instance/N188  
    core_instance1/psum_mem_instance/N187  
    core_instance1/psum_mem_instance/N186  
    core_instance1/psum_mem_instance/N185  
    core_instance1/psum_mem_instance/N184  
    core_instance1/psum_mem_instance/N183  
    core_instance1/psum_mem_instance/N182  
    core_instance1/psum_mem_instance/N181  
    core_instance1/psum_mem_instance/N180  
    core_instance1/psum_mem_instance/N179  
    core_instance1/psum_mem_instance/N178  
    core_instance1/psum_mem_instance/N177  
    core_instance1/psum_mem_instance/N176  
    core_instance1/psum_mem_instance/N175  
    core_instance1/psum_mem_instance/N174  
    core_instance1/psum_mem_instance/N173  
    core_instance1/psum_mem_instance/N172  
    core_instance1/psum_mem_instance/N171  
    core_instance1/psum_mem_instance/N170  
    core_instance1/psum_mem_instance/N169  
    core_instance1/psum_mem_instance/N168  
    core_instance1/psum_mem_instance/N167  
    core_instance1/psum_mem_instance/N166  
    core_instance1/psum_mem_instance/N165  
    core_instance1/psum_mem_instance/N164  
    core_instance1/psum_mem_instance/N163  
    core_instance1/psum_mem_instance/N162  
    core_instance1/psum_mem_instance/N161  
    core_instance1/psum_mem_instance/N160  
    core_instance1/psum_mem_instance/N159  
    core_instance1/psum_mem_instance/N158  
    core_instance1/psum_mem_instance/N157  
    core_instance1/psum_mem_instance/N156  
    core_instance1/psum_mem_instance/N155  
    core_instance1/psum_mem_instance/N154  
    core_instance1/psum_mem_instance/N153  
    core_instance1/psum_mem_instance/N152  
    core_instance1/psum_mem_instance/N151  
    core_instance1/psum_mem_instance/N150  
    core_instance1/psum_mem_instance/N149  
    core_instance1/psum_mem_instance/N148  
    core_instance1/psum_mem_instance/N147  
    core_instance1/psum_mem_instance/N146  
    core_instance1/psum_mem_instance/N145  
    core_instance1/psum_mem_instance/N144  
    core_instance1/psum_mem_instance/N143  
    core_instance1/psum_mem_instance/N142  
    core_instance1/psum_mem_instance/N141  
    core_instance1/psum_mem_instance/N140  
    core_instance1/psum_mem_instance/N139  
    core_instance1/psum_mem_instance/N138  
    core_instance1/psum_mem_instance/N137  
    core_instance1/psum_mem_instance/N136  
    core_instance1/psum_mem_instance/N135  
    core_instance1/psum_mem_instance/N134  
    core_instance1/psum_mem_instance/N133  
    core_instance1/psum_mem_instance/N132  
    core_instance1/psum_mem_instance/N131  
    core_instance1/psum_mem_instance/N130  
    core_instance1/psum_mem_instance/N129  
    core_instance1/psum_mem_instance/N128  
    core_instance1/psum_mem_instance/N127  
    core_instance1/psum_mem_instance/N126  
    core_instance1/psum_mem_instance/N125  
    core_instance1/psum_mem_instance/N124  
    core_instance1/psum_mem_instance/N123  
    core_instance1/psum_mem_instance/N122  
    core_instance1/psum_mem_instance/N121  
    core_instance1/psum_mem_instance/N120  
    core_instance1/psum_mem_instance/N119  
    core_instance1/psum_mem_instance/N118  
    core_instance1/psum_mem_instance/N117  
    core_instance1/psum_mem_instance/N116  
    core_instance1/psum_mem_instance/N115  
    core_instance1/psum_mem_instance/N114  
    core_instance1/psum_mem_instance/N113  
    core_instance1/psum_mem_instance/N112  
    core_instance1/psum_mem_instance/N111  
    core_instance1/psum_mem_instance/N110  
    core_instance1/psum_mem_instance/N109  
    core_instance1/psum_mem_instance/N108  
    core_instance1/psum_mem_instance/N107  
    core_instance1/psum_mem_instance/N106  
    core_instance1/psum_mem_instance/N105  
    core_instance1/psum_mem_instance/N104  
    core_instance1/psum_mem_instance/N103  
    core_instance1/psum_mem_instance/N102  
    core_instance1/psum_mem_instance/N101  
    core_instance1/psum_mem_instance/N100  
    core_instance1/psum_mem_instance/N99  
    core_instance1/psum_mem_instance/N98  
    core_instance1/psum_mem_instance/N97  
    core_instance1/psum_mem_instance/N96  
    core_instance1/psum_mem_instance/N95  
    core_instance1/psum_mem_instance/N94  
    core_instance1/psum_mem_instance/N93  
    core_instance1/psum_mem_instance/N92  
    core_instance1/psum_mem_instance/N91  
    core_instance1/psum_mem_instance/N90  
    core_instance1/psum_mem_instance/N89  
    core_instance1/psum_mem_instance/N88  
    core_instance1/psum_mem_instance/N87  
    core_instance1/psum_mem_instance/N86  
    core_instance1/psum_mem_instance/N85  
    core_instance1/psum_mem_instance/N84  
    core_instance1/psum_mem_instance/N83  
    core_instance1/psum_mem_instance/N82  
    core_instance1/psum_mem_instance/N81  
    core_instance1/psum_mem_instance/N80  
    core_instance1/psum_mem_instance/N79  
    core_instance1/psum_mem_instance/N78  
    core_instance1/psum_mem_instance/N77  
    core_instance1/psum_mem_instance/N76  
    core_instance1/psum_mem_instance/N75  
    core_instance1/psum_mem_instance/N74  
    core_instance1/psum_mem_instance/N73  
    core_instance1/psum_mem_instance/N72  
    core_instance1/psum_mem_instance/N71  
    core_instance1/psum_mem_instance/N70  
    core_instance1/psum_mem_instance/N69  
    core_instance1/psum_mem_instance/N68  
    core_instance1/psum_mem_instance/N67  
    core_instance1/psum_mem_instance/N66  
    core_instance1/psum_mem_instance/N65  
    core_instance1/psum_mem_instance/N64  
    core_instance1/psum_mem_instance/N63  
    core_instance1/psum_mem_instance/N62  
    core_instance1/psum_mem_instance/N61  
    core_instance1/psum_mem_instance/N60  
    core_instance1/psum_mem_instance/N59  
    core_instance1/psum_mem_instance/N58  
    core_instance1/psum_mem_instance/N57  
    core_instance1/psum_mem_instance/N56  
    core_instance1/psum_mem_instance/N55  
    core_instance1/psum_mem_instance/N54  
    core_instance1/psum_mem_instance/N53  
    core_instance1/psum_mem_instance/N52  
    core_instance1/psum_mem_instance/N51  
    core_instance1/psum_mem_instance/N50  
    core_instance1/psum_mem_instance/N49  
    core_instance1/psum_mem_instance/N48  
    core_instance1/psum_mem_instance/N47  
    core_instance1/psum_mem_instance/N46  
    core_instance1/psum_mem_instance/N45  
    core_instance1/psum_mem_instance/N44  
    core_instance1/psum_mem_instance/N43  
    core_instance1/psum_mem_instance/N42  
    core_instance1/psum_mem_instance/N41  
    core_instance1/psum_mem_instance/N40  
    core_instance1/psum_mem_instance/N39  
    core_instance1/psum_mem_instance/N38  
    core_instance1/psum_mem_instance/N37  
    core_instance1/psum_mem_instance/N36  
    core_instance1/psum_mem_instance/N35  
    core_instance1/psum_mem_instance/N34  
    core_instance1/psum_mem_instance/N33  
    core_instance1/psum_mem_instance/N32  
    core_instance1/psum_mem_instance/N31  
    core_instance1/psum_mem_instance/N30  
    core_instance1/psum_mem_instance/N29  
    core_instance1/psum_mem_instance/N28  
    core_instance1/psum_mem_instance/N27  
    core_instance1/psum_mem_instance/N26  
    core_instance1/psum_mem_instance/N25  
    core_instance1/psum_mem_instance/N24  
    core_instance1/psum_mem_instance/N23  
    core_instance1/psum_mem_instance/N22  
    core_instance1/psum_mem_instance/N21  
    core_instance1/psum_mem_instance/N20  
    core_instance1/psum_mem_instance/N19  
    core_instance1/psum_mem_instance/N18  
    core_instance1/psum_mem_instance/N17  
    core_instance1/psum_mem_instance/N16  
    core_instance1/psum_mem_instance/N15  
    core_instance1/psum_mem_instance/N14  
    core_instance1/psum_mem_instance/N13  
    core_instance1/psum_mem_instance/N12  
    core_instance1/psum_mem_instance/N11  
    core_instance1/psum_mem_instance/N10  
    core_instance1/psum_mem_instance/N9  
    core_instance1/psum_mem_instance/N8  
    core_instance1/psum_mem_instance/N7  
    core_instance1/psum_mem_instance/N6  
    core_instance1/psum_mem_instance/N5  
    core_instance1/psum_mem_instance/N4  
    core_instance1/psum_mem_instance/N3  
    core_instance1/psum_mem_instance/N2  
    core_instance1/psum_mem_instance/N1  
    core_instance1/psum_mem_instance/N0  
    core_instance1/kmem_instance/C4700/CONTROL16  
    core_instance1/kmem_instance/C4700/CONTROL15  
    core_instance1/kmem_instance/C4700/CONTROL14  
    core_instance1/kmem_instance/C4700/CONTROL13  
    core_instance1/kmem_instance/C4700/CONTROL12  
    core_instance1/kmem_instance/C4700/CONTROL11  
    core_instance1/kmem_instance/C4700/CONTROL10  
    core_instance1/kmem_instance/C4700/CONTROL9  
    core_instance1/kmem_instance/C4700/CONTROL8  
    core_instance1/kmem_instance/C4700/CONTROL7  
    core_instance1/kmem_instance/C4700/CONTROL6  
    core_instance1/kmem_instance/C4700/CONTROL5  
    core_instance1/kmem_instance/C4700/CONTROL4  
    core_instance1/kmem_instance/C4700/CONTROL3  
    core_instance1/kmem_instance/C4700/DATA16  
    core_instance1/kmem_instance/C4700/DATA15  
    core_instance1/kmem_instance/C4700/DATA14  
    core_instance1/kmem_instance/C4700/DATA13  
    core_instance1/kmem_instance/C4700/DATA12  
    core_instance1/kmem_instance/C4700/DATA11  
    core_instance1/kmem_instance/C4700/DATA10  
    core_instance1/kmem_instance/C4700/DATA9  
    core_instance1/kmem_instance/C4700/DATA8  
    core_instance1/kmem_instance/C4700/DATA7  
    core_instance1/kmem_instance/C4700/DATA6  
    core_instance1/kmem_instance/C4700/DATA5  
    core_instance1/kmem_instance/C4700/DATA4  
    core_instance1/kmem_instance/C4700/DATA3  
    core_instance1/kmem_instance/C4699/CONTROL16  
    core_instance1/kmem_instance/C4699/CONTROL15  
    core_instance1/kmem_instance/C4699/CONTROL14  
    core_instance1/kmem_instance/C4699/CONTROL13  
    core_instance1/kmem_instance/C4699/CONTROL12  
    core_instance1/kmem_instance/C4699/CONTROL11  
    core_instance1/kmem_instance/C4699/CONTROL10  
    core_instance1/kmem_instance/C4699/CONTROL9  
    core_instance1/kmem_instance/C4699/CONTROL8  
    core_instance1/kmem_instance/C4699/CONTROL7  
    core_instance1/kmem_instance/C4699/CONTROL6  
    core_instance1/kmem_instance/C4699/CONTROL5  
    core_instance1/kmem_instance/C4699/CONTROL4  
    core_instance1/kmem_instance/C4699/CONTROL3  
    core_instance1/kmem_instance/C4699/DATA16  
    core_instance1/kmem_instance/C4699/DATA15  
    core_instance1/kmem_instance/C4699/DATA14  
    core_instance1/kmem_instance/C4699/DATA13  
    core_instance1/kmem_instance/C4699/DATA12  
    core_instance1/kmem_instance/C4699/DATA11  
    core_instance1/kmem_instance/C4699/DATA10  
    core_instance1/kmem_instance/C4699/DATA9  
    core_instance1/kmem_instance/C4699/DATA8  
    core_instance1/kmem_instance/C4699/DATA7  
    core_instance1/kmem_instance/C4699/DATA6  
    core_instance1/kmem_instance/C4699/DATA5  
    core_instance1/kmem_instance/C4699/DATA4  
    core_instance1/kmem_instance/C4699/DATA3  
    core_instance1/kmem_instance/C4698/CONTROL16  
    core_instance1/kmem_instance/C4698/CONTROL15  
    core_instance1/kmem_instance/C4698/CONTROL14  
    core_instance1/kmem_instance/C4698/CONTROL13  
    core_instance1/kmem_instance/C4698/CONTROL12  
    core_instance1/kmem_instance/C4698/CONTROL11  
    core_instance1/kmem_instance/C4698/CONTROL10  
    core_instance1/kmem_instance/C4698/CONTROL9  
    core_instance1/kmem_instance/C4698/CONTROL8  
    core_instance1/kmem_instance/C4698/CONTROL7  
    core_instance1/kmem_instance/C4698/CONTROL6  
    core_instance1/kmem_instance/C4698/CONTROL5  
    core_instance1/kmem_instance/C4698/CONTROL4  
    core_instance1/kmem_instance/C4698/CONTROL3  
    core_instance1/kmem_instance/C4698/DATA16  
    core_instance1/kmem_instance/C4698/DATA15  
    core_instance1/kmem_instance/C4698/DATA14  
    core_instance1/kmem_instance/C4698/DATA13  
    core_instance1/kmem_instance/C4698/DATA12  
    core_instance1/kmem_instance/C4698/DATA11  
    core_instance1/kmem_instance/C4698/DATA10  
    core_instance1/kmem_instance/C4698/DATA9  
    core_instance1/kmem_instance/C4698/DATA8  
    core_instance1/kmem_instance/C4698/DATA7  
    core_instance1/kmem_instance/C4698/DATA6  
    core_instance1/kmem_instance/C4698/DATA5  
    core_instance1/kmem_instance/C4698/DATA4  
    core_instance1/kmem_instance/C4698/DATA3  
    core_instance1/kmem_instance/C4697/CONTROL16  
    core_instance1/kmem_instance/C4697/CONTROL15  
    core_instance1/kmem_instance/C4697/CONTROL14  
    core_instance1/kmem_instance/C4697/CONTROL13  
    core_instance1/kmem_instance/C4697/CONTROL12  
    core_instance1/kmem_instance/C4697/CONTROL11  
    core_instance1/kmem_instance/C4697/CONTROL10  
    core_instance1/kmem_instance/C4697/CONTROL9  
    core_instance1/kmem_instance/C4697/CONTROL8  
    core_instance1/kmem_instance/C4697/CONTROL7  
    core_instance1/kmem_instance/C4697/CONTROL6  
    core_instance1/kmem_instance/C4697/CONTROL5  
    core_instance1/kmem_instance/C4697/CONTROL4  
    core_instance1/kmem_instance/C4697/CONTROL3  
    core_instance1/kmem_instance/C4697/DATA16  
    core_instance1/kmem_instance/C4697/DATA15  
    core_instance1/kmem_instance/C4697/DATA14  
    core_instance1/kmem_instance/C4697/DATA13  
    core_instance1/kmem_instance/C4697/DATA12  
    core_instance1/kmem_instance/C4697/DATA11  
    core_instance1/kmem_instance/C4697/DATA10  
    core_instance1/kmem_instance/C4697/DATA9  
    core_instance1/kmem_instance/C4697/DATA8  
    core_instance1/kmem_instance/C4697/DATA7  
    core_instance1/kmem_instance/C4697/DATA6  
    core_instance1/kmem_instance/C4697/DATA5  
    core_instance1/kmem_instance/C4697/DATA4  
    core_instance1/kmem_instance/C4697/DATA3  
    core_instance1/kmem_instance/C4696/CONTROL16  
    core_instance1/kmem_instance/C4696/CONTROL15  
    core_instance1/kmem_instance/C4696/CONTROL14  
    core_instance1/kmem_instance/C4696/CONTROL13  
    core_instance1/kmem_instance/C4696/CONTROL12  
    core_instance1/kmem_instance/C4696/CONTROL11  
    core_instance1/kmem_instance/C4696/CONTROL10  
    core_instance1/kmem_instance/C4696/CONTROL9  
    core_instance1/kmem_instance/C4696/CONTROL8  
    core_instance1/kmem_instance/C4696/CONTROL7  
    core_instance1/kmem_instance/C4696/CONTROL6  
    core_instance1/kmem_instance/C4696/CONTROL5  
    core_instance1/kmem_instance/C4696/CONTROL4  
    core_instance1/kmem_instance/C4696/CONTROL3  
    core_instance1/kmem_instance/C4696/DATA16  
    core_instance1/kmem_instance/C4696/DATA15  
    core_instance1/kmem_instance/C4696/DATA14  
    core_instance1/kmem_instance/C4696/DATA13  
    core_instance1/kmem_instance/C4696/DATA12  
    core_instance1/kmem_instance/C4696/DATA11  
    core_instance1/kmem_instance/C4696/DATA10  
    core_instance1/kmem_instance/C4696/DATA9  
    core_instance1/kmem_instance/C4696/DATA8  
    core_instance1/kmem_instance/C4696/DATA7  
    core_instance1/kmem_instance/C4696/DATA6  
    core_instance1/kmem_instance/C4696/DATA5  
    core_instance1/kmem_instance/C4696/DATA4  
    core_instance1/kmem_instance/C4696/DATA3  
    core_instance1/kmem_instance/C4695/CONTROL16  
    core_instance1/kmem_instance/C4695/CONTROL15  
    core_instance1/kmem_instance/C4695/CONTROL14  
    core_instance1/kmem_instance/C4695/CONTROL13  
    core_instance1/kmem_instance/C4695/CONTROL12  
    core_instance1/kmem_instance/C4695/CONTROL11  
    core_instance1/kmem_instance/C4695/CONTROL10  
    core_instance1/kmem_instance/C4695/CONTROL9  
    core_instance1/kmem_instance/C4695/CONTROL8  
    core_instance1/kmem_instance/C4695/CONTROL7  
    core_instance1/kmem_instance/C4695/CONTROL6  
    core_instance1/kmem_instance/C4695/CONTROL5  
    core_instance1/kmem_instance/C4695/CONTROL4  
    core_instance1/kmem_instance/C4695/CONTROL3  
    core_instance1/kmem_instance/C4695/DATA16  
    core_instance1/kmem_instance/C4695/DATA15  
    core_instance1/kmem_instance/C4695/DATA14  
    core_instance1/kmem_instance/C4695/DATA13  
    core_instance1/kmem_instance/C4695/DATA12  
    core_instance1/kmem_instance/C4695/DATA11  
    core_instance1/kmem_instance/C4695/DATA10  
    core_instance1/kmem_instance/C4695/DATA9  
    core_instance1/kmem_instance/C4695/DATA8  
    core_instance1/kmem_instance/C4695/DATA7  
    core_instance1/kmem_instance/C4695/DATA6  
    core_instance1/kmem_instance/C4695/DATA5  
    core_instance1/kmem_instance/C4695/DATA4  
    core_instance1/kmem_instance/C4695/DATA3  
    core_instance1/kmem_instance/C4694/CONTROL16  
    core_instance1/kmem_instance/C4694/CONTROL15  
    core_instance1/kmem_instance/C4694/CONTROL14  
    core_instance1/kmem_instance/C4694/CONTROL13  
    core_instance1/kmem_instance/C4694/CONTROL12  
    core_instance1/kmem_instance/C4694/CONTROL11  
    core_instance1/kmem_instance/C4694/CONTROL10  
    core_instance1/kmem_instance/C4694/CONTROL9  
    core_instance1/kmem_instance/C4694/CONTROL8  
    core_instance1/kmem_instance/C4694/CONTROL7  
    core_instance1/kmem_instance/C4694/CONTROL6  
    core_instance1/kmem_instance/C4694/CONTROL5  
    core_instance1/kmem_instance/C4694/CONTROL4  
    core_instance1/kmem_instance/C4694/CONTROL3  
    core_instance1/kmem_instance/C4694/DATA16  
    core_instance1/kmem_instance/C4694/DATA15  
    core_instance1/kmem_instance/C4694/DATA14  
    core_instance1/kmem_instance/C4694/DATA13  
    core_instance1/kmem_instance/C4694/DATA12  
    core_instance1/kmem_instance/C4694/DATA11  
    core_instance1/kmem_instance/C4694/DATA10  
    core_instance1/kmem_instance/C4694/DATA9  
    core_instance1/kmem_instance/C4694/DATA8  
    core_instance1/kmem_instance/C4694/DATA7  
    core_instance1/kmem_instance/C4694/DATA6  
    core_instance1/kmem_instance/C4694/DATA5  
    core_instance1/kmem_instance/C4694/DATA4  
    core_instance1/kmem_instance/C4694/DATA3  
    core_instance1/kmem_instance/C4693/CONTROL16  
    core_instance1/kmem_instance/C4693/CONTROL15  
    core_instance1/kmem_instance/C4693/CONTROL14  
    core_instance1/kmem_instance/C4693/CONTROL13  
    core_instance1/kmem_instance/C4693/CONTROL12  
    core_instance1/kmem_instance/C4693/CONTROL11  
    core_instance1/kmem_instance/C4693/CONTROL10  
    core_instance1/kmem_instance/C4693/CONTROL9  
    core_instance1/kmem_instance/C4693/CONTROL8  
    core_instance1/kmem_instance/C4693/CONTROL7  
    core_instance1/kmem_instance/C4693/CONTROL6  
    core_instance1/kmem_instance/C4693/CONTROL5  
    core_instance1/kmem_instance/C4693/CONTROL4  
    core_instance1/kmem_instance/C4693/CONTROL3  
    core_instance1/kmem_instance/C4693/DATA16  
    core_instance1/kmem_instance/C4693/DATA15  
    core_instance1/kmem_instance/C4693/DATA14  
    core_instance1/kmem_instance/C4693/DATA13  
    core_instance1/kmem_instance/C4693/DATA12  
    core_instance1/kmem_instance/C4693/DATA11  
    core_instance1/kmem_instance/C4693/DATA10  
    core_instance1/kmem_instance/C4693/DATA9  
    core_instance1/kmem_instance/C4693/DATA8  
    core_instance1/kmem_instance/C4693/DATA7  
    core_instance1/kmem_instance/C4693/DATA6  
    core_instance1/kmem_instance/C4693/DATA5  
    core_instance1/kmem_instance/C4693/DATA4  
    core_instance1/kmem_instance/C4693/DATA3  
    core_instance1/kmem_instance/C4692/CONTROL16  
    core_instance1/kmem_instance/C4692/CONTROL15  
    core_instance1/kmem_instance/C4692/CONTROL14  
    core_instance1/kmem_instance/C4692/CONTROL13  
    core_instance1/kmem_instance/C4692/CONTROL12  
    core_instance1/kmem_instance/C4692/CONTROL11  
    core_instance1/kmem_instance/C4692/CONTROL10  
    core_instance1/kmem_instance/C4692/CONTROL9  
    core_instance1/kmem_instance/C4692/CONTROL8  
    core_instance1/kmem_instance/C4692/CONTROL7  
    core_instance1/kmem_instance/C4692/CONTROL6  
    core_instance1/kmem_instance/C4692/CONTROL5  
    core_instance1/kmem_instance/C4692/CONTROL4  
    core_instance1/kmem_instance/C4692/CONTROL3  
    core_instance1/kmem_instance/C4692/DATA16  
    core_instance1/kmem_instance/C4692/DATA15  
    core_instance1/kmem_instance/C4692/DATA14  
    core_instance1/kmem_instance/C4692/DATA13  
    core_instance1/kmem_instance/C4692/DATA12  
    core_instance1/kmem_instance/C4692/DATA11  
    core_instance1/kmem_instance/C4692/DATA10  
    core_instance1/kmem_instance/C4692/DATA9  
    core_instance1/kmem_instance/C4692/DATA8  
    core_instance1/kmem_instance/C4692/DATA7  
    core_instance1/kmem_instance/C4692/DATA6  
    core_instance1/kmem_instance/C4692/DATA5  
    core_instance1/kmem_instance/C4692/DATA4  
    core_instance1/kmem_instance/C4692/DATA3  
    core_instance1/kmem_instance/C4691/CONTROL16  
    core_instance1/kmem_instance/C4691/CONTROL15  
    core_instance1/kmem_instance/C4691/CONTROL14  
    core_instance1/kmem_instance/C4691/CONTROL13  
    core_instance1/kmem_instance/C4691/CONTROL12  
    core_instance1/kmem_instance/C4691/CONTROL11  
    core_instance1/kmem_instance/C4691/CONTROL10  
    core_instance1/kmem_instance/C4691/CONTROL9  
    core_instance1/kmem_instance/C4691/CONTROL8  
    core_instance1/kmem_instance/C4691/CONTROL7  
    core_instance1/kmem_instance/C4691/CONTROL6  
    core_instance1/kmem_instance/C4691/CONTROL5  
    core_instance1/kmem_instance/C4691/CONTROL4  
    core_instance1/kmem_instance/C4691/CONTROL3  
    core_instance1/kmem_instance/C4691/DATA16  
    core_instance1/kmem_instance/C4691/DATA15  
    core_instance1/kmem_instance/C4691/DATA14  
    core_instance1/kmem_instance/C4691/DATA13  
    core_instance1/kmem_instance/C4691/DATA12  
    core_instance1/kmem_instance/C4691/DATA11  
    core_instance1/kmem_instance/C4691/DATA10  
    core_instance1/kmem_instance/C4691/DATA9  
    core_instance1/kmem_instance/C4691/DATA8  
    core_instance1/kmem_instance/C4691/DATA7  
    core_instance1/kmem_instance/C4691/DATA6  
    core_instance1/kmem_instance/C4691/DATA5  
    core_instance1/kmem_instance/C4691/DATA4  
    core_instance1/kmem_instance/C4691/DATA3  
    core_instance1/kmem_instance/C4690/CONTROL16  
    core_instance1/kmem_instance/C4690/CONTROL15  
    core_instance1/kmem_instance/C4690/CONTROL14  
    core_instance1/kmem_instance/C4690/CONTROL13  
    core_instance1/kmem_instance/C4690/CONTROL12  
    core_instance1/kmem_instance/C4690/CONTROL11  
    core_instance1/kmem_instance/C4690/CONTROL10  
    core_instance1/kmem_instance/C4690/CONTROL9  
    core_instance1/kmem_instance/C4690/CONTROL8  
    core_instance1/kmem_instance/C4690/CONTROL7  
    core_instance1/kmem_instance/C4690/CONTROL6  
    core_instance1/kmem_instance/C4690/CONTROL5  
    core_instance1/kmem_instance/C4690/CONTROL4  
    core_instance1/kmem_instance/C4690/CONTROL3  
    core_instance1/kmem_instance/C4690/DATA16  
    core_instance1/kmem_instance/C4690/DATA15  
    core_instance1/kmem_instance/C4690/DATA14  
    core_instance1/kmem_instance/C4690/DATA13  
    core_instance1/kmem_instance/C4690/DATA12  
    core_instance1/kmem_instance/C4690/DATA11  
    core_instance1/kmem_instance/C4690/DATA10  
    core_instance1/kmem_instance/C4690/DATA9  
    core_instance1/kmem_instance/C4690/DATA8  
    core_instance1/kmem_instance/C4690/DATA7  
    core_instance1/kmem_instance/C4690/DATA6  
    core_instance1/kmem_instance/C4690/DATA5  
    core_instance1/kmem_instance/C4690/DATA4  
    core_instance1/kmem_instance/C4690/DATA3  
    core_instance1/kmem_instance/C4689/CONTROL16  
    core_instance1/kmem_instance/C4689/CONTROL15  
    core_instance1/kmem_instance/C4689/CONTROL14  
    core_instance1/kmem_instance/C4689/CONTROL13  
    core_instance1/kmem_instance/C4689/CONTROL12  
    core_instance1/kmem_instance/C4689/CONTROL11  
    core_instance1/kmem_instance/C4689/CONTROL10  
    core_instance1/kmem_instance/C4689/CONTROL9  
    core_instance1/kmem_instance/C4689/CONTROL8  
    core_instance1/kmem_instance/C4689/CONTROL7  
    core_instance1/kmem_instance/C4689/CONTROL6  
    core_instance1/kmem_instance/C4689/CONTROL5  
    core_instance1/kmem_instance/C4689/CONTROL4  
    core_instance1/kmem_instance/C4689/CONTROL3  
    core_instance1/kmem_instance/C4689/DATA16  
    core_instance1/kmem_instance/C4689/DATA15  
    core_instance1/kmem_instance/C4689/DATA14  
    core_instance1/kmem_instance/C4689/DATA13  
    core_instance1/kmem_instance/C4689/DATA12  
    core_instance1/kmem_instance/C4689/DATA11  
    core_instance1/kmem_instance/C4689/DATA10  
    core_instance1/kmem_instance/C4689/DATA9  
    core_instance1/kmem_instance/C4689/DATA8  
    core_instance1/kmem_instance/C4689/DATA7  
    core_instance1/kmem_instance/C4689/DATA6  
    core_instance1/kmem_instance/C4689/DATA5  
    core_instance1/kmem_instance/C4689/DATA4  
    core_instance1/kmem_instance/C4689/DATA3  
    core_instance1/kmem_instance/C4688/CONTROL16  
    core_instance1/kmem_instance/C4688/CONTROL15  
    core_instance1/kmem_instance/C4688/CONTROL14  
    core_instance1/kmem_instance/C4688/CONTROL13  
    core_instance1/kmem_instance/C4688/CONTROL12  
    core_instance1/kmem_instance/C4688/CONTROL11  
    core_instance1/kmem_instance/C4688/CONTROL10  
    core_instance1/kmem_instance/C4688/CONTROL9  
    core_instance1/kmem_instance/C4688/CONTROL8  
    core_instance1/kmem_instance/C4688/CONTROL7  
    core_instance1/kmem_instance/C4688/CONTROL6  
    core_instance1/kmem_instance/C4688/CONTROL5  
    core_instance1/kmem_instance/C4688/CONTROL4  
    core_instance1/kmem_instance/C4688/CONTROL3  
    core_instance1/kmem_instance/C4688/DATA16  
    core_instance1/kmem_instance/C4688/DATA15  
    core_instance1/kmem_instance/C4688/DATA14  
    core_instance1/kmem_instance/C4688/DATA13  
    core_instance1/kmem_instance/C4688/DATA12  
    core_instance1/kmem_instance/C4688/DATA11  
    core_instance1/kmem_instance/C4688/DATA10  
    core_instance1/kmem_instance/C4688/DATA9  
    core_instance1/kmem_instance/C4688/DATA8  
    core_instance1/kmem_instance/C4688/DATA7  
    core_instance1/kmem_instance/C4688/DATA6  
    core_instance1/kmem_instance/C4688/DATA5  
    core_instance1/kmem_instance/C4688/DATA4  
    core_instance1/kmem_instance/C4688/DATA3  
    core_instance1/kmem_instance/C4687/CONTROL16  
    core_instance1/kmem_instance/C4687/CONTROL15  
    core_instance1/kmem_instance/C4687/CONTROL14  
    core_instance1/kmem_instance/C4687/CONTROL13  
    core_instance1/kmem_instance/C4687/CONTROL12  
    core_instance1/kmem_instance/C4687/CONTROL11  
    core_instance1/kmem_instance/C4687/CONTROL10  
    core_instance1/kmem_instance/C4687/CONTROL9  
    core_instance1/kmem_instance/C4687/CONTROL8  
    core_instance1/kmem_instance/C4687/CONTROL7  
    core_instance1/kmem_instance/C4687/CONTROL6  
    core_instance1/kmem_instance/C4687/CONTROL5  
    core_instance1/kmem_instance/C4687/CONTROL4  
    core_instance1/kmem_instance/C4687/CONTROL3  
    core_instance1/kmem_instance/C4687/DATA16  
    core_instance1/kmem_instance/C4687/DATA15  
    core_instance1/kmem_instance/C4687/DATA14  
    core_instance1/kmem_instance/C4687/DATA13  
    core_instance1/kmem_instance/C4687/DATA12  
    core_instance1/kmem_instance/C4687/DATA11  
    core_instance1/kmem_instance/C4687/DATA10  
    core_instance1/kmem_instance/C4687/DATA9  
    core_instance1/kmem_instance/C4687/DATA8  
    core_instance1/kmem_instance/C4687/DATA7  
    core_instance1/kmem_instance/C4687/DATA6  
    core_instance1/kmem_instance/C4687/DATA5  
    core_instance1/kmem_instance/C4687/DATA4  
    core_instance1/kmem_instance/C4687/DATA3  
    core_instance1/kmem_instance/C4686/CONTROL16  
    core_instance1/kmem_instance/C4686/CONTROL15  
    core_instance1/kmem_instance/C4686/CONTROL14  
    core_instance1/kmem_instance/C4686/CONTROL13  
    core_instance1/kmem_instance/C4686/CONTROL12  
    core_instance1/kmem_instance/C4686/CONTROL11  
    core_instance1/kmem_instance/C4686/CONTROL10  
    core_instance1/kmem_instance/C4686/CONTROL9  
    core_instance1/kmem_instance/C4686/CONTROL8  
    core_instance1/kmem_instance/C4686/CONTROL7  
    core_instance1/kmem_instance/C4686/CONTROL6  
    core_instance1/kmem_instance/C4686/CONTROL5  
    core_instance1/kmem_instance/C4686/CONTROL4  
    core_instance1/kmem_instance/C4686/CONTROL3  
    core_instance1/kmem_instance/C4686/DATA16  
    core_instance1/kmem_instance/C4686/DATA15  
    core_instance1/kmem_instance/C4686/DATA14  
    core_instance1/kmem_instance/C4686/DATA13  
    core_instance1/kmem_instance/C4686/DATA12  
    core_instance1/kmem_instance/C4686/DATA11  
    core_instance1/kmem_instance/C4686/DATA10  
    core_instance1/kmem_instance/C4686/DATA9  
    core_instance1/kmem_instance/C4686/DATA8  
    core_instance1/kmem_instance/C4686/DATA7  
    core_instance1/kmem_instance/C4686/DATA6  
    core_instance1/kmem_instance/C4686/DATA5  
    core_instance1/kmem_instance/C4686/DATA4  
    core_instance1/kmem_instance/C4686/DATA3  
    core_instance1/kmem_instance/C4685/CONTROL16  
    core_instance1/kmem_instance/C4685/CONTROL15  
    core_instance1/kmem_instance/C4685/CONTROL14  
    core_instance1/kmem_instance/C4685/CONTROL13  
    core_instance1/kmem_instance/C4685/CONTROL12  
    core_instance1/kmem_instance/C4685/CONTROL11  
    core_instance1/kmem_instance/C4685/CONTROL10  
    core_instance1/kmem_instance/C4685/CONTROL9  
    core_instance1/kmem_instance/C4685/CONTROL8  
    core_instance1/kmem_instance/C4685/CONTROL7  
    core_instance1/kmem_instance/C4685/CONTROL6  
    core_instance1/kmem_instance/C4685/CONTROL5  
    core_instance1/kmem_instance/C4685/CONTROL4  
    core_instance1/kmem_instance/C4685/CONTROL3  
    core_instance1/kmem_instance/C4685/DATA16  
    core_instance1/kmem_instance/C4685/DATA15  
    core_instance1/kmem_instance/C4685/DATA14  
    core_instance1/kmem_instance/C4685/DATA13  
    core_instance1/kmem_instance/C4685/DATA12  
    core_instance1/kmem_instance/C4685/DATA11  
    core_instance1/kmem_instance/C4685/DATA10  
    core_instance1/kmem_instance/C4685/DATA9  
    core_instance1/kmem_instance/C4685/DATA8  
    core_instance1/kmem_instance/C4685/DATA7  
    core_instance1/kmem_instance/C4685/DATA6  
    core_instance1/kmem_instance/C4685/DATA5  
    core_instance1/kmem_instance/C4685/DATA4  
    core_instance1/kmem_instance/C4685/DATA3  
    core_instance1/kmem_instance/memory15[0]  
    core_instance1/kmem_instance/memory15[1]  
    core_instance1/kmem_instance/memory15[2]  
    core_instance1/kmem_instance/memory15[3]  
    core_instance1/kmem_instance/memory15[4]  
    core_instance1/kmem_instance/memory15[5]  
    core_instance1/kmem_instance/memory15[6]  
    core_instance1/kmem_instance/memory15[7]  
    core_instance1/kmem_instance/memory15[8]  
    core_instance1/kmem_instance/memory15[9]  
    core_instance1/kmem_instance/memory15[10]  
    core_instance1/kmem_instance/memory15[11]  
    core_instance1/kmem_instance/memory15[12]  
    core_instance1/kmem_instance/memory15[13]  
    core_instance1/kmem_instance/memory15[14]  
    core_instance1/kmem_instance/memory15[15]  
    core_instance1/kmem_instance/memory15[16]  
    core_instance1/kmem_instance/memory15[17]  
    core_instance1/kmem_instance/memory15[18]  
    core_instance1/kmem_instance/memory15[19]  
    core_instance1/kmem_instance/memory15[20]  
    core_instance1/kmem_instance/memory15[21]  
    core_instance1/kmem_instance/memory15[22]  
    core_instance1/kmem_instance/memory15[23]  
    core_instance1/kmem_instance/memory15[24]  
    core_instance1/kmem_instance/memory15[25]  
    core_instance1/kmem_instance/memory15[26]  
    core_instance1/kmem_instance/memory15[27]  
    core_instance1/kmem_instance/memory15[28]  
    core_instance1/kmem_instance/memory15[29]  
    core_instance1/kmem_instance/memory15[30]  
    core_instance1/kmem_instance/memory15[31]  
    core_instance1/kmem_instance/memory15[32]  
    core_instance1/kmem_instance/memory15[33]  
    core_instance1/kmem_instance/memory15[34]  
    core_instance1/kmem_instance/memory15[35]  
    core_instance1/kmem_instance/memory15[36]  
    core_instance1/kmem_instance/memory15[37]  
    core_instance1/kmem_instance/memory15[38]  
    core_instance1/kmem_instance/memory15[39]  
    core_instance1/kmem_instance/memory15[40]  
    core_instance1/kmem_instance/memory15[41]  
    core_instance1/kmem_instance/memory15[42]  
    core_instance1/kmem_instance/memory15[43]  
    core_instance1/kmem_instance/memory15[44]  
    core_instance1/kmem_instance/memory15[45]  
    core_instance1/kmem_instance/memory15[46]  
    core_instance1/kmem_instance/memory15[47]  
    core_instance1/kmem_instance/memory15[48]  
    core_instance1/kmem_instance/memory15[49]  
    core_instance1/kmem_instance/memory15[50]  
    core_instance1/kmem_instance/memory15[51]  
    core_instance1/kmem_instance/memory15[52]  
    core_instance1/kmem_instance/memory15[53]  
    core_instance1/kmem_instance/memory15[54]  
    core_instance1/kmem_instance/memory15[55]  
    core_instance1/kmem_instance/memory15[56]  
    core_instance1/kmem_instance/memory15[57]  
    core_instance1/kmem_instance/memory15[58]  
    core_instance1/kmem_instance/memory15[59]  
    core_instance1/kmem_instance/memory15[60]  
    core_instance1/kmem_instance/memory15[61]  
    core_instance1/kmem_instance/memory15[62]  
    core_instance1/kmem_instance/memory15[63]  
    core_instance1/kmem_instance/memory14[0]  
    core_instance1/kmem_instance/memory14[1]  
    core_instance1/kmem_instance/memory14[2]  
    core_instance1/kmem_instance/memory14[3]  
    core_instance1/kmem_instance/memory14[4]  
    core_instance1/kmem_instance/memory14[5]  
    core_instance1/kmem_instance/memory14[6]  
    core_instance1/kmem_instance/memory14[7]  
    core_instance1/kmem_instance/memory14[8]  
    core_instance1/kmem_instance/memory14[9]  
    core_instance1/kmem_instance/memory14[10]  
    core_instance1/kmem_instance/memory14[11]  
    core_instance1/kmem_instance/memory14[12]  
    core_instance1/kmem_instance/memory14[13]  
    core_instance1/kmem_instance/memory14[14]  
    core_instance1/kmem_instance/memory14[15]  
    core_instance1/kmem_instance/memory14[16]  
    core_instance1/kmem_instance/memory14[17]  
    core_instance1/kmem_instance/memory14[18]  
    core_instance1/kmem_instance/memory14[19]  
    core_instance1/kmem_instance/memory14[20]  
    core_instance1/kmem_instance/memory14[21]  
    core_instance1/kmem_instance/memory14[22]  
    core_instance1/kmem_instance/memory14[23]  
    core_instance1/kmem_instance/memory14[24]  
    core_instance1/kmem_instance/memory14[25]  
    core_instance1/kmem_instance/memory14[26]  
    core_instance1/kmem_instance/memory14[27]  
    core_instance1/kmem_instance/memory14[28]  
    core_instance1/kmem_instance/memory14[29]  
    core_instance1/kmem_instance/memory14[30]  
    core_instance1/kmem_instance/memory14[31]  
    core_instance1/kmem_instance/memory14[32]  
    core_instance1/kmem_instance/memory14[33]  
    core_instance1/kmem_instance/memory14[34]  
    core_instance1/kmem_instance/memory14[35]  
    core_instance1/kmem_instance/memory14[36]  
    core_instance1/kmem_instance/memory14[37]  
    core_instance1/kmem_instance/memory14[38]  
    core_instance1/kmem_instance/memory14[39]  
    core_instance1/kmem_instance/memory14[40]  
    core_instance1/kmem_instance/memory14[41]  
    core_instance1/kmem_instance/memory14[42]  
    core_instance1/kmem_instance/memory14[43]  
    core_instance1/kmem_instance/memory14[44]  
    core_instance1/kmem_instance/memory14[45]  
    core_instance1/kmem_instance/memory14[46]  
    core_instance1/kmem_instance/memory14[47]  
    core_instance1/kmem_instance/memory14[48]  
    core_instance1/kmem_instance/memory14[49]  
    core_instance1/kmem_instance/memory14[50]  
    core_instance1/kmem_instance/memory14[51]  
    core_instance1/kmem_instance/memory14[52]  
    core_instance1/kmem_instance/memory14[53]  
    core_instance1/kmem_instance/memory14[54]  
    core_instance1/kmem_instance/memory14[55]  
    core_instance1/kmem_instance/memory14[56]  
    core_instance1/kmem_instance/memory14[57]  
    core_instance1/kmem_instance/memory14[58]  
    core_instance1/kmem_instance/memory14[59]  
    core_instance1/kmem_instance/memory14[60]  
    core_instance1/kmem_instance/memory14[61]  
    core_instance1/kmem_instance/memory14[62]  
    core_instance1/kmem_instance/memory14[63]  
    core_instance1/kmem_instance/memory13[0]  
    core_instance1/kmem_instance/memory13[1]  
    core_instance1/kmem_instance/memory13[2]  
    core_instance1/kmem_instance/memory13[3]  
    core_instance1/kmem_instance/memory13[4]  
    core_instance1/kmem_instance/memory13[5]  
    core_instance1/kmem_instance/memory13[6]  
    core_instance1/kmem_instance/memory13[7]  
    core_instance1/kmem_instance/memory13[8]  
    core_instance1/kmem_instance/memory13[9]  
    core_instance1/kmem_instance/memory13[10]  
    core_instance1/kmem_instance/memory13[11]  
    core_instance1/kmem_instance/memory13[12]  
    core_instance1/kmem_instance/memory13[13]  
    core_instance1/kmem_instance/memory13[14]  
    core_instance1/kmem_instance/memory13[15]  
    core_instance1/kmem_instance/memory13[16]  
    core_instance1/kmem_instance/memory13[17]  
    core_instance1/kmem_instance/memory13[18]  
    core_instance1/kmem_instance/memory13[19]  
    core_instance1/kmem_instance/memory13[20]  
    core_instance1/kmem_instance/memory13[21]  
    core_instance1/kmem_instance/memory13[22]  
    core_instance1/kmem_instance/memory13[23]  
    core_instance1/kmem_instance/memory13[24]  
    core_instance1/kmem_instance/memory13[25]  
    core_instance1/kmem_instance/memory13[26]  
    core_instance1/kmem_instance/memory13[27]  
    core_instance1/kmem_instance/memory13[28]  
    core_instance1/kmem_instance/memory13[29]  
    core_instance1/kmem_instance/memory13[30]  
    core_instance1/kmem_instance/memory13[31]  
    core_instance1/kmem_instance/memory13[32]  
    core_instance1/kmem_instance/memory13[33]  
    core_instance1/kmem_instance/memory13[34]  
    core_instance1/kmem_instance/memory13[35]  
    core_instance1/kmem_instance/memory13[36]  
    core_instance1/kmem_instance/memory13[37]  
    core_instance1/kmem_instance/memory13[38]  
    core_instance1/kmem_instance/memory13[39]  
    core_instance1/kmem_instance/memory13[40]  
    core_instance1/kmem_instance/memory13[41]  
    core_instance1/kmem_instance/memory13[42]  
    core_instance1/kmem_instance/memory13[43]  
    core_instance1/kmem_instance/memory13[44]  
    core_instance1/kmem_instance/memory13[45]  
    core_instance1/kmem_instance/memory13[46]  
    core_instance1/kmem_instance/memory13[47]  
    core_instance1/kmem_instance/memory13[48]  
    core_instance1/kmem_instance/memory13[49]  
    core_instance1/kmem_instance/memory13[50]  
    core_instance1/kmem_instance/memory13[51]  
    core_instance1/kmem_instance/memory13[52]  
    core_instance1/kmem_instance/memory13[53]  
    core_instance1/kmem_instance/memory13[54]  
    core_instance1/kmem_instance/memory13[55]  
    core_instance1/kmem_instance/memory13[56]  
    core_instance1/kmem_instance/memory13[57]  
    core_instance1/kmem_instance/memory13[58]  
    core_instance1/kmem_instance/memory13[59]  
    core_instance1/kmem_instance/memory13[60]  
    core_instance1/kmem_instance/memory13[61]  
    core_instance1/kmem_instance/memory13[62]  
    core_instance1/kmem_instance/memory13[63]  
    core_instance1/kmem_instance/memory12[0]  
    core_instance1/kmem_instance/memory12[1]  
    core_instance1/kmem_instance/memory12[2]  
    core_instance1/kmem_instance/memory12[3]  
    core_instance1/kmem_instance/memory12[4]  
    core_instance1/kmem_instance/memory12[5]  
    core_instance1/kmem_instance/memory12[6]  
    core_instance1/kmem_instance/memory12[7]  
    core_instance1/kmem_instance/memory12[8]  
    core_instance1/kmem_instance/memory12[9]  
    core_instance1/kmem_instance/memory12[10]  
    core_instance1/kmem_instance/memory12[11]  
    core_instance1/kmem_instance/memory12[12]  
    core_instance1/kmem_instance/memory12[13]  
    core_instance1/kmem_instance/memory12[14]  
    core_instance1/kmem_instance/memory12[15]  
    core_instance1/kmem_instance/memory12[16]  
    core_instance1/kmem_instance/memory12[17]  
    core_instance1/kmem_instance/memory12[18]  
    core_instance1/kmem_instance/memory12[19]  
    core_instance1/kmem_instance/memory12[20]  
    core_instance1/kmem_instance/memory12[21]  
    core_instance1/kmem_instance/memory12[22]  
    core_instance1/kmem_instance/memory12[23]  
    core_instance1/kmem_instance/memory12[24]  
    core_instance1/kmem_instance/memory12[25]  
    core_instance1/kmem_instance/memory12[26]  
    core_instance1/kmem_instance/memory12[27]  
    core_instance1/kmem_instance/memory12[28]  
    core_instance1/kmem_instance/memory12[29]  
    core_instance1/kmem_instance/memory12[30]  
    core_instance1/kmem_instance/memory12[31]  
    core_instance1/kmem_instance/memory12[32]  
    core_instance1/kmem_instance/memory12[33]  
    core_instance1/kmem_instance/memory12[34]  
    core_instance1/kmem_instance/memory12[35]  
    core_instance1/kmem_instance/memory12[36]  
    core_instance1/kmem_instance/memory12[37]  
    core_instance1/kmem_instance/memory12[38]  
    core_instance1/kmem_instance/memory12[39]  
    core_instance1/kmem_instance/memory12[40]  
    core_instance1/kmem_instance/memory12[41]  
    core_instance1/kmem_instance/memory12[42]  
    core_instance1/kmem_instance/memory12[43]  
    core_instance1/kmem_instance/memory12[44]  
    core_instance1/kmem_instance/memory12[45]  
    core_instance1/kmem_instance/memory12[46]  
    core_instance1/kmem_instance/memory12[47]  
    core_instance1/kmem_instance/memory12[48]  
    core_instance1/kmem_instance/memory12[49]  
    core_instance1/kmem_instance/memory12[50]  
    core_instance1/kmem_instance/memory12[51]  
    core_instance1/kmem_instance/memory12[52]  
    core_instance1/kmem_instance/memory12[53]  
    core_instance1/kmem_instance/memory12[54]  
    core_instance1/kmem_instance/memory12[55]  
    core_instance1/kmem_instance/memory12[56]  
    core_instance1/kmem_instance/memory12[57]  
    core_instance1/kmem_instance/memory12[58]  
    core_instance1/kmem_instance/memory12[59]  
    core_instance1/kmem_instance/memory12[60]  
    core_instance1/kmem_instance/memory12[61]  
    core_instance1/kmem_instance/memory12[62]  
    core_instance1/kmem_instance/memory12[63]  
    core_instance1/kmem_instance/memory11[0]  
    core_instance1/kmem_instance/memory11[1]  
    core_instance1/kmem_instance/memory11[2]  
    core_instance1/kmem_instance/memory11[3]  
    core_instance1/kmem_instance/memory11[4]  
    core_instance1/kmem_instance/memory11[5]  
    core_instance1/kmem_instance/memory11[6]  
    core_instance1/kmem_instance/memory11[7]  
    core_instance1/kmem_instance/memory11[8]  
    core_instance1/kmem_instance/memory11[9]  
    core_instance1/kmem_instance/memory11[10]  
    core_instance1/kmem_instance/memory11[11]  
    core_instance1/kmem_instance/memory11[12]  
    core_instance1/kmem_instance/memory11[13]  
    core_instance1/kmem_instance/memory11[14]  
    core_instance1/kmem_instance/memory11[15]  
    core_instance1/kmem_instance/memory11[16]  
    core_instance1/kmem_instance/memory11[17]  
    core_instance1/kmem_instance/memory11[18]  
    core_instance1/kmem_instance/memory11[19]  
    core_instance1/kmem_instance/memory11[20]  
    core_instance1/kmem_instance/memory11[21]  
    core_instance1/kmem_instance/memory11[22]  
    core_instance1/kmem_instance/memory11[23]  
    core_instance1/kmem_instance/memory11[24]  
    core_instance1/kmem_instance/memory11[25]  
    core_instance1/kmem_instance/memory11[26]  
    core_instance1/kmem_instance/memory11[27]  
    core_instance1/kmem_instance/memory11[28]  
    core_instance1/kmem_instance/memory11[29]  
    core_instance1/kmem_instance/memory11[30]  
    core_instance1/kmem_instance/memory11[31]  
    core_instance1/kmem_instance/memory11[32]  
    core_instance1/kmem_instance/memory11[33]  
    core_instance1/kmem_instance/memory11[34]  
    core_instance1/kmem_instance/memory11[35]  
    core_instance1/kmem_instance/memory11[36]  
    core_instance1/kmem_instance/memory11[37]  
    core_instance1/kmem_instance/memory11[38]  
    core_instance1/kmem_instance/memory11[39]  
    core_instance1/kmem_instance/memory11[40]  
    core_instance1/kmem_instance/memory11[41]  
    core_instance1/kmem_instance/memory11[42]  
    core_instance1/kmem_instance/memory11[43]  
    core_instance1/kmem_instance/memory11[44]  
    core_instance1/kmem_instance/memory11[45]  
    core_instance1/kmem_instance/memory11[46]  
    core_instance1/kmem_instance/memory11[47]  
    core_instance1/kmem_instance/memory11[48]  
    core_instance1/kmem_instance/memory11[49]  
    core_instance1/kmem_instance/memory11[50]  
    core_instance1/kmem_instance/memory11[51]  
    core_instance1/kmem_instance/memory11[52]  
    core_instance1/kmem_instance/memory11[53]  
    core_instance1/kmem_instance/memory11[54]  
    core_instance1/kmem_instance/memory11[55]  
    core_instance1/kmem_instance/memory11[56]  
    core_instance1/kmem_instance/memory11[57]  
    core_instance1/kmem_instance/memory11[58]  
    core_instance1/kmem_instance/memory11[59]  
    core_instance1/kmem_instance/memory11[60]  
    core_instance1/kmem_instance/memory11[61]  
    core_instance1/kmem_instance/memory11[62]  
    core_instance1/kmem_instance/memory11[63]  
    core_instance1/kmem_instance/memory10[0]  
    core_instance1/kmem_instance/memory10[1]  
    core_instance1/kmem_instance/memory10[2]  
    core_instance1/kmem_instance/memory10[3]  
    core_instance1/kmem_instance/memory10[4]  
    core_instance1/kmem_instance/memory10[5]  
    core_instance1/kmem_instance/memory10[6]  
    core_instance1/kmem_instance/memory10[7]  
    core_instance1/kmem_instance/memory10[8]  
    core_instance1/kmem_instance/memory10[9]  
    core_instance1/kmem_instance/memory10[10]  
    core_instance1/kmem_instance/memory10[11]  
    core_instance1/kmem_instance/memory10[12]  
    core_instance1/kmem_instance/memory10[13]  
    core_instance1/kmem_instance/memory10[14]  
    core_instance1/kmem_instance/memory10[15]  
    core_instance1/kmem_instance/memory10[16]  
    core_instance1/kmem_instance/memory10[17]  
    core_instance1/kmem_instance/memory10[18]  
    core_instance1/kmem_instance/memory10[19]  
    core_instance1/kmem_instance/memory10[20]  
    core_instance1/kmem_instance/memory10[21]  
    core_instance1/kmem_instance/memory10[22]  
    core_instance1/kmem_instance/memory10[23]  
    core_instance1/kmem_instance/memory10[24]  
    core_instance1/kmem_instance/memory10[25]  
    core_instance1/kmem_instance/memory10[26]  
    core_instance1/kmem_instance/memory10[27]  
    core_instance1/kmem_instance/memory10[28]  
    core_instance1/kmem_instance/memory10[29]  
    core_instance1/kmem_instance/memory10[30]  
    core_instance1/kmem_instance/memory10[31]  
    core_instance1/kmem_instance/memory10[32]  
    core_instance1/kmem_instance/memory10[33]  
    core_instance1/kmem_instance/memory10[34]  
    core_instance1/kmem_instance/memory10[35]  
    core_instance1/kmem_instance/memory10[36]  
    core_instance1/kmem_instance/memory10[37]  
    core_instance1/kmem_instance/memory10[38]  
    core_instance1/kmem_instance/memory10[39]  
    core_instance1/kmem_instance/memory10[40]  
    core_instance1/kmem_instance/memory10[41]  
    core_instance1/kmem_instance/memory10[42]  
    core_instance1/kmem_instance/memory10[43]  
    core_instance1/kmem_instance/memory10[44]  
    core_instance1/kmem_instance/memory10[45]  
    core_instance1/kmem_instance/memory10[46]  
    core_instance1/kmem_instance/memory10[47]  
    core_instance1/kmem_instance/memory10[48]  
    core_instance1/kmem_instance/memory10[49]  
    core_instance1/kmem_instance/memory10[50]  
    core_instance1/kmem_instance/memory10[51]  
    core_instance1/kmem_instance/memory10[52]  
    core_instance1/kmem_instance/memory10[53]  
    core_instance1/kmem_instance/memory10[54]  
    core_instance1/kmem_instance/memory10[55]  
    core_instance1/kmem_instance/memory10[56]  
    core_instance1/kmem_instance/memory10[57]  
    core_instance1/kmem_instance/memory10[58]  
    core_instance1/kmem_instance/memory10[59]  
    core_instance1/kmem_instance/memory10[60]  
    core_instance1/kmem_instance/memory10[61]  
    core_instance1/kmem_instance/memory10[62]  
    core_instance1/kmem_instance/memory10[63]  
    core_instance1/kmem_instance/memory9[0]  
    core_instance1/kmem_instance/memory9[1]  
    core_instance1/kmem_instance/memory9[2]  
    core_instance1/kmem_instance/memory9[3]  
    core_instance1/kmem_instance/memory9[4]  
    core_instance1/kmem_instance/memory9[5]  
    core_instance1/kmem_instance/memory9[6]  
    core_instance1/kmem_instance/memory9[7]  
    core_instance1/kmem_instance/memory9[8]  
    core_instance1/kmem_instance/memory9[9]  
    core_instance1/kmem_instance/memory9[10]  
    core_instance1/kmem_instance/memory9[11]  
    core_instance1/kmem_instance/memory9[12]  
    core_instance1/kmem_instance/memory9[13]  
    core_instance1/kmem_instance/memory9[14]  
    core_instance1/kmem_instance/memory9[15]  
    core_instance1/kmem_instance/memory9[16]  
    core_instance1/kmem_instance/memory9[17]  
    core_instance1/kmem_instance/memory9[18]  
    core_instance1/kmem_instance/memory9[19]  
    core_instance1/kmem_instance/memory9[20]  
    core_instance1/kmem_instance/memory9[21]  
    core_instance1/kmem_instance/memory9[22]  
    core_instance1/kmem_instance/memory9[23]  
    core_instance1/kmem_instance/memory9[24]  
    core_instance1/kmem_instance/memory9[25]  
    core_instance1/kmem_instance/memory9[26]  
    core_instance1/kmem_instance/memory9[27]  
    core_instance1/kmem_instance/memory9[28]  
    core_instance1/kmem_instance/memory9[29]  
    core_instance1/kmem_instance/memory9[30]  
    core_instance1/kmem_instance/memory9[31]  
    core_instance1/kmem_instance/memory9[32]  
    core_instance1/kmem_instance/memory9[33]  
    core_instance1/kmem_instance/memory9[34]  
    core_instance1/kmem_instance/memory9[35]  
    core_instance1/kmem_instance/memory9[36]  
    core_instance1/kmem_instance/memory9[37]  
    core_instance1/kmem_instance/memory9[38]  
    core_instance1/kmem_instance/memory9[39]  
    core_instance1/kmem_instance/memory9[40]  
    core_instance1/kmem_instance/memory9[41]  
    core_instance1/kmem_instance/memory9[42]  
    core_instance1/kmem_instance/memory9[43]  
    core_instance1/kmem_instance/memory9[44]  
    core_instance1/kmem_instance/memory9[45]  
    core_instance1/kmem_instance/memory9[46]  
    core_instance1/kmem_instance/memory9[47]  
    core_instance1/kmem_instance/memory9[48]  
    core_instance1/kmem_instance/memory9[49]  
    core_instance1/kmem_instance/memory9[50]  
    core_instance1/kmem_instance/memory9[51]  
    core_instance1/kmem_instance/memory9[52]  
    core_instance1/kmem_instance/memory9[53]  
    core_instance1/kmem_instance/memory9[54]  
    core_instance1/kmem_instance/memory9[55]  
    core_instance1/kmem_instance/memory9[56]  
    core_instance1/kmem_instance/memory9[57]  
    core_instance1/kmem_instance/memory9[58]  
    core_instance1/kmem_instance/memory9[59]  
    core_instance1/kmem_instance/memory9[60]  
    core_instance1/kmem_instance/memory9[61]  
    core_instance1/kmem_instance/memory9[62]  
    core_instance1/kmem_instance/memory9[63]  
    core_instance1/kmem_instance/memory8[0]  
    core_instance1/kmem_instance/memory8[1]  
    core_instance1/kmem_instance/memory8[2]  
    core_instance1/kmem_instance/memory8[3]  
    core_instance1/kmem_instance/memory8[4]  
    core_instance1/kmem_instance/memory8[5]  
    core_instance1/kmem_instance/memory8[6]  
    core_instance1/kmem_instance/memory8[7]  
    core_instance1/kmem_instance/memory8[8]  
    core_instance1/kmem_instance/memory8[9]  
    core_instance1/kmem_instance/memory8[10]  
    core_instance1/kmem_instance/memory8[11]  
    core_instance1/kmem_instance/memory8[12]  
    core_instance1/kmem_instance/memory8[13]  
    core_instance1/kmem_instance/memory8[14]  
    core_instance1/kmem_instance/memory8[15]  
    core_instance1/kmem_instance/memory8[16]  
    core_instance1/kmem_instance/memory8[17]  
    core_instance1/kmem_instance/memory8[18]  
    core_instance1/kmem_instance/memory8[19]  
    core_instance1/kmem_instance/memory8[20]  
    core_instance1/kmem_instance/memory8[21]  
    core_instance1/kmem_instance/memory8[22]  
    core_instance1/kmem_instance/memory8[23]  
    core_instance1/kmem_instance/memory8[24]  
    core_instance1/kmem_instance/memory8[25]  
    core_instance1/kmem_instance/memory8[26]  
    core_instance1/kmem_instance/memory8[27]  
    core_instance1/kmem_instance/memory8[28]  
    core_instance1/kmem_instance/memory8[29]  
    core_instance1/kmem_instance/memory8[30]  
    core_instance1/kmem_instance/memory8[31]  
    core_instance1/kmem_instance/memory8[32]  
    core_instance1/kmem_instance/memory8[33]  
    core_instance1/kmem_instance/memory8[34]  
    core_instance1/kmem_instance/memory8[35]  
    core_instance1/kmem_instance/memory8[36]  
    core_instance1/kmem_instance/memory8[37]  
    core_instance1/kmem_instance/memory8[38]  
    core_instance1/kmem_instance/memory8[39]  
    core_instance1/kmem_instance/memory8[40]  
    core_instance1/kmem_instance/memory8[41]  
    core_instance1/kmem_instance/memory8[42]  
    core_instance1/kmem_instance/memory8[43]  
    core_instance1/kmem_instance/memory8[44]  
    core_instance1/kmem_instance/memory8[45]  
    core_instance1/kmem_instance/memory8[46]  
    core_instance1/kmem_instance/memory8[47]  
    core_instance1/kmem_instance/memory8[48]  
    core_instance1/kmem_instance/memory8[49]  
    core_instance1/kmem_instance/memory8[50]  
    core_instance1/kmem_instance/memory8[51]  
    core_instance1/kmem_instance/memory8[52]  
    core_instance1/kmem_instance/memory8[53]  
    core_instance1/kmem_instance/memory8[54]  
    core_instance1/kmem_instance/memory8[55]  
    core_instance1/kmem_instance/memory8[56]  
    core_instance1/kmem_instance/memory8[57]  
    core_instance1/kmem_instance/memory8[58]  
    core_instance1/kmem_instance/memory8[59]  
    core_instance1/kmem_instance/memory8[60]  
    core_instance1/kmem_instance/memory8[61]  
    core_instance1/kmem_instance/memory8[62]  
    core_instance1/kmem_instance/memory8[63]  
    core_instance1/kmem_instance/memory7[0]  
    core_instance1/kmem_instance/memory7[1]  
    core_instance1/kmem_instance/memory7[2]  
    core_instance1/kmem_instance/memory7[3]  
    core_instance1/kmem_instance/memory7[4]  
    core_instance1/kmem_instance/memory7[5]  
    core_instance1/kmem_instance/memory7[6]  
    core_instance1/kmem_instance/memory7[7]  
    core_instance1/kmem_instance/memory7[8]  
    core_instance1/kmem_instance/memory7[9]  
    core_instance1/kmem_instance/memory7[10]  
    core_instance1/kmem_instance/memory7[11]  
    core_instance1/kmem_instance/memory7[12]  
    core_instance1/kmem_instance/memory7[13]  
    core_instance1/kmem_instance/memory7[14]  
    core_instance1/kmem_instance/memory7[15]  
    core_instance1/kmem_instance/memory7[16]  
    core_instance1/kmem_instance/memory7[17]  
    core_instance1/kmem_instance/memory7[18]  
    core_instance1/kmem_instance/memory7[19]  
    core_instance1/kmem_instance/memory7[20]  
    core_instance1/kmem_instance/memory7[21]  
    core_instance1/kmem_instance/memory7[22]  
    core_instance1/kmem_instance/memory7[23]  
    core_instance1/kmem_instance/memory7[24]  
    core_instance1/kmem_instance/memory7[25]  
    core_instance1/kmem_instance/memory7[26]  
    core_instance1/kmem_instance/memory7[27]  
    core_instance1/kmem_instance/memory7[28]  
    core_instance1/kmem_instance/memory7[29]  
    core_instance1/kmem_instance/memory7[30]  
    core_instance1/kmem_instance/memory7[31]  
    core_instance1/kmem_instance/memory7[32]  
    core_instance1/kmem_instance/memory7[33]  
    core_instance1/kmem_instance/memory7[34]  
    core_instance1/kmem_instance/memory7[35]  
    core_instance1/kmem_instance/memory7[36]  
    core_instance1/kmem_instance/memory7[37]  
    core_instance1/kmem_instance/memory7[38]  
    core_instance1/kmem_instance/memory7[39]  
    core_instance1/kmem_instance/memory7[40]  
    core_instance1/kmem_instance/memory7[41]  
    core_instance1/kmem_instance/memory7[42]  
    core_instance1/kmem_instance/memory7[43]  
    core_instance1/kmem_instance/memory7[44]  
    core_instance1/kmem_instance/memory7[45]  
    core_instance1/kmem_instance/memory7[46]  
    core_instance1/kmem_instance/memory7[47]  
    core_instance1/kmem_instance/memory7[48]  
    core_instance1/kmem_instance/memory7[49]  
    core_instance1/kmem_instance/memory7[50]  
    core_instance1/kmem_instance/memory7[51]  
    core_instance1/kmem_instance/memory7[52]  
    core_instance1/kmem_instance/memory7[53]  
    core_instance1/kmem_instance/memory7[54]  
    core_instance1/kmem_instance/memory7[55]  
    core_instance1/kmem_instance/memory7[56]  
    core_instance1/kmem_instance/memory7[57]  
    core_instance1/kmem_instance/memory7[58]  
    core_instance1/kmem_instance/memory7[59]  
    core_instance1/kmem_instance/memory7[60]  
    core_instance1/kmem_instance/memory7[61]  
    core_instance1/kmem_instance/memory7[62]  
    core_instance1/kmem_instance/memory7[63]  
    core_instance1/kmem_instance/memory6[0]  
    core_instance1/kmem_instance/memory6[1]  
    core_instance1/kmem_instance/memory6[2]  
    core_instance1/kmem_instance/memory6[3]  
    core_instance1/kmem_instance/memory6[4]  
    core_instance1/kmem_instance/memory6[5]  
    core_instance1/kmem_instance/memory6[6]  
    core_instance1/kmem_instance/memory6[7]  
    core_instance1/kmem_instance/memory6[8]  
    core_instance1/kmem_instance/memory6[9]  
    core_instance1/kmem_instance/memory6[10]  
    core_instance1/kmem_instance/memory6[11]  
    core_instance1/kmem_instance/memory6[12]  
    core_instance1/kmem_instance/memory6[13]  
    core_instance1/kmem_instance/memory6[14]  
    core_instance1/kmem_instance/memory6[15]  
    core_instance1/kmem_instance/memory6[16]  
    core_instance1/kmem_instance/memory6[17]  
    core_instance1/kmem_instance/memory6[18]  
    core_instance1/kmem_instance/memory6[19]  
    core_instance1/kmem_instance/memory6[20]  
    core_instance1/kmem_instance/memory6[21]  
    core_instance1/kmem_instance/memory6[22]  
    core_instance1/kmem_instance/memory6[23]  
    core_instance1/kmem_instance/memory6[24]  
    core_instance1/kmem_instance/memory6[25]  
    core_instance1/kmem_instance/memory6[26]  
    core_instance1/kmem_instance/memory6[27]  
    core_instance1/kmem_instance/memory6[28]  
    core_instance1/kmem_instance/memory6[29]  
    core_instance1/kmem_instance/memory6[30]  
    core_instance1/kmem_instance/memory6[31]  
    core_instance1/kmem_instance/memory6[32]  
    core_instance1/kmem_instance/memory6[33]  
    core_instance1/kmem_instance/memory6[34]  
    core_instance1/kmem_instance/memory6[35]  
    core_instance1/kmem_instance/memory6[36]  
    core_instance1/kmem_instance/memory6[37]  
    core_instance1/kmem_instance/memory6[38]  
    core_instance1/kmem_instance/memory6[39]  
    core_instance1/kmem_instance/memory6[40]  
    core_instance1/kmem_instance/memory6[41]  
    core_instance1/kmem_instance/memory6[42]  
    core_instance1/kmem_instance/memory6[43]  
    core_instance1/kmem_instance/memory6[44]  
    core_instance1/kmem_instance/memory6[45]  
    core_instance1/kmem_instance/memory6[46]  
    core_instance1/kmem_instance/memory6[47]  
    core_instance1/kmem_instance/memory6[48]  
    core_instance1/kmem_instance/memory6[49]  
    core_instance1/kmem_instance/memory6[50]  
    core_instance1/kmem_instance/memory6[51]  
    core_instance1/kmem_instance/memory6[52]  
    core_instance1/kmem_instance/memory6[53]  
    core_instance1/kmem_instance/memory6[54]  
    core_instance1/kmem_instance/memory6[55]  
    core_instance1/kmem_instance/memory6[56]  
    core_instance1/kmem_instance/memory6[57]  
    core_instance1/kmem_instance/memory6[58]  
    core_instance1/kmem_instance/memory6[59]  
    core_instance1/kmem_instance/memory6[60]  
    core_instance1/kmem_instance/memory6[61]  
    core_instance1/kmem_instance/memory6[62]  
    core_instance1/kmem_instance/memory6[63]  
    core_instance1/kmem_instance/memory5[0]  
    core_instance1/kmem_instance/memory5[1]  
    core_instance1/kmem_instance/memory5[2]  
    core_instance1/kmem_instance/memory5[3]  
    core_instance1/kmem_instance/memory5[4]  
    core_instance1/kmem_instance/memory5[5]  
    core_instance1/kmem_instance/memory5[6]  
    core_instance1/kmem_instance/memory5[7]  
    core_instance1/kmem_instance/memory5[8]  
    core_instance1/kmem_instance/memory5[9]  
    core_instance1/kmem_instance/memory5[10]  
    core_instance1/kmem_instance/memory5[11]  
    core_instance1/kmem_instance/memory5[12]  
    core_instance1/kmem_instance/memory5[13]  
    core_instance1/kmem_instance/memory5[14]  
    core_instance1/kmem_instance/memory5[15]  
    core_instance1/kmem_instance/memory5[16]  
    core_instance1/kmem_instance/memory5[17]  
    core_instance1/kmem_instance/memory5[18]  
    core_instance1/kmem_instance/memory5[19]  
    core_instance1/kmem_instance/memory5[20]  
    core_instance1/kmem_instance/memory5[21]  
    core_instance1/kmem_instance/memory5[22]  
    core_instance1/kmem_instance/memory5[23]  
    core_instance1/kmem_instance/memory5[24]  
    core_instance1/kmem_instance/memory5[25]  
    core_instance1/kmem_instance/memory5[26]  
    core_instance1/kmem_instance/memory5[27]  
    core_instance1/kmem_instance/memory5[28]  
    core_instance1/kmem_instance/memory5[29]  
    core_instance1/kmem_instance/memory5[30]  
    core_instance1/kmem_instance/memory5[31]  
    core_instance1/kmem_instance/memory5[32]  
    core_instance1/kmem_instance/memory5[33]  
    core_instance1/kmem_instance/memory5[34]  
    core_instance1/kmem_instance/memory5[35]  
    core_instance1/kmem_instance/memory5[36]  
    core_instance1/kmem_instance/memory5[37]  
    core_instance1/kmem_instance/memory5[38]  
    core_instance1/kmem_instance/memory5[39]  
    core_instance1/kmem_instance/memory5[40]  
    core_instance1/kmem_instance/memory5[41]  
    core_instance1/kmem_instance/memory5[42]  
    core_instance1/kmem_instance/memory5[43]  
    core_instance1/kmem_instance/memory5[44]  
    core_instance1/kmem_instance/memory5[45]  
    core_instance1/kmem_instance/memory5[46]  
    core_instance1/kmem_instance/memory5[47]  
    core_instance1/kmem_instance/memory5[48]  
    core_instance1/kmem_instance/memory5[49]  
    core_instance1/kmem_instance/memory5[50]  
    core_instance1/kmem_instance/memory5[51]  
    core_instance1/kmem_instance/memory5[52]  
    core_instance1/kmem_instance/memory5[53]  
    core_instance1/kmem_instance/memory5[54]  
    core_instance1/kmem_instance/memory5[55]  
    core_instance1/kmem_instance/memory5[56]  
    core_instance1/kmem_instance/memory5[57]  
    core_instance1/kmem_instance/memory5[58]  
    core_instance1/kmem_instance/memory5[59]  
    core_instance1/kmem_instance/memory5[60]  
    core_instance1/kmem_instance/memory5[61]  
    core_instance1/kmem_instance/memory5[62]  
    core_instance1/kmem_instance/memory5[63]  
    core_instance1/kmem_instance/memory4[0]  
    core_instance1/kmem_instance/memory4[1]  
    core_instance1/kmem_instance/memory4[2]  
    core_instance1/kmem_instance/memory4[3]  
    core_instance1/kmem_instance/memory4[4]  
    core_instance1/kmem_instance/memory4[5]  
    core_instance1/kmem_instance/memory4[6]  
    core_instance1/kmem_instance/memory4[7]  
    core_instance1/kmem_instance/memory4[8]  
    core_instance1/kmem_instance/memory4[9]  
    core_instance1/kmem_instance/memory4[10]  
    core_instance1/kmem_instance/memory4[11]  
    core_instance1/kmem_instance/memory4[12]  
    core_instance1/kmem_instance/memory4[13]  
    core_instance1/kmem_instance/memory4[14]  
    core_instance1/kmem_instance/memory4[15]  
    core_instance1/kmem_instance/memory4[16]  
    core_instance1/kmem_instance/memory4[17]  
    core_instance1/kmem_instance/memory4[18]  
    core_instance1/kmem_instance/memory4[19]  
    core_instance1/kmem_instance/memory4[20]  
    core_instance1/kmem_instance/memory4[21]  
    core_instance1/kmem_instance/memory4[22]  
    core_instance1/kmem_instance/memory4[23]  
    core_instance1/kmem_instance/memory4[24]  
    core_instance1/kmem_instance/memory4[25]  
    core_instance1/kmem_instance/memory4[26]  
    core_instance1/kmem_instance/memory4[27]  
    core_instance1/kmem_instance/memory4[28]  
    core_instance1/kmem_instance/memory4[29]  
    core_instance1/kmem_instance/memory4[30]  
    core_instance1/kmem_instance/memory4[31]  
    core_instance1/kmem_instance/memory4[32]  
    core_instance1/kmem_instance/memory4[33]  
    core_instance1/kmem_instance/memory4[34]  
    core_instance1/kmem_instance/memory4[35]  
    core_instance1/kmem_instance/memory4[36]  
    core_instance1/kmem_instance/memory4[37]  
    core_instance1/kmem_instance/memory4[38]  
    core_instance1/kmem_instance/memory4[39]  
    core_instance1/kmem_instance/memory4[40]  
    core_instance1/kmem_instance/memory4[41]  
    core_instance1/kmem_instance/memory4[42]  
    core_instance1/kmem_instance/memory4[43]  
    core_instance1/kmem_instance/memory4[44]  
    core_instance1/kmem_instance/memory4[45]  
    core_instance1/kmem_instance/memory4[46]  
    core_instance1/kmem_instance/memory4[47]  
    core_instance1/kmem_instance/memory4[48]  
    core_instance1/kmem_instance/memory4[49]  
    core_instance1/kmem_instance/memory4[50]  
    core_instance1/kmem_instance/memory4[51]  
    core_instance1/kmem_instance/memory4[52]  
    core_instance1/kmem_instance/memory4[53]  
    core_instance1/kmem_instance/memory4[54]  
    core_instance1/kmem_instance/memory4[55]  
    core_instance1/kmem_instance/memory4[56]  
    core_instance1/kmem_instance/memory4[57]  
    core_instance1/kmem_instance/memory4[58]  
    core_instance1/kmem_instance/memory4[59]  
    core_instance1/kmem_instance/memory4[60]  
    core_instance1/kmem_instance/memory4[61]  
    core_instance1/kmem_instance/memory4[62]  
    core_instance1/kmem_instance/memory4[63]  
    core_instance1/kmem_instance/memory3[0]  
    core_instance1/kmem_instance/memory3[1]  
    core_instance1/kmem_instance/memory3[2]  
    core_instance1/kmem_instance/memory3[3]  
    core_instance1/kmem_instance/memory3[4]  
    core_instance1/kmem_instance/memory3[5]  
    core_instance1/kmem_instance/memory3[6]  
    core_instance1/kmem_instance/memory3[7]  
    core_instance1/kmem_instance/memory3[8]  
    core_instance1/kmem_instance/memory3[9]  
    core_instance1/kmem_instance/memory3[10]  
    core_instance1/kmem_instance/memory3[11]  
    core_instance1/kmem_instance/memory3[12]  
    core_instance1/kmem_instance/memory3[13]  
    core_instance1/kmem_instance/memory3[14]  
    core_instance1/kmem_instance/memory3[15]  
    core_instance1/kmem_instance/memory3[16]  
    core_instance1/kmem_instance/memory3[17]  
    core_instance1/kmem_instance/memory3[18]  
    core_instance1/kmem_instance/memory3[19]  
    core_instance1/kmem_instance/memory3[20]  
    core_instance1/kmem_instance/memory3[21]  
    core_instance1/kmem_instance/memory3[22]  
    core_instance1/kmem_instance/memory3[23]  
    core_instance1/kmem_instance/memory3[24]  
    core_instance1/kmem_instance/memory3[25]  
    core_instance1/kmem_instance/memory3[26]  
    core_instance1/kmem_instance/memory3[27]  
    core_instance1/kmem_instance/memory3[28]  
    core_instance1/kmem_instance/memory3[29]  
    core_instance1/kmem_instance/memory3[30]  
    core_instance1/kmem_instance/memory3[31]  
    core_instance1/kmem_instance/memory3[32]  
    core_instance1/kmem_instance/memory3[33]  
    core_instance1/kmem_instance/memory3[34]  
    core_instance1/kmem_instance/memory3[35]  
    core_instance1/kmem_instance/memory3[36]  
    core_instance1/kmem_instance/memory3[37]  
    core_instance1/kmem_instance/memory3[38]  
    core_instance1/kmem_instance/memory3[39]  
    core_instance1/kmem_instance/memory3[40]  
    core_instance1/kmem_instance/memory3[41]  
    core_instance1/kmem_instance/memory3[42]  
    core_instance1/kmem_instance/memory3[43]  
    core_instance1/kmem_instance/memory3[44]  
    core_instance1/kmem_instance/memory3[45]  
    core_instance1/kmem_instance/memory3[46]  
    core_instance1/kmem_instance/memory3[47]  
    core_instance1/kmem_instance/memory3[48]  
    core_instance1/kmem_instance/memory3[49]  
    core_instance1/kmem_instance/memory3[50]  
    core_instance1/kmem_instance/memory3[51]  
    core_instance1/kmem_instance/memory3[52]  
    core_instance1/kmem_instance/memory3[53]  
    core_instance1/kmem_instance/memory3[54]  
    core_instance1/kmem_instance/memory3[55]  
    core_instance1/kmem_instance/memory3[56]  
    core_instance1/kmem_instance/memory3[57]  
    core_instance1/kmem_instance/memory3[58]  
    core_instance1/kmem_instance/memory3[59]  
    core_instance1/kmem_instance/memory3[60]  
    core_instance1/kmem_instance/memory3[61]  
    core_instance1/kmem_instance/memory3[62]  
    core_instance1/kmem_instance/memory3[63]  
    core_instance1/kmem_instance/memory2[0]  
    core_instance1/kmem_instance/memory2[1]  
    core_instance1/kmem_instance/memory2[2]  
    core_instance1/kmem_instance/memory2[3]  
    core_instance1/kmem_instance/memory2[4]  
    core_instance1/kmem_instance/memory2[5]  
    core_instance1/kmem_instance/memory2[6]  
    core_instance1/kmem_instance/memory2[7]  
    core_instance1/kmem_instance/memory2[8]  
    core_instance1/kmem_instance/memory2[9]  
    core_instance1/kmem_instance/memory2[10]  
    core_instance1/kmem_instance/memory2[11]  
    core_instance1/kmem_instance/memory2[12]  
    core_instance1/kmem_instance/memory2[13]  
    core_instance1/kmem_instance/memory2[14]  
    core_instance1/kmem_instance/memory2[15]  
    core_instance1/kmem_instance/memory2[16]  
    core_instance1/kmem_instance/memory2[17]  
    core_instance1/kmem_instance/memory2[18]  
    core_instance1/kmem_instance/memory2[19]  
    core_instance1/kmem_instance/memory2[20]  
    core_instance1/kmem_instance/memory2[21]  
    core_instance1/kmem_instance/memory2[22]  
    core_instance1/kmem_instance/memory2[23]  
    core_instance1/kmem_instance/memory2[24]  
    core_instance1/kmem_instance/memory2[25]  
    core_instance1/kmem_instance/memory2[26]  
    core_instance1/kmem_instance/memory2[27]  
    core_instance1/kmem_instance/memory2[28]  
    core_instance1/kmem_instance/memory2[29]  
    core_instance1/kmem_instance/memory2[30]  
    core_instance1/kmem_instance/memory2[31]  
    core_instance1/kmem_instance/memory2[32]  
    core_instance1/kmem_instance/memory2[33]  
    core_instance1/kmem_instance/memory2[34]  
    core_instance1/kmem_instance/memory2[35]  
    core_instance1/kmem_instance/memory2[36]  
    core_instance1/kmem_instance/memory2[37]  
    core_instance1/kmem_instance/memory2[38]  
    core_instance1/kmem_instance/memory2[39]  
    core_instance1/kmem_instance/memory2[40]  
    core_instance1/kmem_instance/memory2[41]  
    core_instance1/kmem_instance/memory2[42]  
    core_instance1/kmem_instance/memory2[43]  
    core_instance1/kmem_instance/memory2[44]  
    core_instance1/kmem_instance/memory2[45]  
    core_instance1/kmem_instance/memory2[46]  
    core_instance1/kmem_instance/memory2[47]  
    core_instance1/kmem_instance/memory2[48]  
    core_instance1/kmem_instance/memory2[49]  
    core_instance1/kmem_instance/memory2[50]  
    core_instance1/kmem_instance/memory2[51]  
    core_instance1/kmem_instance/memory2[52]  
    core_instance1/kmem_instance/memory2[53]  
    core_instance1/kmem_instance/memory2[54]  
    core_instance1/kmem_instance/memory2[55]  
    core_instance1/kmem_instance/memory2[56]  
    core_instance1/kmem_instance/memory2[57]  
    core_instance1/kmem_instance/memory2[58]  
    core_instance1/kmem_instance/memory2[59]  
    core_instance1/kmem_instance/memory2[60]  
    core_instance1/kmem_instance/memory2[61]  
    core_instance1/kmem_instance/memory2[62]  
    core_instance1/kmem_instance/memory2[63]  
    core_instance1/kmem_instance/memory1[0]  
    core_instance1/kmem_instance/memory1[1]  
    core_instance1/kmem_instance/memory1[2]  
    core_instance1/kmem_instance/memory1[3]  
    core_instance1/kmem_instance/memory1[4]  
    core_instance1/kmem_instance/memory1[5]  
    core_instance1/kmem_instance/memory1[6]  
    core_instance1/kmem_instance/memory1[7]  
    core_instance1/kmem_instance/memory1[8]  
    core_instance1/kmem_instance/memory1[9]  
    core_instance1/kmem_instance/memory1[10]  
    core_instance1/kmem_instance/memory1[11]  
    core_instance1/kmem_instance/memory1[12]  
    core_instance1/kmem_instance/memory1[13]  
    core_instance1/kmem_instance/memory1[14]  
    core_instance1/kmem_instance/memory1[15]  
    core_instance1/kmem_instance/memory1[16]  
    core_instance1/kmem_instance/memory1[17]  
    core_instance1/kmem_instance/memory1[18]  
    core_instance1/kmem_instance/memory1[19]  
    core_instance1/kmem_instance/memory1[20]  
    core_instance1/kmem_instance/memory1[21]  
    core_instance1/kmem_instance/memory1[22]  
    core_instance1/kmem_instance/memory1[23]  
    core_instance1/kmem_instance/memory1[24]  
    core_instance1/kmem_instance/memory1[25]  
    core_instance1/kmem_instance/memory1[26]  
    core_instance1/kmem_instance/memory1[27]  
    core_instance1/kmem_instance/memory1[28]  
    core_instance1/kmem_instance/memory1[29]  
    core_instance1/kmem_instance/memory1[30]  
    core_instance1/kmem_instance/memory1[31]  
    core_instance1/kmem_instance/memory1[32]  
    core_instance1/kmem_instance/memory1[33]  
    core_instance1/kmem_instance/memory1[34]  
    core_instance1/kmem_instance/memory1[35]  
    core_instance1/kmem_instance/memory1[36]  
    core_instance1/kmem_instance/memory1[37]  
    core_instance1/kmem_instance/memory1[38]  
    core_instance1/kmem_instance/memory1[39]  
    core_instance1/kmem_instance/memory1[40]  
    core_instance1/kmem_instance/memory1[41]  
    core_instance1/kmem_instance/memory1[42]  
    core_instance1/kmem_instance/memory1[43]  
    core_instance1/kmem_instance/memory1[44]  
    core_instance1/kmem_instance/memory1[45]  
    core_instance1/kmem_instance/memory1[46]  
    core_instance1/kmem_instance/memory1[47]  
    core_instance1/kmem_instance/memory1[48]  
    core_instance1/kmem_instance/memory1[49]  
    core_instance1/kmem_instance/memory1[50]  
    core_instance1/kmem_instance/memory1[51]  
    core_instance1/kmem_instance/memory1[52]  
    core_instance1/kmem_instance/memory1[53]  
    core_instance1/kmem_instance/memory1[54]  
    core_instance1/kmem_instance/memory1[55]  
    core_instance1/kmem_instance/memory1[56]  
    core_instance1/kmem_instance/memory1[57]  
    core_instance1/kmem_instance/memory1[58]  
    core_instance1/kmem_instance/memory1[59]  
    core_instance1/kmem_instance/memory1[60]  
    core_instance1/kmem_instance/memory1[61]  
    core_instance1/kmem_instance/memory1[62]  
    core_instance1/kmem_instance/memory1[63]  
    core_instance1/kmem_instance/memory0[0]  
    core_instance1/kmem_instance/memory0[1]  
    core_instance1/kmem_instance/memory0[2]  
    core_instance1/kmem_instance/memory0[3]  
    core_instance1/kmem_instance/memory0[4]  
    core_instance1/kmem_instance/memory0[5]  
    core_instance1/kmem_instance/memory0[6]  
    core_instance1/kmem_instance/memory0[7]  
    core_instance1/kmem_instance/memory0[8]  
    core_instance1/kmem_instance/memory0[9]  
    core_instance1/kmem_instance/memory0[10]  
    core_instance1/kmem_instance/memory0[11]  
    core_instance1/kmem_instance/memory0[12]  
    core_instance1/kmem_instance/memory0[13]  
    core_instance1/kmem_instance/memory0[14]  
    core_instance1/kmem_instance/memory0[15]  
    core_instance1/kmem_instance/memory0[16]  
    core_instance1/kmem_instance/memory0[17]  
    core_instance1/kmem_instance/memory0[18]  
    core_instance1/kmem_instance/memory0[19]  
    core_instance1/kmem_instance/memory0[20]  
    core_instance1/kmem_instance/memory0[21]  
    core_instance1/kmem_instance/memory0[22]  
    core_instance1/kmem_instance/memory0[23]  
    core_instance1/kmem_instance/memory0[24]  
    core_instance1/kmem_instance/memory0[25]  
    core_instance1/kmem_instance/memory0[26]  
    core_instance1/kmem_instance/memory0[27]  
    core_instance1/kmem_instance/memory0[28]  
    core_instance1/kmem_instance/memory0[29]  
    core_instance1/kmem_instance/memory0[30]  
    core_instance1/kmem_instance/memory0[31]  
    core_instance1/kmem_instance/memory0[32]  
    core_instance1/kmem_instance/memory0[33]  
    core_instance1/kmem_instance/memory0[34]  
    core_instance1/kmem_instance/memory0[35]  
    core_instance1/kmem_instance/memory0[36]  
    core_instance1/kmem_instance/memory0[37]  
    core_instance1/kmem_instance/memory0[38]  
    core_instance1/kmem_instance/memory0[39]  
    core_instance1/kmem_instance/memory0[40]  
    core_instance1/kmem_instance/memory0[41]  
    core_instance1/kmem_instance/memory0[42]  
    core_instance1/kmem_instance/memory0[43]  
    core_instance1/kmem_instance/memory0[44]  
    core_instance1/kmem_instance/memory0[45]  
    core_instance1/kmem_instance/memory0[46]  
    core_instance1/kmem_instance/memory0[47]  
    core_instance1/kmem_instance/memory0[48]  
    core_instance1/kmem_instance/memory0[49]  
    core_instance1/kmem_instance/memory0[50]  
    core_instance1/kmem_instance/memory0[51]  
    core_instance1/kmem_instance/memory0[52]  
    core_instance1/kmem_instance/memory0[53]  
    core_instance1/kmem_instance/memory0[54]  
    core_instance1/kmem_instance/memory0[55]  
    core_instance1/kmem_instance/memory0[56]  
    core_instance1/kmem_instance/memory0[57]  
    core_instance1/kmem_instance/memory0[58]  
    core_instance1/kmem_instance/memory0[59]  
    core_instance1/kmem_instance/memory0[60]  
    core_instance1/kmem_instance/memory0[61]  
    core_instance1/kmem_instance/memory0[62]  
    core_instance1/kmem_instance/memory0[63]  
    core_instance1/kmem_instance/N226  
    core_instance1/kmem_instance/N225  
    core_instance1/kmem_instance/N224  
    core_instance1/kmem_instance/N223  
    core_instance1/kmem_instance/N222  
    core_instance1/kmem_instance/N221  
    core_instance1/kmem_instance/N220  
    core_instance1/kmem_instance/N219  
    core_instance1/kmem_instance/N218  
    core_instance1/kmem_instance/N217  
    core_instance1/kmem_instance/N216  
    core_instance1/kmem_instance/N215  
    core_instance1/kmem_instance/N214  
    core_instance1/kmem_instance/N213  
    core_instance1/kmem_instance/N212  
    core_instance1/kmem_instance/N211  
    core_instance1/kmem_instance/N210  
    core_instance1/kmem_instance/N209  
    core_instance1/kmem_instance/N208  
    core_instance1/kmem_instance/N207  
    core_instance1/kmem_instance/N206  
    core_instance1/kmem_instance/N205  
    core_instance1/kmem_instance/N204  
    core_instance1/kmem_instance/N203  
    core_instance1/kmem_instance/N202  
    core_instance1/kmem_instance/N201  
    core_instance1/kmem_instance/N200  
    core_instance1/kmem_instance/N199  
    core_instance1/kmem_instance/N198  
    core_instance1/kmem_instance/N197  
    core_instance1/kmem_instance/N196  
    core_instance1/kmem_instance/N195  
    core_instance1/kmem_instance/N194  
    core_instance1/kmem_instance/N193  
    core_instance1/kmem_instance/N192  
    core_instance1/kmem_instance/N191  
    core_instance1/kmem_instance/N190  
    core_instance1/kmem_instance/N189  
    core_instance1/kmem_instance/N188  
    core_instance1/kmem_instance/N187  
    core_instance1/kmem_instance/N186  
    core_instance1/kmem_instance/N185  
    core_instance1/kmem_instance/N184  
    core_instance1/kmem_instance/N183  
    core_instance1/kmem_instance/N182  
    core_instance1/kmem_instance/N181  
    core_instance1/kmem_instance/N180  
    core_instance1/kmem_instance/N179  
    core_instance1/kmem_instance/N178  
    core_instance1/kmem_instance/N177  
    core_instance1/kmem_instance/N176  
    core_instance1/kmem_instance/N175  
    core_instance1/kmem_instance/N174  
    core_instance1/kmem_instance/N173  
    core_instance1/kmem_instance/N172  
    core_instance1/kmem_instance/N171  
    core_instance1/kmem_instance/N170  
    core_instance1/kmem_instance/N169  
    core_instance1/kmem_instance/N168  
    core_instance1/kmem_instance/N167  
    core_instance1/kmem_instance/N166  
    core_instance1/kmem_instance/N165  
    core_instance1/kmem_instance/N164  
    core_instance1/kmem_instance/N163  
    core_instance1/kmem_instance/N162  
    core_instance1/kmem_instance/N161  
    core_instance1/kmem_instance/N160  
    core_instance1/kmem_instance/N159  
    core_instance1/kmem_instance/N158  
    core_instance1/kmem_instance/N157  
    core_instance1/kmem_instance/N156  
    core_instance1/kmem_instance/N155  
    core_instance1/kmem_instance/N154  
    core_instance1/kmem_instance/N153  
    core_instance1/kmem_instance/N152  
    core_instance1/kmem_instance/N151  
    core_instance1/kmem_instance/N150  
    core_instance1/kmem_instance/N149  
    core_instance1/kmem_instance/N148  
    core_instance1/kmem_instance/N147  
    core_instance1/kmem_instance/N146  
    core_instance1/kmem_instance/N145  
    core_instance1/kmem_instance/N144  
    core_instance1/kmem_instance/N143  
    core_instance1/kmem_instance/N142  
    core_instance1/kmem_instance/N141  
    core_instance1/kmem_instance/N140  
    core_instance1/kmem_instance/N139  
    core_instance1/kmem_instance/N138  
    core_instance1/kmem_instance/N137  
    core_instance1/kmem_instance/N136  
    core_instance1/kmem_instance/N135  
    core_instance1/kmem_instance/N134  
    core_instance1/kmem_instance/N133  
    core_instance1/kmem_instance/N132  
    core_instance1/kmem_instance/N131  
    core_instance1/kmem_instance/N130  
    core_instance1/kmem_instance/N129  
    core_instance1/kmem_instance/N128  
    core_instance1/kmem_instance/N127  
    core_instance1/kmem_instance/N126  
    core_instance1/kmem_instance/N125  
    core_instance1/kmem_instance/N124  
    core_instance1/kmem_instance/N123  
    core_instance1/kmem_instance/N122  
    core_instance1/kmem_instance/N121  
    core_instance1/kmem_instance/N120  
    core_instance1/kmem_instance/N119  
    core_instance1/kmem_instance/N118  
    core_instance1/kmem_instance/N117  
    core_instance1/kmem_instance/N116  
    core_instance1/kmem_instance/N115  
    core_instance1/kmem_instance/N114  
    core_instance1/kmem_instance/N113  
    core_instance1/kmem_instance/N112  
    core_instance1/kmem_instance/N111  
    core_instance1/kmem_instance/N110  
    core_instance1/kmem_instance/N109  
    core_instance1/kmem_instance/N108  
    core_instance1/kmem_instance/N107  
    core_instance1/kmem_instance/N106  
    core_instance1/kmem_instance/N105  
    core_instance1/kmem_instance/N104  
    core_instance1/kmem_instance/N103  
    core_instance1/kmem_instance/N102  
    core_instance1/kmem_instance/N101  
    core_instance1/kmem_instance/N100  
    core_instance1/kmem_instance/N99  
    core_instance1/kmem_instance/N98  
    core_instance1/kmem_instance/N97  
    core_instance1/kmem_instance/N96  
    core_instance1/kmem_instance/N95  
    core_instance1/kmem_instance/N94  
    core_instance1/kmem_instance/N93  
    core_instance1/kmem_instance/N92  
    core_instance1/kmem_instance/N91  
    core_instance1/kmem_instance/N90  
    core_instance1/kmem_instance/N89  
    core_instance1/kmem_instance/N88  
    core_instance1/kmem_instance/N87  
    core_instance1/kmem_instance/N86  
    core_instance1/kmem_instance/N85  
    core_instance1/kmem_instance/N84  
    core_instance1/kmem_instance/N83  
    core_instance1/kmem_instance/N82  
    core_instance1/kmem_instance/N81  
    core_instance1/kmem_instance/N80  
    core_instance1/kmem_instance/N79  
    core_instance1/kmem_instance/N78  
    core_instance1/kmem_instance/N77  
    core_instance1/kmem_instance/N76  
    core_instance1/kmem_instance/N75  
    core_instance1/kmem_instance/N74  
    core_instance1/kmem_instance/N73  
    core_instance1/kmem_instance/N72  
    core_instance1/kmem_instance/N71  
    core_instance1/kmem_instance/N70  
    core_instance1/kmem_instance/N69  
    core_instance1/kmem_instance/N68  
    core_instance1/kmem_instance/N67  
    core_instance1/kmem_instance/N66  
    core_instance1/kmem_instance/N65  
    core_instance1/kmem_instance/N64  
    core_instance1/kmem_instance/N63  
    core_instance1/kmem_instance/N62  
    core_instance1/kmem_instance/N61  
    core_instance1/kmem_instance/N60  
    core_instance1/kmem_instance/N59  
    core_instance1/kmem_instance/N58  
    core_instance1/kmem_instance/N57  
    core_instance1/kmem_instance/N56  
    core_instance1/kmem_instance/N55  
    core_instance1/kmem_instance/N54  
    core_instance1/kmem_instance/N53  
    core_instance1/kmem_instance/N52  
    core_instance1/kmem_instance/N51  
    core_instance1/kmem_instance/N50  
    core_instance1/kmem_instance/N49  
    core_instance1/kmem_instance/N48  
    core_instance1/kmem_instance/N47  
    core_instance1/kmem_instance/N46  
    core_instance1/kmem_instance/N45  
    core_instance1/kmem_instance/N44  
    core_instance1/kmem_instance/N43  
    core_instance1/kmem_instance/N42  
    core_instance1/kmem_instance/N41  
    core_instance1/kmem_instance/N40  
    core_instance1/kmem_instance/N39  
    core_instance1/kmem_instance/N38  
    core_instance1/kmem_instance/N37  
    core_instance1/kmem_instance/N36  
    core_instance1/kmem_instance/N35  
    core_instance1/kmem_instance/N34  
    core_instance1/kmem_instance/N33  
    core_instance1/kmem_instance/N32  
    core_instance1/kmem_instance/N31  
    core_instance1/kmem_instance/N30  
    core_instance1/kmem_instance/N29  
    core_instance1/kmem_instance/N28  
    core_instance1/kmem_instance/N27  
    core_instance1/kmem_instance/N26  
    core_instance1/kmem_instance/N25  
    core_instance1/kmem_instance/N24  
    core_instance1/kmem_instance/N23  
    core_instance1/kmem_instance/N22  
    core_instance1/kmem_instance/N21  
    core_instance1/kmem_instance/N20  
    core_instance1/kmem_instance/N19  
    core_instance1/kmem_instance/N18  
    core_instance1/kmem_instance/N17  
    core_instance1/kmem_instance/N16  
    core_instance1/kmem_instance/N15  
    core_instance1/kmem_instance/N14  
    core_instance1/kmem_instance/N13  
    core_instance1/kmem_instance/N12  
    core_instance1/kmem_instance/N11  
    core_instance1/kmem_instance/N10  
    core_instance1/kmem_instance/N9  
    core_instance1/kmem_instance/N8  
    core_instance1/kmem_instance/N7  
    core_instance1/kmem_instance/N6  
    core_instance1/kmem_instance/N5  
    core_instance1/kmem_instance/N4  
    core_instance1/kmem_instance/N3  
    core_instance1/kmem_instance/N2  
    core_instance1/kmem_instance/N1  
    core_instance1/kmem_instance/N0  
    core_instance1/qmem_instance/C4700/CONTROL16  
    core_instance1/qmem_instance/C4700/CONTROL15  
    core_instance1/qmem_instance/C4700/CONTROL14  
    core_instance1/qmem_instance/C4700/CONTROL13  
    core_instance1/qmem_instance/C4700/CONTROL12  
    core_instance1/qmem_instance/C4700/CONTROL11  
    core_instance1/qmem_instance/C4700/CONTROL10  
    core_instance1/qmem_instance/C4700/CONTROL9  
    core_instance1/qmem_instance/C4700/CONTROL8  
    core_instance1/qmem_instance/C4700/CONTROL7  
    core_instance1/qmem_instance/C4700/CONTROL6  
    core_instance1/qmem_instance/C4700/CONTROL5  
    core_instance1/qmem_instance/C4700/CONTROL4  
    core_instance1/qmem_instance/C4700/CONTROL3  
    core_instance1/qmem_instance/C4700/DATA16  
    core_instance1/qmem_instance/C4700/DATA15  
    core_instance1/qmem_instance/C4700/DATA14  
    core_instance1/qmem_instance/C4700/DATA13  
    core_instance1/qmem_instance/C4700/DATA12  
    core_instance1/qmem_instance/C4700/DATA11  
    core_instance1/qmem_instance/C4700/DATA10  
    core_instance1/qmem_instance/C4700/DATA9  
    core_instance1/qmem_instance/C4700/DATA8  
    core_instance1/qmem_instance/C4700/DATA7  
    core_instance1/qmem_instance/C4700/DATA6  
    core_instance1/qmem_instance/C4700/DATA5  
    core_instance1/qmem_instance/C4700/DATA4  
    core_instance1/qmem_instance/C4700/DATA3  
    core_instance1/qmem_instance/C4699/CONTROL16  
    core_instance1/qmem_instance/C4699/CONTROL15  
    core_instance1/qmem_instance/C4699/CONTROL14  
    core_instance1/qmem_instance/C4699/CONTROL13  
    core_instance1/qmem_instance/C4699/CONTROL12  
    core_instance1/qmem_instance/C4699/CONTROL11  
    core_instance1/qmem_instance/C4699/CONTROL10  
    core_instance1/qmem_instance/C4699/CONTROL9  
    core_instance1/qmem_instance/C4699/CONTROL8  
    core_instance1/qmem_instance/C4699/CONTROL7  
    core_instance1/qmem_instance/C4699/CONTROL6  
    core_instance1/qmem_instance/C4699/CONTROL5  
    core_instance1/qmem_instance/C4699/CONTROL4  
    core_instance1/qmem_instance/C4699/CONTROL3  
    core_instance1/qmem_instance/C4699/DATA16  
    core_instance1/qmem_instance/C4699/DATA15  
    core_instance1/qmem_instance/C4699/DATA14  
    core_instance1/qmem_instance/C4699/DATA13  
    core_instance1/qmem_instance/C4699/DATA12  
    core_instance1/qmem_instance/C4699/DATA11  
    core_instance1/qmem_instance/C4699/DATA10  
    core_instance1/qmem_instance/C4699/DATA9  
    core_instance1/qmem_instance/C4699/DATA8  
    core_instance1/qmem_instance/C4699/DATA7  
    core_instance1/qmem_instance/C4699/DATA6  
    core_instance1/qmem_instance/C4699/DATA5  
    core_instance1/qmem_instance/C4699/DATA4  
    core_instance1/qmem_instance/C4699/DATA3  
    core_instance1/qmem_instance/C4698/CONTROL16  
    core_instance1/qmem_instance/C4698/CONTROL15  
    core_instance1/qmem_instance/C4698/CONTROL14  
    core_instance1/qmem_instance/C4698/CONTROL13  
    core_instance1/qmem_instance/C4698/CONTROL12  
    core_instance1/qmem_instance/C4698/CONTROL11  
    core_instance1/qmem_instance/C4698/CONTROL10  
    core_instance1/qmem_instance/C4698/CONTROL9  
    core_instance1/qmem_instance/C4698/CONTROL8  
    core_instance1/qmem_instance/C4698/CONTROL7  
    core_instance1/qmem_instance/C4698/CONTROL6  
    core_instance1/qmem_instance/C4698/CONTROL5  
    core_instance1/qmem_instance/C4698/CONTROL4  
    core_instance1/qmem_instance/C4698/CONTROL3  
    core_instance1/qmem_instance/C4698/DATA16  
    core_instance1/qmem_instance/C4698/DATA15  
    core_instance1/qmem_instance/C4698/DATA14  
    core_instance1/qmem_instance/C4698/DATA13  
    core_instance1/qmem_instance/C4698/DATA12  
    core_instance1/qmem_instance/C4698/DATA11  
    core_instance1/qmem_instance/C4698/DATA10  
    core_instance1/qmem_instance/C4698/DATA9  
    core_instance1/qmem_instance/C4698/DATA8  
    core_instance1/qmem_instance/C4698/DATA7  
    core_instance1/qmem_instance/C4698/DATA6  
    core_instance1/qmem_instance/C4698/DATA5  
    core_instance1/qmem_instance/C4698/DATA4  
    core_instance1/qmem_instance/C4698/DATA3  
    core_instance1/qmem_instance/C4697/CONTROL16  
    core_instance1/qmem_instance/C4697/CONTROL15  
    core_instance1/qmem_instance/C4697/CONTROL14  
    core_instance1/qmem_instance/C4697/CONTROL13  
    core_instance1/qmem_instance/C4697/CONTROL12  
    core_instance1/qmem_instance/C4697/CONTROL11  
    core_instance1/qmem_instance/C4697/CONTROL10  
    core_instance1/qmem_instance/C4697/CONTROL9  
    core_instance1/qmem_instance/C4697/CONTROL8  
    core_instance1/qmem_instance/C4697/CONTROL7  
    core_instance1/qmem_instance/C4697/CONTROL6  
    core_instance1/qmem_instance/C4697/CONTROL5  
    core_instance1/qmem_instance/C4697/CONTROL4  
    core_instance1/qmem_instance/C4697/CONTROL3  
    core_instance1/qmem_instance/C4697/DATA16  
    core_instance1/qmem_instance/C4697/DATA15  
    core_instance1/qmem_instance/C4697/DATA14  
    core_instance1/qmem_instance/C4697/DATA13  
    core_instance1/qmem_instance/C4697/DATA12  
    core_instance1/qmem_instance/C4697/DATA11  
    core_instance1/qmem_instance/C4697/DATA10  
    core_instance1/qmem_instance/C4697/DATA9  
    core_instance1/qmem_instance/C4697/DATA8  
    core_instance1/qmem_instance/C4697/DATA7  
    core_instance1/qmem_instance/C4697/DATA6  
    core_instance1/qmem_instance/C4697/DATA5  
    core_instance1/qmem_instance/C4697/DATA4  
    core_instance1/qmem_instance/C4697/DATA3  
    core_instance1/qmem_instance/C4696/CONTROL16  
    core_instance1/qmem_instance/C4696/CONTROL15  
    core_instance1/qmem_instance/C4696/CONTROL14  
    core_instance1/qmem_instance/C4696/CONTROL13  
    core_instance1/qmem_instance/C4696/CONTROL12  
    core_instance1/qmem_instance/C4696/CONTROL11  
    core_instance1/qmem_instance/C4696/CONTROL10  
    core_instance1/qmem_instance/C4696/CONTROL9  
    core_instance1/qmem_instance/C4696/CONTROL8  
    core_instance1/qmem_instance/C4696/CONTROL7  
    core_instance1/qmem_instance/C4696/CONTROL6  
    core_instance1/qmem_instance/C4696/CONTROL5  
    core_instance1/qmem_instance/C4696/CONTROL4  
    core_instance1/qmem_instance/C4696/CONTROL3  
    core_instance1/qmem_instance/C4696/DATA16  
    core_instance1/qmem_instance/C4696/DATA15  
    core_instance1/qmem_instance/C4696/DATA14  
    core_instance1/qmem_instance/C4696/DATA13  
    core_instance1/qmem_instance/C4696/DATA12  
    core_instance1/qmem_instance/C4696/DATA11  
    core_instance1/qmem_instance/C4696/DATA10  
    core_instance1/qmem_instance/C4696/DATA9  
    core_instance1/qmem_instance/C4696/DATA8  
    core_instance1/qmem_instance/C4696/DATA7  
    core_instance1/qmem_instance/C4696/DATA6  
    core_instance1/qmem_instance/C4696/DATA5  
    core_instance1/qmem_instance/C4696/DATA4  
    core_instance1/qmem_instance/C4696/DATA3  
    core_instance1/qmem_instance/C4695/CONTROL16  
    core_instance1/qmem_instance/C4695/CONTROL15  
    core_instance1/qmem_instance/C4695/CONTROL14  
    core_instance1/qmem_instance/C4695/CONTROL13  
    core_instance1/qmem_instance/C4695/CONTROL12  
    core_instance1/qmem_instance/C4695/CONTROL11  
    core_instance1/qmem_instance/C4695/CONTROL10  
    core_instance1/qmem_instance/C4695/CONTROL9  
    core_instance1/qmem_instance/C4695/CONTROL8  
    core_instance1/qmem_instance/C4695/CONTROL7  
    core_instance1/qmem_instance/C4695/CONTROL6  
    core_instance1/qmem_instance/C4695/CONTROL5  
    core_instance1/qmem_instance/C4695/CONTROL4  
    core_instance1/qmem_instance/C4695/CONTROL3  
    core_instance1/qmem_instance/C4695/DATA16  
    core_instance1/qmem_instance/C4695/DATA15  
    core_instance1/qmem_instance/C4695/DATA14  
    core_instance1/qmem_instance/C4695/DATA13  
    core_instance1/qmem_instance/C4695/DATA12  
    core_instance1/qmem_instance/C4695/DATA11  
    core_instance1/qmem_instance/C4695/DATA10  
    core_instance1/qmem_instance/C4695/DATA9  
    core_instance1/qmem_instance/C4695/DATA8  
    core_instance1/qmem_instance/C4695/DATA7  
    core_instance1/qmem_instance/C4695/DATA6  
    core_instance1/qmem_instance/C4695/DATA5  
    core_instance1/qmem_instance/C4695/DATA4  
    core_instance1/qmem_instance/C4695/DATA3  
    core_instance1/qmem_instance/C4694/CONTROL16  
    core_instance1/qmem_instance/C4694/CONTROL15  
    core_instance1/qmem_instance/C4694/CONTROL14  
    core_instance1/qmem_instance/C4694/CONTROL13  
    core_instance1/qmem_instance/C4694/CONTROL12  
    core_instance1/qmem_instance/C4694/CONTROL11  
    core_instance1/qmem_instance/C4694/CONTROL10  
    core_instance1/qmem_instance/C4694/CONTROL9  
    core_instance1/qmem_instance/C4694/CONTROL8  
    core_instance1/qmem_instance/C4694/CONTROL7  
    core_instance1/qmem_instance/C4694/CONTROL6  
    core_instance1/qmem_instance/C4694/CONTROL5  
    core_instance1/qmem_instance/C4694/CONTROL4  
    core_instance1/qmem_instance/C4694/CONTROL3  
    core_instance1/qmem_instance/C4694/DATA16  
    core_instance1/qmem_instance/C4694/DATA15  
    core_instance1/qmem_instance/C4694/DATA14  
    core_instance1/qmem_instance/C4694/DATA13  
    core_instance1/qmem_instance/C4694/DATA12  
    core_instance1/qmem_instance/C4694/DATA11  
    core_instance1/qmem_instance/C4694/DATA10  
    core_instance1/qmem_instance/C4694/DATA9  
    core_instance1/qmem_instance/C4694/DATA8  
    core_instance1/qmem_instance/C4694/DATA7  
    core_instance1/qmem_instance/C4694/DATA6  
    core_instance1/qmem_instance/C4694/DATA5  
    core_instance1/qmem_instance/C4694/DATA4  
    core_instance1/qmem_instance/C4694/DATA3  
    core_instance1/qmem_instance/C4693/CONTROL16  
    core_instance1/qmem_instance/C4693/CONTROL15  
    core_instance1/qmem_instance/C4693/CONTROL14  
    core_instance1/qmem_instance/C4693/CONTROL13  
    core_instance1/qmem_instance/C4693/CONTROL12  
    core_instance1/qmem_instance/C4693/CONTROL11  
    core_instance1/qmem_instance/C4693/CONTROL10  
    core_instance1/qmem_instance/C4693/CONTROL9  
    core_instance1/qmem_instance/C4693/CONTROL8  
    core_instance1/qmem_instance/C4693/CONTROL7  
    core_instance1/qmem_instance/C4693/CONTROL6  
    core_instance1/qmem_instance/C4693/CONTROL5  
    core_instance1/qmem_instance/C4693/CONTROL4  
    core_instance1/qmem_instance/C4693/CONTROL3  
    core_instance1/qmem_instance/C4693/DATA16  
    core_instance1/qmem_instance/C4693/DATA15  
    core_instance1/qmem_instance/C4693/DATA14  
    core_instance1/qmem_instance/C4693/DATA13  
    core_instance1/qmem_instance/C4693/DATA12  
    core_instance1/qmem_instance/C4693/DATA11  
    core_instance1/qmem_instance/C4693/DATA10  
    core_instance1/qmem_instance/C4693/DATA9  
    core_instance1/qmem_instance/C4693/DATA8  
    core_instance1/qmem_instance/C4693/DATA7  
    core_instance1/qmem_instance/C4693/DATA6  
    core_instance1/qmem_instance/C4693/DATA5  
    core_instance1/qmem_instance/C4693/DATA4  
    core_instance1/qmem_instance/C4693/DATA3  
    core_instance1/qmem_instance/C4692/CONTROL16  
    core_instance1/qmem_instance/C4692/CONTROL15  
    core_instance1/qmem_instance/C4692/CONTROL14  
    core_instance1/qmem_instance/C4692/CONTROL13  
    core_instance1/qmem_instance/C4692/CONTROL12  
    core_instance1/qmem_instance/C4692/CONTROL11  
    core_instance1/qmem_instance/C4692/CONTROL10  
    core_instance1/qmem_instance/C4692/CONTROL9  
    core_instance1/qmem_instance/C4692/CONTROL8  
    core_instance1/qmem_instance/C4692/CONTROL7  
    core_instance1/qmem_instance/C4692/CONTROL6  
    core_instance1/qmem_instance/C4692/CONTROL5  
    core_instance1/qmem_instance/C4692/CONTROL4  
    core_instance1/qmem_instance/C4692/CONTROL3  
    core_instance1/qmem_instance/C4692/DATA16  
    core_instance1/qmem_instance/C4692/DATA15  
    core_instance1/qmem_instance/C4692/DATA14  
    core_instance1/qmem_instance/C4692/DATA13  
    core_instance1/qmem_instance/C4692/DATA12  
    core_instance1/qmem_instance/C4692/DATA11  
    core_instance1/qmem_instance/C4692/DATA10  
    core_instance1/qmem_instance/C4692/DATA9  
    core_instance1/qmem_instance/C4692/DATA8  
    core_instance1/qmem_instance/C4692/DATA7  
    core_instance1/qmem_instance/C4692/DATA6  
    core_instance1/qmem_instance/C4692/DATA5  
    core_instance1/qmem_instance/C4692/DATA4  
    core_instance1/qmem_instance/C4692/DATA3  
    core_instance1/qmem_instance/C4691/CONTROL16  
    core_instance1/qmem_instance/C4691/CONTROL15  
    core_instance1/qmem_instance/C4691/CONTROL14  
    core_instance1/qmem_instance/C4691/CONTROL13  
    core_instance1/qmem_instance/C4691/CONTROL12  
    core_instance1/qmem_instance/C4691/CONTROL11  
    core_instance1/qmem_instance/C4691/CONTROL10  
    core_instance1/qmem_instance/C4691/CONTROL9  
    core_instance1/qmem_instance/C4691/CONTROL8  
    core_instance1/qmem_instance/C4691/CONTROL7  
    core_instance1/qmem_instance/C4691/CONTROL6  
    core_instance1/qmem_instance/C4691/CONTROL5  
    core_instance1/qmem_instance/C4691/CONTROL4  
    core_instance1/qmem_instance/C4691/CONTROL3  
    core_instance1/qmem_instance/C4691/DATA16  
    core_instance1/qmem_instance/C4691/DATA15  
    core_instance1/qmem_instance/C4691/DATA14  
    core_instance1/qmem_instance/C4691/DATA13  
    core_instance1/qmem_instance/C4691/DATA12  
    core_instance1/qmem_instance/C4691/DATA11  
    core_instance1/qmem_instance/C4691/DATA10  
    core_instance1/qmem_instance/C4691/DATA9  
    core_instance1/qmem_instance/C4691/DATA8  
    core_instance1/qmem_instance/C4691/DATA7  
    core_instance1/qmem_instance/C4691/DATA6  
    core_instance1/qmem_instance/C4691/DATA5  
    core_instance1/qmem_instance/C4691/DATA4  
    core_instance1/qmem_instance/C4691/DATA3  
    core_instance1/qmem_instance/C4690/CONTROL16  
    core_instance1/qmem_instance/C4690/CONTROL15  
    core_instance1/qmem_instance/C4690/CONTROL14  
    core_instance1/qmem_instance/C4690/CONTROL13  
    core_instance1/qmem_instance/C4690/CONTROL12  
    core_instance1/qmem_instance/C4690/CONTROL11  
    core_instance1/qmem_instance/C4690/CONTROL10  
    core_instance1/qmem_instance/C4690/CONTROL9  
    core_instance1/qmem_instance/C4690/CONTROL8  
    core_instance1/qmem_instance/C4690/CONTROL7  
    core_instance1/qmem_instance/C4690/CONTROL6  
    core_instance1/qmem_instance/C4690/CONTROL5  
    core_instance1/qmem_instance/C4690/CONTROL4  
    core_instance1/qmem_instance/C4690/CONTROL3  
    core_instance1/qmem_instance/C4690/DATA16  
    core_instance1/qmem_instance/C4690/DATA15  
    core_instance1/qmem_instance/C4690/DATA14  
    core_instance1/qmem_instance/C4690/DATA13  
    core_instance1/qmem_instance/C4690/DATA12  
    core_instance1/qmem_instance/C4690/DATA11  
    core_instance1/qmem_instance/C4690/DATA10  
    core_instance1/qmem_instance/C4690/DATA9  
    core_instance1/qmem_instance/C4690/DATA8  
    core_instance1/qmem_instance/C4690/DATA7  
    core_instance1/qmem_instance/C4690/DATA6  
    core_instance1/qmem_instance/C4690/DATA5  
    core_instance1/qmem_instance/C4690/DATA4  
    core_instance1/qmem_instance/C4690/DATA3  
    core_instance1/qmem_instance/C4689/CONTROL16  
    core_instance1/qmem_instance/C4689/CONTROL15  
    core_instance1/qmem_instance/C4689/CONTROL14  
    core_instance1/qmem_instance/C4689/CONTROL13  
    core_instance1/qmem_instance/C4689/CONTROL12  
    core_instance1/qmem_instance/C4689/CONTROL11  
    core_instance1/qmem_instance/C4689/CONTROL10  
    core_instance1/qmem_instance/C4689/CONTROL9  
    core_instance1/qmem_instance/C4689/CONTROL8  
    core_instance1/qmem_instance/C4689/CONTROL7  
    core_instance1/qmem_instance/C4689/CONTROL6  
    core_instance1/qmem_instance/C4689/CONTROL5  
    core_instance1/qmem_instance/C4689/CONTROL4  
    core_instance1/qmem_instance/C4689/CONTROL3  
    core_instance1/qmem_instance/C4689/DATA16  
    core_instance1/qmem_instance/C4689/DATA15  
    core_instance1/qmem_instance/C4689/DATA14  
    core_instance1/qmem_instance/C4689/DATA13  
    core_instance1/qmem_instance/C4689/DATA12  
    core_instance1/qmem_instance/C4689/DATA11  
    core_instance1/qmem_instance/C4689/DATA10  
    core_instance1/qmem_instance/C4689/DATA9  
    core_instance1/qmem_instance/C4689/DATA8  
    core_instance1/qmem_instance/C4689/DATA7  
    core_instance1/qmem_instance/C4689/DATA6  
    core_instance1/qmem_instance/C4689/DATA5  
    core_instance1/qmem_instance/C4689/DATA4  
    core_instance1/qmem_instance/C4689/DATA3  
    core_instance1/qmem_instance/C4688/CONTROL16  
    core_instance1/qmem_instance/C4688/CONTROL15  
    core_instance1/qmem_instance/C4688/CONTROL14  
    core_instance1/qmem_instance/C4688/CONTROL13  
    core_instance1/qmem_instance/C4688/CONTROL12  
    core_instance1/qmem_instance/C4688/CONTROL11  
    core_instance1/qmem_instance/C4688/CONTROL10  
    core_instance1/qmem_instance/C4688/CONTROL9  
    core_instance1/qmem_instance/C4688/CONTROL8  
    core_instance1/qmem_instance/C4688/CONTROL7  
    core_instance1/qmem_instance/C4688/CONTROL6  
    core_instance1/qmem_instance/C4688/CONTROL5  
    core_instance1/qmem_instance/C4688/CONTROL4  
    core_instance1/qmem_instance/C4688/CONTROL3  
    core_instance1/qmem_instance/C4688/DATA16  
    core_instance1/qmem_instance/C4688/DATA15  
    core_instance1/qmem_instance/C4688/DATA14  
    core_instance1/qmem_instance/C4688/DATA13  
    core_instance1/qmem_instance/C4688/DATA12  
    core_instance1/qmem_instance/C4688/DATA11  
    core_instance1/qmem_instance/C4688/DATA10  
    core_instance1/qmem_instance/C4688/DATA9  
    core_instance1/qmem_instance/C4688/DATA8  
    core_instance1/qmem_instance/C4688/DATA7  
    core_instance1/qmem_instance/C4688/DATA6  
    core_instance1/qmem_instance/C4688/DATA5  
    core_instance1/qmem_instance/C4688/DATA4  
    core_instance1/qmem_instance/C4688/DATA3  
    core_instance1/qmem_instance/C4687/CONTROL16  
    core_instance1/qmem_instance/C4687/CONTROL15  
    core_instance1/qmem_instance/C4687/CONTROL14  
    core_instance1/qmem_instance/C4687/CONTROL13  
    core_instance1/qmem_instance/C4687/CONTROL12  
    core_instance1/qmem_instance/C4687/CONTROL11  
    core_instance1/qmem_instance/C4687/CONTROL10  
    core_instance1/qmem_instance/C4687/CONTROL9  
    core_instance1/qmem_instance/C4687/CONTROL8  
    core_instance1/qmem_instance/C4687/CONTROL7  
    core_instance1/qmem_instance/C4687/CONTROL6  
    core_instance1/qmem_instance/C4687/CONTROL5  
    core_instance1/qmem_instance/C4687/CONTROL4  
    core_instance1/qmem_instance/C4687/CONTROL3  
    core_instance1/qmem_instance/C4687/DATA16  
    core_instance1/qmem_instance/C4687/DATA15  
    core_instance1/qmem_instance/C4687/DATA14  
    core_instance1/qmem_instance/C4687/DATA13  
    core_instance1/qmem_instance/C4687/DATA12  
    core_instance1/qmem_instance/C4687/DATA11  
    core_instance1/qmem_instance/C4687/DATA10  
    core_instance1/qmem_instance/C4687/DATA9  
    core_instance1/qmem_instance/C4687/DATA8  
    core_instance1/qmem_instance/C4687/DATA7  
    core_instance1/qmem_instance/C4687/DATA6  
    core_instance1/qmem_instance/C4687/DATA5  
    core_instance1/qmem_instance/C4687/DATA4  
    core_instance1/qmem_instance/C4687/DATA3  
    core_instance1/qmem_instance/C4686/CONTROL16  
    core_instance1/qmem_instance/C4686/CONTROL15  
    core_instance1/qmem_instance/C4686/CONTROL14  
    core_instance1/qmem_instance/C4686/CONTROL13  
    core_instance1/qmem_instance/C4686/CONTROL12  
    core_instance1/qmem_instance/C4686/CONTROL11  
    core_instance1/qmem_instance/C4686/CONTROL10  
    core_instance1/qmem_instance/C4686/CONTROL9  
    core_instance1/qmem_instance/C4686/CONTROL8  
    core_instance1/qmem_instance/C4686/CONTROL7  
    core_instance1/qmem_instance/C4686/CONTROL6  
    core_instance1/qmem_instance/C4686/CONTROL5  
    core_instance1/qmem_instance/C4686/CONTROL4  
    core_instance1/qmem_instance/C4686/CONTROL3  
    core_instance1/qmem_instance/C4686/DATA16  
    core_instance1/qmem_instance/C4686/DATA15  
    core_instance1/qmem_instance/C4686/DATA14  
    core_instance1/qmem_instance/C4686/DATA13  
    core_instance1/qmem_instance/C4686/DATA12  
    core_instance1/qmem_instance/C4686/DATA11  
    core_instance1/qmem_instance/C4686/DATA10  
    core_instance1/qmem_instance/C4686/DATA9  
    core_instance1/qmem_instance/C4686/DATA8  
    core_instance1/qmem_instance/C4686/DATA7  
    core_instance1/qmem_instance/C4686/DATA6  
    core_instance1/qmem_instance/C4686/DATA5  
    core_instance1/qmem_instance/C4686/DATA4  
    core_instance1/qmem_instance/C4686/DATA3  
    core_instance1/qmem_instance/C4685/CONTROL16  
    core_instance1/qmem_instance/C4685/CONTROL15  
    core_instance1/qmem_instance/C4685/CONTROL14  
    core_instance1/qmem_instance/C4685/CONTROL13  
    core_instance1/qmem_instance/C4685/CONTROL12  
    core_instance1/qmem_instance/C4685/CONTROL11  
    core_instance1/qmem_instance/C4685/CONTROL10  
    core_instance1/qmem_instance/C4685/CONTROL9  
    core_instance1/qmem_instance/C4685/CONTROL8  
    core_instance1/qmem_instance/C4685/CONTROL7  
    core_instance1/qmem_instance/C4685/CONTROL6  
    core_instance1/qmem_instance/C4685/CONTROL5  
    core_instance1/qmem_instance/C4685/CONTROL4  
    core_instance1/qmem_instance/C4685/CONTROL3  
    core_instance1/qmem_instance/C4685/DATA16  
    core_instance1/qmem_instance/C4685/DATA15  
    core_instance1/qmem_instance/C4685/DATA14  
    core_instance1/qmem_instance/C4685/DATA13  
    core_instance1/qmem_instance/C4685/DATA12  
    core_instance1/qmem_instance/C4685/DATA11  
    core_instance1/qmem_instance/C4685/DATA10  
    core_instance1/qmem_instance/C4685/DATA9  
    core_instance1/qmem_instance/C4685/DATA8  
    core_instance1/qmem_instance/C4685/DATA7  
    core_instance1/qmem_instance/C4685/DATA6  
    core_instance1/qmem_instance/C4685/DATA5  
    core_instance1/qmem_instance/C4685/DATA4  
    core_instance1/qmem_instance/C4685/DATA3  
    core_instance1/qmem_instance/memory15[0]  
    core_instance1/qmem_instance/memory15[1]  
    core_instance1/qmem_instance/memory15[2]  
    core_instance1/qmem_instance/memory15[3]  
    core_instance1/qmem_instance/memory15[4]  
    core_instance1/qmem_instance/memory15[5]  
    core_instance1/qmem_instance/memory15[6]  
    core_instance1/qmem_instance/memory15[7]  
    core_instance1/qmem_instance/memory15[8]  
    core_instance1/qmem_instance/memory15[9]  
    core_instance1/qmem_instance/memory15[10]  
    core_instance1/qmem_instance/memory15[11]  
    core_instance1/qmem_instance/memory15[12]  
    core_instance1/qmem_instance/memory15[13]  
    core_instance1/qmem_instance/memory15[14]  
    core_instance1/qmem_instance/memory15[15]  
    core_instance1/qmem_instance/memory15[16]  
    core_instance1/qmem_instance/memory15[17]  
    core_instance1/qmem_instance/memory15[18]  
    core_instance1/qmem_instance/memory15[19]  
    core_instance1/qmem_instance/memory15[20]  
    core_instance1/qmem_instance/memory15[21]  
    core_instance1/qmem_instance/memory15[22]  
    core_instance1/qmem_instance/memory15[23]  
    core_instance1/qmem_instance/memory15[24]  
    core_instance1/qmem_instance/memory15[25]  
    core_instance1/qmem_instance/memory15[26]  
    core_instance1/qmem_instance/memory15[27]  
    core_instance1/qmem_instance/memory15[28]  
    core_instance1/qmem_instance/memory15[29]  
    core_instance1/qmem_instance/memory15[30]  
    core_instance1/qmem_instance/memory15[31]  
    core_instance1/qmem_instance/memory15[32]  
    core_instance1/qmem_instance/memory15[33]  
    core_instance1/qmem_instance/memory15[34]  
    core_instance1/qmem_instance/memory15[35]  
    core_instance1/qmem_instance/memory15[36]  
    core_instance1/qmem_instance/memory15[37]  
    core_instance1/qmem_instance/memory15[38]  
    core_instance1/qmem_instance/memory15[39]  
    core_instance1/qmem_instance/memory15[40]  
    core_instance1/qmem_instance/memory15[41]  
    core_instance1/qmem_instance/memory15[42]  
    core_instance1/qmem_instance/memory15[43]  
    core_instance1/qmem_instance/memory15[44]  
    core_instance1/qmem_instance/memory15[45]  
    core_instance1/qmem_instance/memory15[46]  
    core_instance1/qmem_instance/memory15[47]  
    core_instance1/qmem_instance/memory15[48]  
    core_instance1/qmem_instance/memory15[49]  
    core_instance1/qmem_instance/memory15[50]  
    core_instance1/qmem_instance/memory15[51]  
    core_instance1/qmem_instance/memory15[52]  
    core_instance1/qmem_instance/memory15[53]  
    core_instance1/qmem_instance/memory15[54]  
    core_instance1/qmem_instance/memory15[55]  
    core_instance1/qmem_instance/memory15[56]  
    core_instance1/qmem_instance/memory15[57]  
    core_instance1/qmem_instance/memory15[58]  
    core_instance1/qmem_instance/memory15[59]  
    core_instance1/qmem_instance/memory15[60]  
    core_instance1/qmem_instance/memory15[61]  
    core_instance1/qmem_instance/memory15[62]  
    core_instance1/qmem_instance/memory15[63]  
    core_instance1/qmem_instance/memory14[0]  
    core_instance1/qmem_instance/memory14[1]  
    core_instance1/qmem_instance/memory14[2]  
    core_instance1/qmem_instance/memory14[3]  
    core_instance1/qmem_instance/memory14[4]  
    core_instance1/qmem_instance/memory14[5]  
    core_instance1/qmem_instance/memory14[6]  
    core_instance1/qmem_instance/memory14[7]  
    core_instance1/qmem_instance/memory14[8]  
    core_instance1/qmem_instance/memory14[9]  
    core_instance1/qmem_instance/memory14[10]  
    core_instance1/qmem_instance/memory14[11]  
    core_instance1/qmem_instance/memory14[12]  
    core_instance1/qmem_instance/memory14[13]  
    core_instance1/qmem_instance/memory14[14]  
    core_instance1/qmem_instance/memory14[15]  
    core_instance1/qmem_instance/memory14[16]  
    core_instance1/qmem_instance/memory14[17]  
    core_instance1/qmem_instance/memory14[18]  
    core_instance1/qmem_instance/memory14[19]  
    core_instance1/qmem_instance/memory14[20]  
    core_instance1/qmem_instance/memory14[21]  
    core_instance1/qmem_instance/memory14[22]  
    core_instance1/qmem_instance/memory14[23]  
    core_instance1/qmem_instance/memory14[24]  
    core_instance1/qmem_instance/memory14[25]  
    core_instance1/qmem_instance/memory14[26]  
    core_instance1/qmem_instance/memory14[27]  
    core_instance1/qmem_instance/memory14[28]  
    core_instance1/qmem_instance/memory14[29]  
    core_instance1/qmem_instance/memory14[30]  
    core_instance1/qmem_instance/memory14[31]  
    core_instance1/qmem_instance/memory14[32]  
    core_instance1/qmem_instance/memory14[33]  
    core_instance1/qmem_instance/memory14[34]  
    core_instance1/qmem_instance/memory14[35]  
    core_instance1/qmem_instance/memory14[36]  
    core_instance1/qmem_instance/memory14[37]  
    core_instance1/qmem_instance/memory14[38]  
    core_instance1/qmem_instance/memory14[39]  
    core_instance1/qmem_instance/memory14[40]  
    core_instance1/qmem_instance/memory14[41]  
    core_instance1/qmem_instance/memory14[42]  
    core_instance1/qmem_instance/memory14[43]  
    core_instance1/qmem_instance/memory14[44]  
    core_instance1/qmem_instance/memory14[45]  
    core_instance1/qmem_instance/memory14[46]  
    core_instance1/qmem_instance/memory14[47]  
    core_instance1/qmem_instance/memory14[48]  
    core_instance1/qmem_instance/memory14[49]  
    core_instance1/qmem_instance/memory14[50]  
    core_instance1/qmem_instance/memory14[51]  
    core_instance1/qmem_instance/memory14[52]  
    core_instance1/qmem_instance/memory14[53]  
    core_instance1/qmem_instance/memory14[54]  
    core_instance1/qmem_instance/memory14[55]  
    core_instance1/qmem_instance/memory14[56]  
    core_instance1/qmem_instance/memory14[57]  
    core_instance1/qmem_instance/memory14[58]  
    core_instance1/qmem_instance/memory14[59]  
    core_instance1/qmem_instance/memory14[60]  
    core_instance1/qmem_instance/memory14[61]  
    core_instance1/qmem_instance/memory14[62]  
    core_instance1/qmem_instance/memory14[63]  
    core_instance1/qmem_instance/memory13[0]  
    core_instance1/qmem_instance/memory13[1]  
    core_instance1/qmem_instance/memory13[2]  
    core_instance1/qmem_instance/memory13[3]  
    core_instance1/qmem_instance/memory13[4]  
    core_instance1/qmem_instance/memory13[5]  
    core_instance1/qmem_instance/memory13[6]  
    core_instance1/qmem_instance/memory13[7]  
    core_instance1/qmem_instance/memory13[8]  
    core_instance1/qmem_instance/memory13[9]  
    core_instance1/qmem_instance/memory13[10]  
    core_instance1/qmem_instance/memory13[11]  
    core_instance1/qmem_instance/memory13[12]  
    core_instance1/qmem_instance/memory13[13]  
    core_instance1/qmem_instance/memory13[14]  
    core_instance1/qmem_instance/memory13[15]  
    core_instance1/qmem_instance/memory13[16]  
    core_instance1/qmem_instance/memory13[17]  
    core_instance1/qmem_instance/memory13[18]  
    core_instance1/qmem_instance/memory13[19]  
    core_instance1/qmem_instance/memory13[20]  
    core_instance1/qmem_instance/memory13[21]  
    core_instance1/qmem_instance/memory13[22]  
    core_instance1/qmem_instance/memory13[23]  
    core_instance1/qmem_instance/memory13[24]  
    core_instance1/qmem_instance/memory13[25]  
    core_instance1/qmem_instance/memory13[26]  
    core_instance1/qmem_instance/memory13[27]  
    core_instance1/qmem_instance/memory13[28]  
    core_instance1/qmem_instance/memory13[29]  
    core_instance1/qmem_instance/memory13[30]  
    core_instance1/qmem_instance/memory13[31]  
    core_instance1/qmem_instance/memory13[32]  
    core_instance1/qmem_instance/memory13[33]  
    core_instance1/qmem_instance/memory13[34]  
    core_instance1/qmem_instance/memory13[35]  
    core_instance1/qmem_instance/memory13[36]  
    core_instance1/qmem_instance/memory13[37]  
    core_instance1/qmem_instance/memory13[38]  
    core_instance1/qmem_instance/memory13[39]  
    core_instance1/qmem_instance/memory13[40]  
    core_instance1/qmem_instance/memory13[41]  
    core_instance1/qmem_instance/memory13[42]  
    core_instance1/qmem_instance/memory13[43]  
    core_instance1/qmem_instance/memory13[44]  
    core_instance1/qmem_instance/memory13[45]  
    core_instance1/qmem_instance/memory13[46]  
    core_instance1/qmem_instance/memory13[47]  
    core_instance1/qmem_instance/memory13[48]  
    core_instance1/qmem_instance/memory13[49]  
    core_instance1/qmem_instance/memory13[50]  
    core_instance1/qmem_instance/memory13[51]  
    core_instance1/qmem_instance/memory13[52]  
    core_instance1/qmem_instance/memory13[53]  
    core_instance1/qmem_instance/memory13[54]  
    core_instance1/qmem_instance/memory13[55]  
    core_instance1/qmem_instance/memory13[56]  
    core_instance1/qmem_instance/memory13[57]  
    core_instance1/qmem_instance/memory13[58]  
    core_instance1/qmem_instance/memory13[59]  
    core_instance1/qmem_instance/memory13[60]  
    core_instance1/qmem_instance/memory13[61]  
    core_instance1/qmem_instance/memory13[62]  
    core_instance1/qmem_instance/memory13[63]  
    core_instance1/qmem_instance/memory12[0]  
    core_instance1/qmem_instance/memory12[1]  
    core_instance1/qmem_instance/memory12[2]  
    core_instance1/qmem_instance/memory12[3]  
    core_instance1/qmem_instance/memory12[4]  
    core_instance1/qmem_instance/memory12[5]  
    core_instance1/qmem_instance/memory12[6]  
    core_instance1/qmem_instance/memory12[7]  
    core_instance1/qmem_instance/memory12[8]  
    core_instance1/qmem_instance/memory12[9]  
    core_instance1/qmem_instance/memory12[10]  
    core_instance1/qmem_instance/memory12[11]  
    core_instance1/qmem_instance/memory12[12]  
    core_instance1/qmem_instance/memory12[13]  
    core_instance1/qmem_instance/memory12[14]  
    core_instance1/qmem_instance/memory12[15]  
    core_instance1/qmem_instance/memory12[16]  
    core_instance1/qmem_instance/memory12[17]  
    core_instance1/qmem_instance/memory12[18]  
    core_instance1/qmem_instance/memory12[19]  
    core_instance1/qmem_instance/memory12[20]  
    core_instance1/qmem_instance/memory12[21]  
    core_instance1/qmem_instance/memory12[22]  
    core_instance1/qmem_instance/memory12[23]  
    core_instance1/qmem_instance/memory12[24]  
    core_instance1/qmem_instance/memory12[25]  
    core_instance1/qmem_instance/memory12[26]  
    core_instance1/qmem_instance/memory12[27]  
    core_instance1/qmem_instance/memory12[28]  
    core_instance1/qmem_instance/memory12[29]  
    core_instance1/qmem_instance/memory12[30]  
    core_instance1/qmem_instance/memory12[31]  
    core_instance1/qmem_instance/memory12[32]  
    core_instance1/qmem_instance/memory12[33]  
    core_instance1/qmem_instance/memory12[34]  
    core_instance1/qmem_instance/memory12[35]  
    core_instance1/qmem_instance/memory12[36]  
    core_instance1/qmem_instance/memory12[37]  
    core_instance1/qmem_instance/memory12[38]  
    core_instance1/qmem_instance/memory12[39]  
    core_instance1/qmem_instance/memory12[40]  
    core_instance1/qmem_instance/memory12[41]  
    core_instance1/qmem_instance/memory12[42]  
    core_instance1/qmem_instance/memory12[43]  
    core_instance1/qmem_instance/memory12[44]  
    core_instance1/qmem_instance/memory12[45]  
    core_instance1/qmem_instance/memory12[46]  
    core_instance1/qmem_instance/memory12[47]  
    core_instance1/qmem_instance/memory12[48]  
    core_instance1/qmem_instance/memory12[49]  
    core_instance1/qmem_instance/memory12[50]  
    core_instance1/qmem_instance/memory12[51]  
    core_instance1/qmem_instance/memory12[52]  
    core_instance1/qmem_instance/memory12[53]  
    core_instance1/qmem_instance/memory12[54]  
    core_instance1/qmem_instance/memory12[55]  
    core_instance1/qmem_instance/memory12[56]  
    core_instance1/qmem_instance/memory12[57]  
    core_instance1/qmem_instance/memory12[58]  
    core_instance1/qmem_instance/memory12[59]  
    core_instance1/qmem_instance/memory12[60]  
    core_instance1/qmem_instance/memory12[61]  
    core_instance1/qmem_instance/memory12[62]  
    core_instance1/qmem_instance/memory12[63]  
    core_instance1/qmem_instance/memory11[0]  
    core_instance1/qmem_instance/memory11[1]  
    core_instance1/qmem_instance/memory11[2]  
    core_instance1/qmem_instance/memory11[3]  
    core_instance1/qmem_instance/memory11[4]  
    core_instance1/qmem_instance/memory11[5]  
    core_instance1/qmem_instance/memory11[6]  
    core_instance1/qmem_instance/memory11[7]  
    core_instance1/qmem_instance/memory11[8]  
    core_instance1/qmem_instance/memory11[9]  
    core_instance1/qmem_instance/memory11[10]  
    core_instance1/qmem_instance/memory11[11]  
    core_instance1/qmem_instance/memory11[12]  
    core_instance1/qmem_instance/memory11[13]  
    core_instance1/qmem_instance/memory11[14]  
    core_instance1/qmem_instance/memory11[15]  
    core_instance1/qmem_instance/memory11[16]  
    core_instance1/qmem_instance/memory11[17]  
    core_instance1/qmem_instance/memory11[18]  
    core_instance1/qmem_instance/memory11[19]  
    core_instance1/qmem_instance/memory11[20]  
    core_instance1/qmem_instance/memory11[21]  
    core_instance1/qmem_instance/memory11[22]  
    core_instance1/qmem_instance/memory11[23]  
    core_instance1/qmem_instance/memory11[24]  
    core_instance1/qmem_instance/memory11[25]  
    core_instance1/qmem_instance/memory11[26]  
    core_instance1/qmem_instance/memory11[27]  
    core_instance1/qmem_instance/memory11[28]  
    core_instance1/qmem_instance/memory11[29]  
    core_instance1/qmem_instance/memory11[30]  
    core_instance1/qmem_instance/memory11[31]  
    core_instance1/qmem_instance/memory11[32]  
    core_instance1/qmem_instance/memory11[33]  
    core_instance1/qmem_instance/memory11[34]  
    core_instance1/qmem_instance/memory11[35]  
    core_instance1/qmem_instance/memory11[36]  
    core_instance1/qmem_instance/memory11[37]  
    core_instance1/qmem_instance/memory11[38]  
    core_instance1/qmem_instance/memory11[39]  
    core_instance1/qmem_instance/memory11[40]  
    core_instance1/qmem_instance/memory11[41]  
    core_instance1/qmem_instance/memory11[42]  
    core_instance1/qmem_instance/memory11[43]  
    core_instance1/qmem_instance/memory11[44]  
    core_instance1/qmem_instance/memory11[45]  
    core_instance1/qmem_instance/memory11[46]  
    core_instance1/qmem_instance/memory11[47]  
    core_instance1/qmem_instance/memory11[48]  
    core_instance1/qmem_instance/memory11[49]  
    core_instance1/qmem_instance/memory11[50]  
    core_instance1/qmem_instance/memory11[51]  
    core_instance1/qmem_instance/memory11[52]  
    core_instance1/qmem_instance/memory11[53]  
    core_instance1/qmem_instance/memory11[54]  
    core_instance1/qmem_instance/memory11[55]  
    core_instance1/qmem_instance/memory11[56]  
    core_instance1/qmem_instance/memory11[57]  
    core_instance1/qmem_instance/memory11[58]  
    core_instance1/qmem_instance/memory11[59]  
    core_instance1/qmem_instance/memory11[60]  
    core_instance1/qmem_instance/memory11[61]  
    core_instance1/qmem_instance/memory11[62]  
    core_instance1/qmem_instance/memory11[63]  
    core_instance1/qmem_instance/memory10[0]  
    core_instance1/qmem_instance/memory10[1]  
    core_instance1/qmem_instance/memory10[2]  
    core_instance1/qmem_instance/memory10[3]  
    core_instance1/qmem_instance/memory10[4]  
    core_instance1/qmem_instance/memory10[5]  
    core_instance1/qmem_instance/memory10[6]  
    core_instance1/qmem_instance/memory10[7]  
    core_instance1/qmem_instance/memory10[8]  
    core_instance1/qmem_instance/memory10[9]  
    core_instance1/qmem_instance/memory10[10]  
    core_instance1/qmem_instance/memory10[11]  
    core_instance1/qmem_instance/memory10[12]  
    core_instance1/qmem_instance/memory10[13]  
    core_instance1/qmem_instance/memory10[14]  
    core_instance1/qmem_instance/memory10[15]  
    core_instance1/qmem_instance/memory10[16]  
    core_instance1/qmem_instance/memory10[17]  
    core_instance1/qmem_instance/memory10[18]  
    core_instance1/qmem_instance/memory10[19]  
    core_instance1/qmem_instance/memory10[20]  
    core_instance1/qmem_instance/memory10[21]  
    core_instance1/qmem_instance/memory10[22]  
    core_instance1/qmem_instance/memory10[23]  
    core_instance1/qmem_instance/memory10[24]  
    core_instance1/qmem_instance/memory10[25]  
    core_instance1/qmem_instance/memory10[26]  
    core_instance1/qmem_instance/memory10[27]  
    core_instance1/qmem_instance/memory10[28]  
    core_instance1/qmem_instance/memory10[29]  
    core_instance1/qmem_instance/memory10[30]  
    core_instance1/qmem_instance/memory10[31]  
    core_instance1/qmem_instance/memory10[32]  
    core_instance1/qmem_instance/memory10[33]  
    core_instance1/qmem_instance/memory10[34]  
    core_instance1/qmem_instance/memory10[35]  
    core_instance1/qmem_instance/memory10[36]  
    core_instance1/qmem_instance/memory10[37]  
    core_instance1/qmem_instance/memory10[38]  
    core_instance1/qmem_instance/memory10[39]  
    core_instance1/qmem_instance/memory10[40]  
    core_instance1/qmem_instance/memory10[41]  
    core_instance1/qmem_instance/memory10[42]  
    core_instance1/qmem_instance/memory10[43]  
    core_instance1/qmem_instance/memory10[44]  
    core_instance1/qmem_instance/memory10[45]  
    core_instance1/qmem_instance/memory10[46]  
    core_instance1/qmem_instance/memory10[47]  
    core_instance1/qmem_instance/memory10[48]  
    core_instance1/qmem_instance/memory10[49]  
    core_instance1/qmem_instance/memory10[50]  
    core_instance1/qmem_instance/memory10[51]  
    core_instance1/qmem_instance/memory10[52]  
    core_instance1/qmem_instance/memory10[53]  
    core_instance1/qmem_instance/memory10[54]  
    core_instance1/qmem_instance/memory10[55]  
    core_instance1/qmem_instance/memory10[56]  
    core_instance1/qmem_instance/memory10[57]  
    core_instance1/qmem_instance/memory10[58]  
    core_instance1/qmem_instance/memory10[59]  
    core_instance1/qmem_instance/memory10[60]  
    core_instance1/qmem_instance/memory10[61]  
    core_instance1/qmem_instance/memory10[62]  
    core_instance1/qmem_instance/memory10[63]  
    core_instance1/qmem_instance/memory9[0]  
    core_instance1/qmem_instance/memory9[1]  
    core_instance1/qmem_instance/memory9[2]  
    core_instance1/qmem_instance/memory9[3]  
    core_instance1/qmem_instance/memory9[4]  
    core_instance1/qmem_instance/memory9[5]  
    core_instance1/qmem_instance/memory9[6]  
    core_instance1/qmem_instance/memory9[7]  
    core_instance1/qmem_instance/memory9[8]  
    core_instance1/qmem_instance/memory9[9]  
    core_instance1/qmem_instance/memory9[10]  
    core_instance1/qmem_instance/memory9[11]  
    core_instance1/qmem_instance/memory9[12]  
    core_instance1/qmem_instance/memory9[13]  
    core_instance1/qmem_instance/memory9[14]  
    core_instance1/qmem_instance/memory9[15]  
    core_instance1/qmem_instance/memory9[16]  
    core_instance1/qmem_instance/memory9[17]  
    core_instance1/qmem_instance/memory9[18]  
    core_instance1/qmem_instance/memory9[19]  
    core_instance1/qmem_instance/memory9[20]  
    core_instance1/qmem_instance/memory9[21]  
    core_instance1/qmem_instance/memory9[22]  
    core_instance1/qmem_instance/memory9[23]  
    core_instance1/qmem_instance/memory9[24]  
    core_instance1/qmem_instance/memory9[25]  
    core_instance1/qmem_instance/memory9[26]  
    core_instance1/qmem_instance/memory9[27]  
    core_instance1/qmem_instance/memory9[28]  
    core_instance1/qmem_instance/memory9[29]  
    core_instance1/qmem_instance/memory9[30]  
    core_instance1/qmem_instance/memory9[31]  
    core_instance1/qmem_instance/memory9[32]  
    core_instance1/qmem_instance/memory9[33]  
    core_instance1/qmem_instance/memory9[34]  
    core_instance1/qmem_instance/memory9[35]  
    core_instance1/qmem_instance/memory9[36]  
    core_instance1/qmem_instance/memory9[37]  
    core_instance1/qmem_instance/memory9[38]  
    core_instance1/qmem_instance/memory9[39]  
    core_instance1/qmem_instance/memory9[40]  
    core_instance1/qmem_instance/memory9[41]  
    core_instance1/qmem_instance/memory9[42]  
    core_instance1/qmem_instance/memory9[43]  
    core_instance1/qmem_instance/memory9[44]  
    core_instance1/qmem_instance/memory9[45]  
    core_instance1/qmem_instance/memory9[46]  
    core_instance1/qmem_instance/memory9[47]  
    core_instance1/qmem_instance/memory9[48]  
    core_instance1/qmem_instance/memory9[49]  
    core_instance1/qmem_instance/memory9[50]  
    core_instance1/qmem_instance/memory9[51]  
    core_instance1/qmem_instance/memory9[52]  
    core_instance1/qmem_instance/memory9[53]  
    core_instance1/qmem_instance/memory9[54]  
    core_instance1/qmem_instance/memory9[55]  
    core_instance1/qmem_instance/memory9[56]  
    core_instance1/qmem_instance/memory9[57]  
    core_instance1/qmem_instance/memory9[58]  
    core_instance1/qmem_instance/memory9[59]  
    core_instance1/qmem_instance/memory9[60]  
    core_instance1/qmem_instance/memory9[61]  
    core_instance1/qmem_instance/memory9[62]  
    core_instance1/qmem_instance/memory9[63]  
    core_instance1/qmem_instance/memory8[0]  
    core_instance1/qmem_instance/memory8[1]  
    core_instance1/qmem_instance/memory8[2]  
    core_instance1/qmem_instance/memory8[3]  
    core_instance1/qmem_instance/memory8[4]  
    core_instance1/qmem_instance/memory8[5]  
    core_instance1/qmem_instance/memory8[6]  
    core_instance1/qmem_instance/memory8[7]  
    core_instance1/qmem_instance/memory8[8]  
    core_instance1/qmem_instance/memory8[9]  
    core_instance1/qmem_instance/memory8[10]  
    core_instance1/qmem_instance/memory8[11]  
    core_instance1/qmem_instance/memory8[12]  
    core_instance1/qmem_instance/memory8[13]  
    core_instance1/qmem_instance/memory8[14]  
    core_instance1/qmem_instance/memory8[15]  
    core_instance1/qmem_instance/memory8[16]  
    core_instance1/qmem_instance/memory8[17]  
    core_instance1/qmem_instance/memory8[18]  
    core_instance1/qmem_instance/memory8[19]  
    core_instance1/qmem_instance/memory8[20]  
    core_instance1/qmem_instance/memory8[21]  
    core_instance1/qmem_instance/memory8[22]  
    core_instance1/qmem_instance/memory8[23]  
    core_instance1/qmem_instance/memory8[24]  
    core_instance1/qmem_instance/memory8[25]  
    core_instance1/qmem_instance/memory8[26]  
    core_instance1/qmem_instance/memory8[27]  
    core_instance1/qmem_instance/memory8[28]  
    core_instance1/qmem_instance/memory8[29]  
    core_instance1/qmem_instance/memory8[30]  
    core_instance1/qmem_instance/memory8[31]  
    core_instance1/qmem_instance/memory8[32]  
    core_instance1/qmem_instance/memory8[33]  
    core_instance1/qmem_instance/memory8[34]  
    core_instance1/qmem_instance/memory8[35]  
    core_instance1/qmem_instance/memory8[36]  
    core_instance1/qmem_instance/memory8[37]  
    core_instance1/qmem_instance/memory8[38]  
    core_instance1/qmem_instance/memory8[39]  
    core_instance1/qmem_instance/memory8[40]  
    core_instance1/qmem_instance/memory8[41]  
    core_instance1/qmem_instance/memory8[42]  
    core_instance1/qmem_instance/memory8[43]  
    core_instance1/qmem_instance/memory8[44]  
    core_instance1/qmem_instance/memory8[45]  
    core_instance1/qmem_instance/memory8[46]  
    core_instance1/qmem_instance/memory8[47]  
    core_instance1/qmem_instance/memory8[48]  
    core_instance1/qmem_instance/memory8[49]  
    core_instance1/qmem_instance/memory8[50]  
    core_instance1/qmem_instance/memory8[51]  
    core_instance1/qmem_instance/memory8[52]  
    core_instance1/qmem_instance/memory8[53]  
    core_instance1/qmem_instance/memory8[54]  
    core_instance1/qmem_instance/memory8[55]  
    core_instance1/qmem_instance/memory8[56]  
    core_instance1/qmem_instance/memory8[57]  
    core_instance1/qmem_instance/memory8[58]  
    core_instance1/qmem_instance/memory8[59]  
    core_instance1/qmem_instance/memory8[60]  
    core_instance1/qmem_instance/memory8[61]  
    core_instance1/qmem_instance/memory8[62]  
    core_instance1/qmem_instance/memory8[63]  
    core_instance1/qmem_instance/memory7[0]  
    core_instance1/qmem_instance/memory7[1]  
    core_instance1/qmem_instance/memory7[2]  
    core_instance1/qmem_instance/memory7[3]  
    core_instance1/qmem_instance/memory7[4]  
    core_instance1/qmem_instance/memory7[5]  
    core_instance1/qmem_instance/memory7[6]  
    core_instance1/qmem_instance/memory7[7]  
    core_instance1/qmem_instance/memory7[8]  
    core_instance1/qmem_instance/memory7[9]  
    core_instance1/qmem_instance/memory7[10]  
    core_instance1/qmem_instance/memory7[11]  
    core_instance1/qmem_instance/memory7[12]  
    core_instance1/qmem_instance/memory7[13]  
    core_instance1/qmem_instance/memory7[14]  
    core_instance1/qmem_instance/memory7[15]  
    core_instance1/qmem_instance/memory7[16]  
    core_instance1/qmem_instance/memory7[17]  
    core_instance1/qmem_instance/memory7[18]  
    core_instance1/qmem_instance/memory7[19]  
    core_instance1/qmem_instance/memory7[20]  
    core_instance1/qmem_instance/memory7[21]  
    core_instance1/qmem_instance/memory7[22]  
    core_instance1/qmem_instance/memory7[23]  
    core_instance1/qmem_instance/memory7[24]  
    core_instance1/qmem_instance/memory7[25]  
    core_instance1/qmem_instance/memory7[26]  
    core_instance1/qmem_instance/memory7[27]  
    core_instance1/qmem_instance/memory7[28]  
    core_instance1/qmem_instance/memory7[29]  
    core_instance1/qmem_instance/memory7[30]  
    core_instance1/qmem_instance/memory7[31]  
    core_instance1/qmem_instance/memory7[32]  
    core_instance1/qmem_instance/memory7[33]  
    core_instance1/qmem_instance/memory7[34]  
    core_instance1/qmem_instance/memory7[35]  
    core_instance1/qmem_instance/memory7[36]  
    core_instance1/qmem_instance/memory7[37]  
    core_instance1/qmem_instance/memory7[38]  
    core_instance1/qmem_instance/memory7[39]  
    core_instance1/qmem_instance/memory7[40]  
    core_instance1/qmem_instance/memory7[41]  
    core_instance1/qmem_instance/memory7[42]  
    core_instance1/qmem_instance/memory7[43]  
    core_instance1/qmem_instance/memory7[44]  
    core_instance1/qmem_instance/memory7[45]  
    core_instance1/qmem_instance/memory7[46]  
    core_instance1/qmem_instance/memory7[47]  
    core_instance1/qmem_instance/memory7[48]  
    core_instance1/qmem_instance/memory7[49]  
    core_instance1/qmem_instance/memory7[50]  
    core_instance1/qmem_instance/memory7[51]  
    core_instance1/qmem_instance/memory7[52]  
    core_instance1/qmem_instance/memory7[53]  
    core_instance1/qmem_instance/memory7[54]  
    core_instance1/qmem_instance/memory7[55]  
    core_instance1/qmem_instance/memory7[56]  
    core_instance1/qmem_instance/memory7[57]  
    core_instance1/qmem_instance/memory7[58]  
    core_instance1/qmem_instance/memory7[59]  
    core_instance1/qmem_instance/memory7[60]  
    core_instance1/qmem_instance/memory7[61]  
    core_instance1/qmem_instance/memory7[62]  
    core_instance1/qmem_instance/memory7[63]  
    core_instance1/qmem_instance/memory6[0]  
    core_instance1/qmem_instance/memory6[1]  
    core_instance1/qmem_instance/memory6[2]  
    core_instance1/qmem_instance/memory6[3]  
    core_instance1/qmem_instance/memory6[4]  
    core_instance1/qmem_instance/memory6[5]  
    core_instance1/qmem_instance/memory6[6]  
    core_instance1/qmem_instance/memory6[7]  
    core_instance1/qmem_instance/memory6[8]  
    core_instance1/qmem_instance/memory6[9]  
    core_instance1/qmem_instance/memory6[10]  
    core_instance1/qmem_instance/memory6[11]  
    core_instance1/qmem_instance/memory6[12]  
    core_instance1/qmem_instance/memory6[13]  
    core_instance1/qmem_instance/memory6[14]  
    core_instance1/qmem_instance/memory6[15]  
    core_instance1/qmem_instance/memory6[16]  
    core_instance1/qmem_instance/memory6[17]  
    core_instance1/qmem_instance/memory6[18]  
    core_instance1/qmem_instance/memory6[19]  
    core_instance1/qmem_instance/memory6[20]  
    core_instance1/qmem_instance/memory6[21]  
    core_instance1/qmem_instance/memory6[22]  
    core_instance1/qmem_instance/memory6[23]  
    core_instance1/qmem_instance/memory6[24]  
    core_instance1/qmem_instance/memory6[25]  
    core_instance1/qmem_instance/memory6[26]  
    core_instance1/qmem_instance/memory6[27]  
    core_instance1/qmem_instance/memory6[28]  
    core_instance1/qmem_instance/memory6[29]  
    core_instance1/qmem_instance/memory6[30]  
    core_instance1/qmem_instance/memory6[31]  
    core_instance1/qmem_instance/memory6[32]  
    core_instance1/qmem_instance/memory6[33]  
    core_instance1/qmem_instance/memory6[34]  
    core_instance1/qmem_instance/memory6[35]  
    core_instance1/qmem_instance/memory6[36]  
    core_instance1/qmem_instance/memory6[37]  
    core_instance1/qmem_instance/memory6[38]  
    core_instance1/qmem_instance/memory6[39]  
    core_instance1/qmem_instance/memory6[40]  
    core_instance1/qmem_instance/memory6[41]  
    core_instance1/qmem_instance/memory6[42]  
    core_instance1/qmem_instance/memory6[43]  
    core_instance1/qmem_instance/memory6[44]  
    core_instance1/qmem_instance/memory6[45]  
    core_instance1/qmem_instance/memory6[46]  
    core_instance1/qmem_instance/memory6[47]  
    core_instance1/qmem_instance/memory6[48]  
    core_instance1/qmem_instance/memory6[49]  
    core_instance1/qmem_instance/memory6[50]  
    core_instance1/qmem_instance/memory6[51]  
    core_instance1/qmem_instance/memory6[52]  
    core_instance1/qmem_instance/memory6[53]  
    core_instance1/qmem_instance/memory6[54]  
    core_instance1/qmem_instance/memory6[55]  
    core_instance1/qmem_instance/memory6[56]  
    core_instance1/qmem_instance/memory6[57]  
    core_instance1/qmem_instance/memory6[58]  
    core_instance1/qmem_instance/memory6[59]  
    core_instance1/qmem_instance/memory6[60]  
    core_instance1/qmem_instance/memory6[61]  
    core_instance1/qmem_instance/memory6[62]  
    core_instance1/qmem_instance/memory6[63]  
    core_instance1/qmem_instance/memory5[0]  
    core_instance1/qmem_instance/memory5[1]  
    core_instance1/qmem_instance/memory5[2]  
    core_instance1/qmem_instance/memory5[3]  
    core_instance1/qmem_instance/memory5[4]  
    core_instance1/qmem_instance/memory5[5]  
    core_instance1/qmem_instance/memory5[6]  
    core_instance1/qmem_instance/memory5[7]  
    core_instance1/qmem_instance/memory5[8]  
    core_instance1/qmem_instance/memory5[9]  
    core_instance1/qmem_instance/memory5[10]  
    core_instance1/qmem_instance/memory5[11]  
    core_instance1/qmem_instance/memory5[12]  
    core_instance1/qmem_instance/memory5[13]  
    core_instance1/qmem_instance/memory5[14]  
    core_instance1/qmem_instance/memory5[15]  
    core_instance1/qmem_instance/memory5[16]  
    core_instance1/qmem_instance/memory5[17]  
    core_instance1/qmem_instance/memory5[18]  
    core_instance1/qmem_instance/memory5[19]  
    core_instance1/qmem_instance/memory5[20]  
    core_instance1/qmem_instance/memory5[21]  
    core_instance1/qmem_instance/memory5[22]  
    core_instance1/qmem_instance/memory5[23]  
    core_instance1/qmem_instance/memory5[24]  
    core_instance1/qmem_instance/memory5[25]  
    core_instance1/qmem_instance/memory5[26]  
    core_instance1/qmem_instance/memory5[27]  
    core_instance1/qmem_instance/memory5[28]  
    core_instance1/qmem_instance/memory5[29]  
    core_instance1/qmem_instance/memory5[30]  
    core_instance1/qmem_instance/memory5[31]  
    core_instance1/qmem_instance/memory5[32]  
    core_instance1/qmem_instance/memory5[33]  
    core_instance1/qmem_instance/memory5[34]  
    core_instance1/qmem_instance/memory5[35]  
    core_instance1/qmem_instance/memory5[36]  
    core_instance1/qmem_instance/memory5[37]  
    core_instance1/qmem_instance/memory5[38]  
    core_instance1/qmem_instance/memory5[39]  
    core_instance1/qmem_instance/memory5[40]  
    core_instance1/qmem_instance/memory5[41]  
    core_instance1/qmem_instance/memory5[42]  
    core_instance1/qmem_instance/memory5[43]  
    core_instance1/qmem_instance/memory5[44]  
    core_instance1/qmem_instance/memory5[45]  
    core_instance1/qmem_instance/memory5[46]  
    core_instance1/qmem_instance/memory5[47]  
    core_instance1/qmem_instance/memory5[48]  
    core_instance1/qmem_instance/memory5[49]  
    core_instance1/qmem_instance/memory5[50]  
    core_instance1/qmem_instance/memory5[51]  
    core_instance1/qmem_instance/memory5[52]  
    core_instance1/qmem_instance/memory5[53]  
    core_instance1/qmem_instance/memory5[54]  
    core_instance1/qmem_instance/memory5[55]  
    core_instance1/qmem_instance/memory5[56]  
    core_instance1/qmem_instance/memory5[57]  
    core_instance1/qmem_instance/memory5[58]  
    core_instance1/qmem_instance/memory5[59]  
    core_instance1/qmem_instance/memory5[60]  
    core_instance1/qmem_instance/memory5[61]  
    core_instance1/qmem_instance/memory5[62]  
    core_instance1/qmem_instance/memory5[63]  
    core_instance1/qmem_instance/memory4[0]  
    core_instance1/qmem_instance/memory4[1]  
    core_instance1/qmem_instance/memory4[2]  
    core_instance1/qmem_instance/memory4[3]  
    core_instance1/qmem_instance/memory4[4]  
    core_instance1/qmem_instance/memory4[5]  
    core_instance1/qmem_instance/memory4[6]  
    core_instance1/qmem_instance/memory4[7]  
    core_instance1/qmem_instance/memory4[8]  
    core_instance1/qmem_instance/memory4[9]  
    core_instance1/qmem_instance/memory4[10]  
    core_instance1/qmem_instance/memory4[11]  
    core_instance1/qmem_instance/memory4[12]  
    core_instance1/qmem_instance/memory4[13]  
    core_instance1/qmem_instance/memory4[14]  
    core_instance1/qmem_instance/memory4[15]  
    core_instance1/qmem_instance/memory4[16]  
    core_instance1/qmem_instance/memory4[17]  
    core_instance1/qmem_instance/memory4[18]  
    core_instance1/qmem_instance/memory4[19]  
    core_instance1/qmem_instance/memory4[20]  
    core_instance1/qmem_instance/memory4[21]  
    core_instance1/qmem_instance/memory4[22]  
    core_instance1/qmem_instance/memory4[23]  
    core_instance1/qmem_instance/memory4[24]  
    core_instance1/qmem_instance/memory4[25]  
    core_instance1/qmem_instance/memory4[26]  
    core_instance1/qmem_instance/memory4[27]  
    core_instance1/qmem_instance/memory4[28]  
    core_instance1/qmem_instance/memory4[29]  
    core_instance1/qmem_instance/memory4[30]  
    core_instance1/qmem_instance/memory4[31]  
    core_instance1/qmem_instance/memory4[32]  
    core_instance1/qmem_instance/memory4[33]  
    core_instance1/qmem_instance/memory4[34]  
    core_instance1/qmem_instance/memory4[35]  
    core_instance1/qmem_instance/memory4[36]  
    core_instance1/qmem_instance/memory4[37]  
    core_instance1/qmem_instance/memory4[38]  
    core_instance1/qmem_instance/memory4[39]  
    core_instance1/qmem_instance/memory4[40]  
    core_instance1/qmem_instance/memory4[41]  
    core_instance1/qmem_instance/memory4[42]  
    core_instance1/qmem_instance/memory4[43]  
    core_instance1/qmem_instance/memory4[44]  
    core_instance1/qmem_instance/memory4[45]  
    core_instance1/qmem_instance/memory4[46]  
    core_instance1/qmem_instance/memory4[47]  
    core_instance1/qmem_instance/memory4[48]  
    core_instance1/qmem_instance/memory4[49]  
    core_instance1/qmem_instance/memory4[50]  
    core_instance1/qmem_instance/memory4[51]  
    core_instance1/qmem_instance/memory4[52]  
    core_instance1/qmem_instance/memory4[53]  
    core_instance1/qmem_instance/memory4[54]  
    core_instance1/qmem_instance/memory4[55]  
    core_instance1/qmem_instance/memory4[56]  
    core_instance1/qmem_instance/memory4[57]  
    core_instance1/qmem_instance/memory4[58]  
    core_instance1/qmem_instance/memory4[59]  
    core_instance1/qmem_instance/memory4[60]  
    core_instance1/qmem_instance/memory4[61]  
    core_instance1/qmem_instance/memory4[62]  
    core_instance1/qmem_instance/memory4[63]  
    core_instance1/qmem_instance/memory3[0]  
    core_instance1/qmem_instance/memory3[1]  
    core_instance1/qmem_instance/memory3[2]  
    core_instance1/qmem_instance/memory3[3]  
    core_instance1/qmem_instance/memory3[4]  
    core_instance1/qmem_instance/memory3[5]  
    core_instance1/qmem_instance/memory3[6]  
    core_instance1/qmem_instance/memory3[7]  
    core_instance1/qmem_instance/memory3[8]  
    core_instance1/qmem_instance/memory3[9]  
    core_instance1/qmem_instance/memory3[10]  
    core_instance1/qmem_instance/memory3[11]  
    core_instance1/qmem_instance/memory3[12]  
    core_instance1/qmem_instance/memory3[13]  
    core_instance1/qmem_instance/memory3[14]  
    core_instance1/qmem_instance/memory3[15]  
    core_instance1/qmem_instance/memory3[16]  
    core_instance1/qmem_instance/memory3[17]  
    core_instance1/qmem_instance/memory3[18]  
    core_instance1/qmem_instance/memory3[19]  
    core_instance1/qmem_instance/memory3[20]  
    core_instance1/qmem_instance/memory3[21]  
    core_instance1/qmem_instance/memory3[22]  
    core_instance1/qmem_instance/memory3[23]  
    core_instance1/qmem_instance/memory3[24]  
    core_instance1/qmem_instance/memory3[25]  
    core_instance1/qmem_instance/memory3[26]  
    core_instance1/qmem_instance/memory3[27]  
    core_instance1/qmem_instance/memory3[28]  
    core_instance1/qmem_instance/memory3[29]  
    core_instance1/qmem_instance/memory3[30]  
    core_instance1/qmem_instance/memory3[31]  
    core_instance1/qmem_instance/memory3[32]  
    core_instance1/qmem_instance/memory3[33]  
    core_instance1/qmem_instance/memory3[34]  
    core_instance1/qmem_instance/memory3[35]  
    core_instance1/qmem_instance/memory3[36]  
    core_instance1/qmem_instance/memory3[37]  
    core_instance1/qmem_instance/memory3[38]  
    core_instance1/qmem_instance/memory3[39]  
    core_instance1/qmem_instance/memory3[40]  
    core_instance1/qmem_instance/memory3[41]  
    core_instance1/qmem_instance/memory3[42]  
    core_instance1/qmem_instance/memory3[43]  
    core_instance1/qmem_instance/memory3[44]  
    core_instance1/qmem_instance/memory3[45]  
    core_instance1/qmem_instance/memory3[46]  
    core_instance1/qmem_instance/memory3[47]  
    core_instance1/qmem_instance/memory3[48]  
    core_instance1/qmem_instance/memory3[49]  
    core_instance1/qmem_instance/memory3[50]  
    core_instance1/qmem_instance/memory3[51]  
    core_instance1/qmem_instance/memory3[52]  
    core_instance1/qmem_instance/memory3[53]  
    core_instance1/qmem_instance/memory3[54]  
    core_instance1/qmem_instance/memory3[55]  
    core_instance1/qmem_instance/memory3[56]  
    core_instance1/qmem_instance/memory3[57]  
    core_instance1/qmem_instance/memory3[58]  
    core_instance1/qmem_instance/memory3[59]  
    core_instance1/qmem_instance/memory3[60]  
    core_instance1/qmem_instance/memory3[61]  
    core_instance1/qmem_instance/memory3[62]  
    core_instance1/qmem_instance/memory3[63]  
    core_instance1/qmem_instance/memory2[0]  
    core_instance1/qmem_instance/memory2[1]  
    core_instance1/qmem_instance/memory2[2]  
    core_instance1/qmem_instance/memory2[3]  
    core_instance1/qmem_instance/memory2[4]  
    core_instance1/qmem_instance/memory2[5]  
    core_instance1/qmem_instance/memory2[6]  
    core_instance1/qmem_instance/memory2[7]  
    core_instance1/qmem_instance/memory2[8]  
    core_instance1/qmem_instance/memory2[9]  
    core_instance1/qmem_instance/memory2[10]  
    core_instance1/qmem_instance/memory2[11]  
    core_instance1/qmem_instance/memory2[12]  
    core_instance1/qmem_instance/memory2[13]  
    core_instance1/qmem_instance/memory2[14]  
    core_instance1/qmem_instance/memory2[15]  
    core_instance1/qmem_instance/memory2[16]  
    core_instance1/qmem_instance/memory2[17]  
    core_instance1/qmem_instance/memory2[18]  
    core_instance1/qmem_instance/memory2[19]  
    core_instance1/qmem_instance/memory2[20]  
    core_instance1/qmem_instance/memory2[21]  
    core_instance1/qmem_instance/memory2[22]  
    core_instance1/qmem_instance/memory2[23]  
    core_instance1/qmem_instance/memory2[24]  
    core_instance1/qmem_instance/memory2[25]  
    core_instance1/qmem_instance/memory2[26]  
    core_instance1/qmem_instance/memory2[27]  
    core_instance1/qmem_instance/memory2[28]  
    core_instance1/qmem_instance/memory2[29]  
    core_instance1/qmem_instance/memory2[30]  
    core_instance1/qmem_instance/memory2[31]  
    core_instance1/qmem_instance/memory2[32]  
    core_instance1/qmem_instance/memory2[33]  
    core_instance1/qmem_instance/memory2[34]  
    core_instance1/qmem_instance/memory2[35]  
    core_instance1/qmem_instance/memory2[36]  
    core_instance1/qmem_instance/memory2[37]  
    core_instance1/qmem_instance/memory2[38]  
    core_instance1/qmem_instance/memory2[39]  
    core_instance1/qmem_instance/memory2[40]  
    core_instance1/qmem_instance/memory2[41]  
    core_instance1/qmem_instance/memory2[42]  
    core_instance1/qmem_instance/memory2[43]  
    core_instance1/qmem_instance/memory2[44]  
    core_instance1/qmem_instance/memory2[45]  
    core_instance1/qmem_instance/memory2[46]  
    core_instance1/qmem_instance/memory2[47]  
    core_instance1/qmem_instance/memory2[48]  
    core_instance1/qmem_instance/memory2[49]  
    core_instance1/qmem_instance/memory2[50]  
    core_instance1/qmem_instance/memory2[51]  
    core_instance1/qmem_instance/memory2[52]  
    core_instance1/qmem_instance/memory2[53]  
    core_instance1/qmem_instance/memory2[54]  
    core_instance1/qmem_instance/memory2[55]  
    core_instance1/qmem_instance/memory2[56]  
    core_instance1/qmem_instance/memory2[57]  
    core_instance1/qmem_instance/memory2[58]  
    core_instance1/qmem_instance/memory2[59]  
    core_instance1/qmem_instance/memory2[60]  
    core_instance1/qmem_instance/memory2[61]  
    core_instance1/qmem_instance/memory2[62]  
    core_instance1/qmem_instance/memory2[63]  
    core_instance1/qmem_instance/memory1[0]  
    core_instance1/qmem_instance/memory1[1]  
    core_instance1/qmem_instance/memory1[2]  
    core_instance1/qmem_instance/memory1[3]  
    core_instance1/qmem_instance/memory1[4]  
    core_instance1/qmem_instance/memory1[5]  
    core_instance1/qmem_instance/memory1[6]  
    core_instance1/qmem_instance/memory1[7]  
    core_instance1/qmem_instance/memory1[8]  
    core_instance1/qmem_instance/memory1[9]  
    core_instance1/qmem_instance/memory1[10]  
    core_instance1/qmem_instance/memory1[11]  
    core_instance1/qmem_instance/memory1[12]  
    core_instance1/qmem_instance/memory1[13]  
    core_instance1/qmem_instance/memory1[14]  
    core_instance1/qmem_instance/memory1[15]  
    core_instance1/qmem_instance/memory1[16]  
    core_instance1/qmem_instance/memory1[17]  
    core_instance1/qmem_instance/memory1[18]  
    core_instance1/qmem_instance/memory1[19]  
    core_instance1/qmem_instance/memory1[20]  
    core_instance1/qmem_instance/memory1[21]  
    core_instance1/qmem_instance/memory1[22]  
    core_instance1/qmem_instance/memory1[23]  
    core_instance1/qmem_instance/memory1[24]  
    core_instance1/qmem_instance/memory1[25]  
    core_instance1/qmem_instance/memory1[26]  
    core_instance1/qmem_instance/memory1[27]  
    core_instance1/qmem_instance/memory1[28]  
    core_instance1/qmem_instance/memory1[29]  
    core_instance1/qmem_instance/memory1[30]  
    core_instance1/qmem_instance/memory1[31]  
    core_instance1/qmem_instance/memory1[32]  
    core_instance1/qmem_instance/memory1[33]  
    core_instance1/qmem_instance/memory1[34]  
    core_instance1/qmem_instance/memory1[35]  
    core_instance1/qmem_instance/memory1[36]  
    core_instance1/qmem_instance/memory1[37]  
    core_instance1/qmem_instance/memory1[38]  
    core_instance1/qmem_instance/memory1[39]  
    core_instance1/qmem_instance/memory1[40]  
    core_instance1/qmem_instance/memory1[41]  
    core_instance1/qmem_instance/memory1[42]  
    core_instance1/qmem_instance/memory1[43]  
    core_instance1/qmem_instance/memory1[44]  
    core_instance1/qmem_instance/memory1[45]  
    core_instance1/qmem_instance/memory1[46]  
    core_instance1/qmem_instance/memory1[47]  
    core_instance1/qmem_instance/memory1[48]  
    core_instance1/qmem_instance/memory1[49]  
    core_instance1/qmem_instance/memory1[50]  
    core_instance1/qmem_instance/memory1[51]  
    core_instance1/qmem_instance/memory1[52]  
    core_instance1/qmem_instance/memory1[53]  
    core_instance1/qmem_instance/memory1[54]  
    core_instance1/qmem_instance/memory1[55]  
    core_instance1/qmem_instance/memory1[56]  
    core_instance1/qmem_instance/memory1[57]  
    core_instance1/qmem_instance/memory1[58]  
    core_instance1/qmem_instance/memory1[59]  
    core_instance1/qmem_instance/memory1[60]  
    core_instance1/qmem_instance/memory1[61]  
    core_instance1/qmem_instance/memory1[62]  
    core_instance1/qmem_instance/memory1[63]  
    core_instance1/qmem_instance/memory0[0]  
    core_instance1/qmem_instance/memory0[1]  
    core_instance1/qmem_instance/memory0[2]  
    core_instance1/qmem_instance/memory0[3]  
    core_instance1/qmem_instance/memory0[4]  
    core_instance1/qmem_instance/memory0[5]  
    core_instance1/qmem_instance/memory0[6]  
    core_instance1/qmem_instance/memory0[7]  
    core_instance1/qmem_instance/memory0[8]  
    core_instance1/qmem_instance/memory0[9]  
    core_instance1/qmem_instance/memory0[10]  
    core_instance1/qmem_instance/memory0[11]  
    core_instance1/qmem_instance/memory0[12]  
    core_instance1/qmem_instance/memory0[13]  
    core_instance1/qmem_instance/memory0[14]  
    core_instance1/qmem_instance/memory0[15]  
    core_instance1/qmem_instance/memory0[16]  
    core_instance1/qmem_instance/memory0[17]  
    core_instance1/qmem_instance/memory0[18]  
    core_instance1/qmem_instance/memory0[19]  
    core_instance1/qmem_instance/memory0[20]  
    core_instance1/qmem_instance/memory0[21]  
    core_instance1/qmem_instance/memory0[22]  
    core_instance1/qmem_instance/memory0[23]  
    core_instance1/qmem_instance/memory0[24]  
    core_instance1/qmem_instance/memory0[25]  
    core_instance1/qmem_instance/memory0[26]  
    core_instance1/qmem_instance/memory0[27]  
    core_instance1/qmem_instance/memory0[28]  
    core_instance1/qmem_instance/memory0[29]  
    core_instance1/qmem_instance/memory0[30]  
    core_instance1/qmem_instance/memory0[31]  
    core_instance1/qmem_instance/memory0[32]  
    core_instance1/qmem_instance/memory0[33]  
    core_instance1/qmem_instance/memory0[34]  
    core_instance1/qmem_instance/memory0[35]  
    core_instance1/qmem_instance/memory0[36]  
    core_instance1/qmem_instance/memory0[37]  
    core_instance1/qmem_instance/memory0[38]  
    core_instance1/qmem_instance/memory0[39]  
    core_instance1/qmem_instance/memory0[40]  
    core_instance1/qmem_instance/memory0[41]  
    core_instance1/qmem_instance/memory0[42]  
    core_instance1/qmem_instance/memory0[43]  
    core_instance1/qmem_instance/memory0[44]  
    core_instance1/qmem_instance/memory0[45]  
    core_instance1/qmem_instance/memory0[46]  
    core_instance1/qmem_instance/memory0[47]  
    core_instance1/qmem_instance/memory0[48]  
    core_instance1/qmem_instance/memory0[49]  
    core_instance1/qmem_instance/memory0[50]  
    core_instance1/qmem_instance/memory0[51]  
    core_instance1/qmem_instance/memory0[52]  
    core_instance1/qmem_instance/memory0[53]  
    core_instance1/qmem_instance/memory0[54]  
    core_instance1/qmem_instance/memory0[55]  
    core_instance1/qmem_instance/memory0[56]  
    core_instance1/qmem_instance/memory0[57]  
    core_instance1/qmem_instance/memory0[58]  
    core_instance1/qmem_instance/memory0[59]  
    core_instance1/qmem_instance/memory0[60]  
    core_instance1/qmem_instance/memory0[61]  
    core_instance1/qmem_instance/memory0[62]  
    core_instance1/qmem_instance/memory0[63]  
    core_instance1/qmem_instance/N226  
    core_instance1/qmem_instance/N225  
    core_instance1/qmem_instance/N224  
    core_instance1/qmem_instance/N223  
    core_instance1/qmem_instance/N222  
    core_instance1/qmem_instance/N221  
    core_instance1/qmem_instance/N220  
    core_instance1/qmem_instance/N219  
    core_instance1/qmem_instance/N218  
    core_instance1/qmem_instance/N217  
    core_instance1/qmem_instance/N216  
    core_instance1/qmem_instance/N215  
    core_instance1/qmem_instance/N214  
    core_instance1/qmem_instance/N213  
    core_instance1/qmem_instance/N212  
    core_instance1/qmem_instance/N211  
    core_instance1/qmem_instance/N210  
    core_instance1/qmem_instance/N209  
    core_instance1/qmem_instance/N208  
    core_instance1/qmem_instance/N207  
    core_instance1/qmem_instance/N206  
    core_instance1/qmem_instance/N205  
    core_instance1/qmem_instance/N204  
    core_instance1/qmem_instance/N203  
    core_instance1/qmem_instance/N202  
    core_instance1/qmem_instance/N201  
    core_instance1/qmem_instance/N200  
    core_instance1/qmem_instance/N199  
    core_instance1/qmem_instance/N198  
    core_instance1/qmem_instance/N197  
    core_instance1/qmem_instance/N196  
    core_instance1/qmem_instance/N195  
    core_instance1/qmem_instance/N194  
    core_instance1/qmem_instance/N193  
    core_instance1/qmem_instance/N192  
    core_instance1/qmem_instance/N191  
    core_instance1/qmem_instance/N190  
    core_instance1/qmem_instance/N189  
    core_instance1/qmem_instance/N188  
    core_instance1/qmem_instance/N187  
    core_instance1/qmem_instance/N186  
    core_instance1/qmem_instance/N185  
    core_instance1/qmem_instance/N184  
    core_instance1/qmem_instance/N183  
    core_instance1/qmem_instance/N182  
    core_instance1/qmem_instance/N181  
    core_instance1/qmem_instance/N180  
    core_instance1/qmem_instance/N179  
    core_instance1/qmem_instance/N178  
    core_instance1/qmem_instance/N177  
    core_instance1/qmem_instance/N176  
    core_instance1/qmem_instance/N175  
    core_instance1/qmem_instance/N174  
    core_instance1/qmem_instance/N173  
    core_instance1/qmem_instance/N172  
    core_instance1/qmem_instance/N171  
    core_instance1/qmem_instance/N170  
    core_instance1/qmem_instance/N169  
    core_instance1/qmem_instance/N168  
    core_instance1/qmem_instance/N167  
    core_instance1/qmem_instance/N166  
    core_instance1/qmem_instance/N165  
    core_instance1/qmem_instance/N164  
    core_instance1/qmem_instance/N163  
    core_instance1/qmem_instance/N162  
    core_instance1/qmem_instance/N161  
    core_instance1/qmem_instance/N160  
    core_instance1/qmem_instance/N159  
    core_instance1/qmem_instance/N158  
    core_instance1/qmem_instance/N157  
    core_instance1/qmem_instance/N156  
    core_instance1/qmem_instance/N155  
    core_instance1/qmem_instance/N154  
    core_instance1/qmem_instance/N153  
    core_instance1/qmem_instance/N152  
    core_instance1/qmem_instance/N151  
    core_instance1/qmem_instance/N150  
    core_instance1/qmem_instance/N149  
    core_instance1/qmem_instance/N148  
    core_instance1/qmem_instance/N147  
    core_instance1/qmem_instance/N146  
    core_instance1/qmem_instance/N145  
    core_instance1/qmem_instance/N144  
    core_instance1/qmem_instance/N143  
    core_instance1/qmem_instance/N142  
    core_instance1/qmem_instance/N141  
    core_instance1/qmem_instance/N140  
    core_instance1/qmem_instance/N139  
    core_instance1/qmem_instance/N138  
    core_instance1/qmem_instance/N137  
    core_instance1/qmem_instance/N136  
    core_instance1/qmem_instance/N135  
    core_instance1/qmem_instance/N134  
    core_instance1/qmem_instance/N133  
    core_instance1/qmem_instance/N132  
    core_instance1/qmem_instance/N131  
    core_instance1/qmem_instance/N130  
    core_instance1/qmem_instance/N129  
    core_instance1/qmem_instance/N128  
    core_instance1/qmem_instance/N127  
    core_instance1/qmem_instance/N126  
    core_instance1/qmem_instance/N125  
    core_instance1/qmem_instance/N124  
    core_instance1/qmem_instance/N123  
    core_instance1/qmem_instance/N122  
    core_instance1/qmem_instance/N121  
    core_instance1/qmem_instance/N120  
    core_instance1/qmem_instance/N119  
    core_instance1/qmem_instance/N118  
    core_instance1/qmem_instance/N117  
    core_instance1/qmem_instance/N116  
    core_instance1/qmem_instance/N115  
    core_instance1/qmem_instance/N114  
    core_instance1/qmem_instance/N113  
    core_instance1/qmem_instance/N112  
    core_instance1/qmem_instance/N111  
    core_instance1/qmem_instance/N110  
    core_instance1/qmem_instance/N109  
    core_instance1/qmem_instance/N108  
    core_instance1/qmem_instance/N107  
    core_instance1/qmem_instance/N106  
    core_instance1/qmem_instance/N105  
    core_instance1/qmem_instance/N104  
    core_instance1/qmem_instance/N103  
    core_instance1/qmem_instance/N102  
    core_instance1/qmem_instance/N101  
    core_instance1/qmem_instance/N100  
    core_instance1/qmem_instance/N99  
    core_instance1/qmem_instance/N98  
    core_instance1/qmem_instance/N97  
    core_instance1/qmem_instance/N96  
    core_instance1/qmem_instance/N95  
    core_instance1/qmem_instance/N94  
    core_instance1/qmem_instance/N93  
    core_instance1/qmem_instance/N92  
    core_instance1/qmem_instance/N91  
    core_instance1/qmem_instance/N90  
    core_instance1/qmem_instance/N89  
    core_instance1/qmem_instance/N88  
    core_instance1/qmem_instance/N87  
    core_instance1/qmem_instance/N86  
    core_instance1/qmem_instance/N85  
    core_instance1/qmem_instance/N84  
    core_instance1/qmem_instance/N83  
    core_instance1/qmem_instance/N82  
    core_instance1/qmem_instance/N81  
    core_instance1/qmem_instance/N80  
    core_instance1/qmem_instance/N79  
    core_instance1/qmem_instance/N78  
    core_instance1/qmem_instance/N77  
    core_instance1/qmem_instance/N76  
    core_instance1/qmem_instance/N75  
    core_instance1/qmem_instance/N74  
    core_instance1/qmem_instance/N73  
    core_instance1/qmem_instance/N72  
    core_instance1/qmem_instance/N71  
    core_instance1/qmem_instance/N70  
    core_instance1/qmem_instance/N69  
    core_instance1/qmem_instance/N68  
    core_instance1/qmem_instance/N67  
    core_instance1/qmem_instance/N66  
    core_instance1/qmem_instance/N65  
    core_instance1/qmem_instance/N64  
    core_instance1/qmem_instance/N63  
    core_instance1/qmem_instance/N62  
    core_instance1/qmem_instance/N61  
    core_instance1/qmem_instance/N60  
    core_instance1/qmem_instance/N59  
    core_instance1/qmem_instance/N58  
    core_instance1/qmem_instance/N57  
    core_instance1/qmem_instance/N56  
    core_instance1/qmem_instance/N55  
    core_instance1/qmem_instance/N54  
    core_instance1/qmem_instance/N53  
    core_instance1/qmem_instance/N52  
    core_instance1/qmem_instance/N51  
    core_instance1/qmem_instance/N50  
    core_instance1/qmem_instance/N49  
    core_instance1/qmem_instance/N48  
    core_instance1/qmem_instance/N47  
    core_instance1/qmem_instance/N46  
    core_instance1/qmem_instance/N45  
    core_instance1/qmem_instance/N44  
    core_instance1/qmem_instance/N43  
    core_instance1/qmem_instance/N42  
    core_instance1/qmem_instance/N41  
    core_instance1/qmem_instance/N40  
    core_instance1/qmem_instance/N39  
    core_instance1/qmem_instance/N38  
    core_instance1/qmem_instance/N37  
    core_instance1/qmem_instance/N36  
    core_instance1/qmem_instance/N35  
    core_instance1/qmem_instance/N34  
    core_instance1/qmem_instance/N33  
    core_instance1/qmem_instance/N32  
    core_instance1/qmem_instance/N31  
    core_instance1/qmem_instance/N30  
    core_instance1/qmem_instance/N29  
    core_instance1/qmem_instance/N28  
    core_instance1/qmem_instance/N27  
    core_instance1/qmem_instance/N26  
    core_instance1/qmem_instance/N25  
    core_instance1/qmem_instance/N24  
    core_instance1/qmem_instance/N23  
    core_instance1/qmem_instance/N22  
    core_instance1/qmem_instance/N21  
    core_instance1/qmem_instance/N20  
    core_instance1/qmem_instance/N19  
    core_instance1/qmem_instance/N18  
    core_instance1/qmem_instance/N17  
    core_instance1/qmem_instance/N16  
    core_instance1/qmem_instance/N15  
    core_instance1/qmem_instance/N14  
    core_instance1/qmem_instance/N13  
    core_instance1/qmem_instance/N12  
    core_instance1/qmem_instance/N11  
    core_instance1/qmem_instance/N10  
    core_instance1/qmem_instance/N9  
    core_instance1/qmem_instance/N8  
    core_instance1/qmem_instance/N7  
    core_instance1/qmem_instance/N6  
    core_instance1/qmem_instance/N5  
    core_instance1/qmem_instance/N4  
    core_instance1/qmem_instance/N3  
    core_instance1/qmem_instance/N2  
    core_instance1/qmem_instance/N1  
    core_instance1/qmem_instance/N0  
    core_instance1/array_out[19]  
    core_instance1/array_out[39]  
    core_instance1/array_out[59]  
    core_instance1/array_out[79]  
    core_instance1/array_out[99]  
    core_instance1/array_out[119]  
    core_instance1/array_out[139]  
    core_instance1/array_out[159]  
    core_instance1/qmem_out[0]  
    core_instance1/qmem_out[1]  
    core_instance1/qmem_out[2]  
    core_instance1/qmem_out[3]  
    core_instance1/qmem_out[4]  
    core_instance1/qmem_out[5]  
    core_instance1/qmem_out[6]  
    core_instance1/qmem_out[7]  
    core_instance1/qmem_out[8]  
    core_instance1/qmem_out[9]  
    core_instance1/qmem_out[10]  
    core_instance1/qmem_out[11]  
    core_instance1/qmem_out[12]  
    core_instance1/qmem_out[13]  
    core_instance1/qmem_out[14]  
    core_instance1/qmem_out[15]  
    core_instance1/qmem_out[16]  
    core_instance1/qmem_out[17]  
    core_instance1/qmem_out[18]  
    core_instance1/qmem_out[19]  
    core_instance1/qmem_out[20]  
    core_instance1/qmem_out[21]  
    core_instance1/qmem_out[22]  
    core_instance1/qmem_out[23]  
    core_instance1/qmem_out[24]  
    core_instance1/qmem_out[25]  
    core_instance1/qmem_out[26]  
    core_instance1/qmem_out[27]  
    core_instance1/qmem_out[28]  
    core_instance1/qmem_out[29]  
    core_instance1/qmem_out[30]  
    core_instance1/qmem_out[31]  
    core_instance1/qmem_out[32]  
    core_instance1/qmem_out[33]  
    core_instance1/qmem_out[34]  
    core_instance1/qmem_out[35]  
    core_instance1/qmem_out[36]  
    core_instance1/qmem_out[37]  
    core_instance1/qmem_out[38]  
    core_instance1/qmem_out[39]  
    core_instance1/qmem_out[40]  
    core_instance1/qmem_out[41]  
    core_instance1/qmem_out[42]  
    core_instance1/qmem_out[43]  
    core_instance1/qmem_out[44]  
    core_instance1/qmem_out[45]  
    core_instance1/qmem_out[46]  
    core_instance1/qmem_out[47]  
    core_instance1/qmem_out[48]  
    core_instance1/qmem_out[49]  
    core_instance1/qmem_out[50]  
    core_instance1/qmem_out[51]  
    core_instance1/qmem_out[52]  
    core_instance1/qmem_out[53]  
    core_instance1/qmem_out[54]  
    core_instance1/qmem_out[55]  
    core_instance1/qmem_out[56]  
    core_instance1/qmem_out[57]  
    core_instance1/qmem_out[58]  
    core_instance1/qmem_out[59]  
    core_instance1/qmem_out[60]  
    core_instance1/qmem_out[61]  
    core_instance1/qmem_out[62]  
    core_instance1/qmem_out[63]  
    core_instance1/kmem_out[0]  
    core_instance1/kmem_out[1]  
    core_instance1/kmem_out[2]  
    core_instance1/kmem_out[3]  
    core_instance1/kmem_out[4]  
    core_instance1/kmem_out[5]  
    core_instance1/kmem_out[6]  
    core_instance1/kmem_out[7]  
    core_instance1/kmem_out[8]  
    core_instance1/kmem_out[9]  
    core_instance1/kmem_out[10]  
    core_instance1/kmem_out[11]  
    core_instance1/kmem_out[12]  
    core_instance1/kmem_out[13]  
    core_instance1/kmem_out[14]  
    core_instance1/kmem_out[15]  
    core_instance1/kmem_out[16]  
    core_instance1/kmem_out[17]  
    core_instance1/kmem_out[18]  
    core_instance1/kmem_out[19]  
    core_instance1/kmem_out[20]  
    core_instance1/kmem_out[21]  
    core_instance1/kmem_out[22]  
    core_instance1/kmem_out[23]  
    core_instance1/kmem_out[24]  
    core_instance1/kmem_out[25]  
    core_instance1/kmem_out[26]  
    core_instance1/kmem_out[27]  
    core_instance1/kmem_out[28]  
    core_instance1/kmem_out[29]  
    core_instance1/kmem_out[30]  
    core_instance1/kmem_out[31]  
    core_instance1/kmem_out[32]  
    core_instance1/kmem_out[33]  
    core_instance1/kmem_out[34]  
    core_instance1/kmem_out[35]  
    core_instance1/kmem_out[36]  
    core_instance1/kmem_out[37]  
    core_instance1/kmem_out[38]  
    core_instance1/kmem_out[39]  
    core_instance1/kmem_out[40]  
    core_instance1/kmem_out[41]  
    core_instance1/kmem_out[42]  
    core_instance1/kmem_out[43]  
    core_instance1/kmem_out[44]  
    core_instance1/kmem_out[45]  
    core_instance1/kmem_out[46]  
    core_instance1/kmem_out[47]  
    core_instance1/kmem_out[48]  
    core_instance1/kmem_out[49]  
    core_instance1/kmem_out[50]  
    core_instance1/kmem_out[51]  
    core_instance1/kmem_out[52]  
    core_instance1/kmem_out[53]  
    core_instance1/kmem_out[54]  
    core_instance1/kmem_out[55]  
    core_instance1/kmem_out[56]  
    core_instance1/kmem_out[57]  
    core_instance1/kmem_out[58]  
    core_instance1/kmem_out[59]  
    core_instance1/kmem_out[60]  
    core_instance1/kmem_out[61]  
    core_instance1/kmem_out[62]  
    core_instance1/kmem_out[63]  
    core_instance1/SYNOPSYS_UNCONNECTED_7  
    core_instance1/SYNOPSYS_UNCONNECTED_6  
    core_instance1/SYNOPSYS_UNCONNECTED_5  
    core_instance1/SYNOPSYS_UNCONNECTED_4  
    core_instance1/SYNOPSYS_UNCONNECTED_3  
    core_instance1/SYNOPSYS_UNCONNECTED_2  
    core_instance1/SYNOPSYS_UNCONNECTED_1  
    core_instance1/sparse_row  
    core_instance0/sfp_instance/fifo_inst_int/fifo_mux_16_1a/mux_8_1b/SYNOPSYS_UNCONNECTED_49  
    core_instance0/sfp_instance/fifo_inst_int/fifo_mux_16_1a/mux_8_1b/SYNOPSYS_UNCONNECTED_48  
    core_instance0/sfp_instance/fifo_inst_int/fifo_mux_16_1a/mux_8_1b/SYNOPSYS_UNCONNECTED_47  
    core_instance0/sfp_instance/fifo_inst_int/fifo_mux_16_1a/mux_8_1b/SYNOPSYS_UNCONNECTED_46  
    core_instance0/sfp_instance/fifo_inst_int/fifo_mux_16_1a/mux_8_1b/SYNOPSYS_UNCONNECTED_45  
    core_instance0/sfp_instance/fifo_inst_int/fifo_mux_16_1a/mux_8_1b/SYNOPSYS_UNCONNECTED_44  
    core_instance0/sfp_instance/fifo_inst_int/fifo_mux_16_1a/mux_8_1b/SYNOPSYS_UNCONNECTED_43  
    core_instance0/sfp_instance/fifo_inst_int/fifo_mux_16_1a/mux_8_1b/SYNOPSYS_UNCONNECTED_42  
    core_instance0/sfp_instance/fifo_inst_int/fifo_mux_16_1a/mux_8_1b/SYNOPSYS_UNCONNECTED_41  
    core_instance0/sfp_instance/fifo_inst_int/fifo_mux_16_1a/mux_8_1b/SYNOPSYS_UNCONNECTED_40  
    core_instance0/sfp_instance/fifo_inst_int/fifo_mux_16_1a/mux_8_1b/SYNOPSYS_UNCONNECTED_39  
    core_instance0/sfp_instance/fifo_inst_int/fifo_mux_16_1a/mux_8_1b/SYNOPSYS_UNCONNECTED_38  
    core_instance0/sfp_instance/fifo_inst_int/fifo_mux_16_1a/mux_8_1b/SYNOPSYS_UNCONNECTED_37  
    core_instance0/sfp_instance/fifo_inst_int/fifo_mux_16_1a/mux_8_1b/SYNOPSYS_UNCONNECTED_36  
    core_instance0/sfp_instance/fifo_inst_int/fifo_mux_16_1a/mux_8_1b/SYNOPSYS_UNCONNECTED_35  
    core_instance0/sfp_instance/fifo_inst_int/fifo_mux_16_1a/mux_8_1b/SYNOPSYS_UNCONNECTED_34  
    core_instance0/sfp_instance/fifo_inst_int/fifo_mux_16_1a/mux_8_1b/SYNOPSYS_UNCONNECTED_33  
    core_instance0/sfp_instance/fifo_inst_int/fifo_mux_16_1a/mux_8_1b/SYNOPSYS_UNCONNECTED_32  
    core_instance0/sfp_instance/fifo_inst_int/fifo_mux_16_1a/mux_8_1b/SYNOPSYS_UNCONNECTED_31  
    core_instance0/sfp_instance/fifo_inst_int/fifo_mux_16_1a/mux_8_1b/SYNOPSYS_UNCONNECTED_30  
    core_instance0/sfp_instance/fifo_inst_int/fifo_mux_16_1a/mux_8_1b/SYNOPSYS_UNCONNECTED_29  
    core_instance0/sfp_instance/fifo_inst_int/fifo_mux_16_1a/mux_8_1b/SYNOPSYS_UNCONNECTED_28  
    core_instance0/sfp_instance/fifo_inst_int/fifo_mux_16_1a/mux_8_1b/SYNOPSYS_UNCONNECTED_27  
    core_instance0/sfp_instance/fifo_inst_int/fifo_mux_16_1a/mux_8_1b/SYNOPSYS_UNCONNECTED_26  
    core_instance0/sfp_instance/fifo_inst_int/fifo_mux_16_1a/mux_8_1b/SYNOPSYS_UNCONNECTED_25  
    core_instance0/sfp_instance/fifo_inst_int/fifo_mux_16_1a/mux_8_1b/SYNOPSYS_UNCONNECTED_24  
    core_instance0/sfp_instance/fifo_inst_int/fifo_mux_16_1a/mux_8_1b/SYNOPSYS_UNCONNECTED_23  
    core_instance0/sfp_instance/fifo_inst_int/fifo_mux_16_1a/mux_8_1b/SYNOPSYS_UNCONNECTED_22  
    core_instance0/sfp_instance/fifo_inst_int/fifo_mux_16_1a/mux_8_1b/SYNOPSYS_UNCONNECTED_21  
    core_instance0/sfp_instance/fifo_inst_int/fifo_mux_16_1a/mux_8_1b/SYNOPSYS_UNCONNECTED_20  
    core_instance0/sfp_instance/fifo_inst_int/fifo_mux_16_1a/mux_8_1b/SYNOPSYS_UNCONNECTED_19  
    core_instance0/sfp_instance/fifo_inst_int/fifo_mux_16_1a/mux_8_1b/SYNOPSYS_UNCONNECTED_18  
    core_instance0/sfp_instance/fifo_inst_int/fifo_mux_16_1a/mux_8_1b/SYNOPSYS_UNCONNECTED_17  
    core_instance0/sfp_instance/fifo_inst_int/fifo_mux_16_1a/mux_8_1b/SYNOPSYS_UNCONNECTED_16  
    core_instance0/sfp_instance/fifo_inst_int/fifo_mux_16_1a/mux_8_1b/SYNOPSYS_UNCONNECTED_15  
    core_instance0/sfp_instance/fifo_inst_int/fifo_mux_16_1a/mux_8_1b/SYNOPSYS_UNCONNECTED_14  
    core_instance0/sfp_instance/fifo_inst_int/fifo_mux_16_1a/mux_8_1b/SYNOPSYS_UNCONNECTED_13  
    core_instance0/sfp_instance/fifo_inst_int/fifo_mux_16_1a/mux_8_1b/SYNOPSYS_UNCONNECTED_12  
    core_instance0/sfp_instance/fifo_inst_int/fifo_mux_16_1a/mux_8_1b/SYNOPSYS_UNCONNECTED_11  
    core_instance0/sfp_instance/fifo_inst_int/fifo_mux_16_1a/mux_8_1b/SYNOPSYS_UNCONNECTED_10  
    core_instance0/sfp_instance/fifo_inst_int/fifo_mux_16_1a/mux_8_1b/SYNOPSYS_UNCONNECTED_9  
    core_instance0/sfp_instance/fifo_inst_int/fifo_mux_16_1a/mux_8_1b/SYNOPSYS_UNCONNECTED_8  
    core_instance0/sfp_instance/fifo_inst_int/fifo_mux_16_1a/mux_8_1b/SYNOPSYS_UNCONNECTED_7  
    core_instance0/sfp_instance/fifo_inst_int/fifo_mux_16_1a/mux_8_1b/SYNOPSYS_UNCONNECTED_6  
    core_instance0/sfp_instance/fifo_inst_int/fifo_mux_16_1a/mux_8_1b/SYNOPSYS_UNCONNECTED_5  
    core_instance0/sfp_instance/fifo_inst_int/fifo_mux_16_1a/mux_8_1b/SYNOPSYS_UNCONNECTED_4  
    core_instance0/sfp_instance/fifo_inst_int/fifo_mux_16_1a/mux_8_1b/SYNOPSYS_UNCONNECTED_3  
    core_instance0/sfp_instance/fifo_inst_int/fifo_mux_16_1a/mux_8_1b/SYNOPSYS_UNCONNECTED_2  
    core_instance0/sfp_instance/fifo_inst_int/fifo_mux_16_1a/mux_8_1b/SYNOPSYS_UNCONNECTED_1  
    core_instance0/sfp_instance/fifo_inst_int/fifo_mux_16_1a/mux_8_1a/SYNOPSYS_UNCONNECTED_49  
    core_instance0/sfp_instance/fifo_inst_int/fifo_mux_16_1a/mux_8_1a/SYNOPSYS_UNCONNECTED_48  
    core_instance0/sfp_instance/fifo_inst_int/fifo_mux_16_1a/mux_8_1a/SYNOPSYS_UNCONNECTED_47  
    core_instance0/sfp_instance/fifo_inst_int/fifo_mux_16_1a/mux_8_1a/SYNOPSYS_UNCONNECTED_46  
    core_instance0/sfp_instance/fifo_inst_int/fifo_mux_16_1a/mux_8_1a/SYNOPSYS_UNCONNECTED_45  
    core_instance0/sfp_instance/fifo_inst_int/fifo_mux_16_1a/mux_8_1a/SYNOPSYS_UNCONNECTED_44  
    core_instance0/sfp_instance/fifo_inst_int/fifo_mux_16_1a/mux_8_1a/SYNOPSYS_UNCONNECTED_43  
    core_instance0/sfp_instance/fifo_inst_int/fifo_mux_16_1a/mux_8_1a/SYNOPSYS_UNCONNECTED_42  
    core_instance0/sfp_instance/fifo_inst_int/fifo_mux_16_1a/mux_8_1a/SYNOPSYS_UNCONNECTED_41  
    core_instance0/sfp_instance/fifo_inst_int/fifo_mux_16_1a/mux_8_1a/SYNOPSYS_UNCONNECTED_40  
    core_instance0/sfp_instance/fifo_inst_int/fifo_mux_16_1a/mux_8_1a/SYNOPSYS_UNCONNECTED_39  
    core_instance0/sfp_instance/fifo_inst_int/fifo_mux_16_1a/mux_8_1a/SYNOPSYS_UNCONNECTED_38  
    core_instance0/sfp_instance/fifo_inst_int/fifo_mux_16_1a/mux_8_1a/SYNOPSYS_UNCONNECTED_37  
    core_instance0/sfp_instance/fifo_inst_int/fifo_mux_16_1a/mux_8_1a/SYNOPSYS_UNCONNECTED_36  
    core_instance0/sfp_instance/fifo_inst_int/fifo_mux_16_1a/mux_8_1a/SYNOPSYS_UNCONNECTED_35  
    core_instance0/sfp_instance/fifo_inst_int/fifo_mux_16_1a/mux_8_1a/SYNOPSYS_UNCONNECTED_34  
    core_instance0/sfp_instance/fifo_inst_int/fifo_mux_16_1a/mux_8_1a/SYNOPSYS_UNCONNECTED_33  
    core_instance0/sfp_instance/fifo_inst_int/fifo_mux_16_1a/mux_8_1a/SYNOPSYS_UNCONNECTED_32  
    core_instance0/sfp_instance/fifo_inst_int/fifo_mux_16_1a/mux_8_1a/SYNOPSYS_UNCONNECTED_31  
    core_instance0/sfp_instance/fifo_inst_int/fifo_mux_16_1a/mux_8_1a/SYNOPSYS_UNCONNECTED_30  
    core_instance0/sfp_instance/fifo_inst_int/fifo_mux_16_1a/mux_8_1a/SYNOPSYS_UNCONNECTED_29  
    core_instance0/sfp_instance/fifo_inst_int/fifo_mux_16_1a/mux_8_1a/SYNOPSYS_UNCONNECTED_28  
    core_instance0/sfp_instance/fifo_inst_int/fifo_mux_16_1a/mux_8_1a/SYNOPSYS_UNCONNECTED_27  
    core_instance0/sfp_instance/fifo_inst_int/fifo_mux_16_1a/mux_8_1a/SYNOPSYS_UNCONNECTED_26  
    core_instance0/sfp_instance/fifo_inst_int/fifo_mux_16_1a/mux_8_1a/SYNOPSYS_UNCONNECTED_25  
    core_instance0/sfp_instance/fifo_inst_int/fifo_mux_16_1a/mux_8_1a/SYNOPSYS_UNCONNECTED_24  
    core_instance0/sfp_instance/fifo_inst_int/fifo_mux_16_1a/mux_8_1a/SYNOPSYS_UNCONNECTED_23  
    core_instance0/sfp_instance/fifo_inst_int/fifo_mux_16_1a/mux_8_1a/SYNOPSYS_UNCONNECTED_22  
    core_instance0/sfp_instance/fifo_inst_int/fifo_mux_16_1a/mux_8_1a/SYNOPSYS_UNCONNECTED_21  
    core_instance0/sfp_instance/fifo_inst_int/fifo_mux_16_1a/mux_8_1a/SYNOPSYS_UNCONNECTED_20  
    core_instance0/sfp_instance/fifo_inst_int/fifo_mux_16_1a/mux_8_1a/SYNOPSYS_UNCONNECTED_19  
    core_instance0/sfp_instance/fifo_inst_int/fifo_mux_16_1a/mux_8_1a/SYNOPSYS_UNCONNECTED_18  
    core_instance0/sfp_instance/fifo_inst_int/fifo_mux_16_1a/mux_8_1a/SYNOPSYS_UNCONNECTED_17  
    core_instance0/sfp_instance/fifo_inst_int/fifo_mux_16_1a/mux_8_1a/SYNOPSYS_UNCONNECTED_16  
    core_instance0/sfp_instance/fifo_inst_int/fifo_mux_16_1a/mux_8_1a/SYNOPSYS_UNCONNECTED_15  
    core_instance0/sfp_instance/fifo_inst_int/fifo_mux_16_1a/mux_8_1a/SYNOPSYS_UNCONNECTED_14  
    core_instance0/sfp_instance/fifo_inst_int/fifo_mux_16_1a/mux_8_1a/SYNOPSYS_UNCONNECTED_13  
    core_instance0/sfp_instance/fifo_inst_int/fifo_mux_16_1a/mux_8_1a/SYNOPSYS_UNCONNECTED_12  
    core_instance0/sfp_instance/fifo_inst_int/fifo_mux_16_1a/mux_8_1a/SYNOPSYS_UNCONNECTED_11  
    core_instance0/sfp_instance/fifo_inst_int/fifo_mux_16_1a/mux_8_1a/SYNOPSYS_UNCONNECTED_10  
    core_instance0/sfp_instance/fifo_inst_int/fifo_mux_16_1a/mux_8_1a/SYNOPSYS_UNCONNECTED_9  
    core_instance0/sfp_instance/fifo_inst_int/fifo_mux_16_1a/mux_8_1a/SYNOPSYS_UNCONNECTED_8  
    core_instance0/sfp_instance/fifo_inst_int/fifo_mux_16_1a/mux_8_1a/SYNOPSYS_UNCONNECTED_7  
    core_instance0/sfp_instance/fifo_inst_int/fifo_mux_16_1a/mux_8_1a/SYNOPSYS_UNCONNECTED_6  
    core_instance0/sfp_instance/fifo_inst_int/fifo_mux_16_1a/mux_8_1a/SYNOPSYS_UNCONNECTED_5  
    core_instance0/sfp_instance/fifo_inst_int/fifo_mux_16_1a/mux_8_1a/SYNOPSYS_UNCONNECTED_4  
    core_instance0/sfp_instance/fifo_inst_int/fifo_mux_16_1a/mux_8_1a/SYNOPSYS_UNCONNECTED_3  
    core_instance0/sfp_instance/fifo_inst_int/fifo_mux_16_1a/mux_8_1a/SYNOPSYS_UNCONNECTED_2  
    core_instance0/sfp_instance/fifo_inst_int/fifo_mux_16_1a/mux_8_1a/SYNOPSYS_UNCONNECTED_1  
    core_instance0/sfp_instance/fifo_inst_int/fifo_mux_16_1a/SYNOPSYS_UNCONNECTED_21  
    core_instance0/sfp_instance/fifo_inst_int/fifo_mux_16_1a/SYNOPSYS_UNCONNECTED_20  
    core_instance0/sfp_instance/fifo_inst_int/fifo_mux_16_1a/SYNOPSYS_UNCONNECTED_19  
    core_instance0/sfp_instance/fifo_inst_int/fifo_mux_16_1a/SYNOPSYS_UNCONNECTED_18  
    core_instance0/sfp_instance/fifo_inst_int/fifo_mux_16_1a/SYNOPSYS_UNCONNECTED_17  
    core_instance0/sfp_instance/fifo_inst_int/fifo_mux_16_1a/SYNOPSYS_UNCONNECTED_16  
    core_instance0/sfp_instance/fifo_inst_int/fifo_mux_16_1a/SYNOPSYS_UNCONNECTED_15  
    core_instance0/sfp_instance/fifo_inst_int/fifo_mux_16_1a/SYNOPSYS_UNCONNECTED_14  
    core_instance0/sfp_instance/fifo_inst_int/fifo_mux_16_1a/SYNOPSYS_UNCONNECTED_13  
    core_instance0/sfp_instance/fifo_inst_int/fifo_mux_16_1a/SYNOPSYS_UNCONNECTED_12  
    core_instance0/sfp_instance/fifo_inst_int/fifo_mux_16_1a/SYNOPSYS_UNCONNECTED_11  
    core_instance0/sfp_instance/fifo_inst_int/fifo_mux_16_1a/SYNOPSYS_UNCONNECTED_10  
    core_instance0/sfp_instance/fifo_inst_int/fifo_mux_16_1a/SYNOPSYS_UNCONNECTED_9  
    core_instance0/sfp_instance/fifo_inst_int/fifo_mux_16_1a/SYNOPSYS_UNCONNECTED_8  
    core_instance0/sfp_instance/fifo_inst_int/fifo_mux_16_1a/SYNOPSYS_UNCONNECTED_7  
    core_instance0/sfp_instance/fifo_inst_int/fifo_mux_16_1a/SYNOPSYS_UNCONNECTED_6  
    core_instance0/sfp_instance/fifo_inst_int/fifo_mux_16_1a/SYNOPSYS_UNCONNECTED_5  
    core_instance0/sfp_instance/fifo_inst_int/fifo_mux_16_1a/SYNOPSYS_UNCONNECTED_4  
    core_instance0/sfp_instance/fifo_inst_int/fifo_mux_16_1a/SYNOPSYS_UNCONNECTED_3  
    core_instance0/sfp_instance/fifo_inst_int/fifo_mux_16_1a/SYNOPSYS_UNCONNECTED_2  
    core_instance0/sfp_instance/fifo_inst_int/fifo_mux_16_1a/SYNOPSYS_UNCONNECTED_1  
    core_instance0/sfp_instance/fifo_inst_int/SYNOPSYS_UNCONNECTED_7  
    core_instance0/sfp_instance/fifo_inst_int/SYNOPSYS_UNCONNECTED_6  
    core_instance0/sfp_instance/fifo_inst_int/SYNOPSYS_UNCONNECTED_5  
    core_instance0/sfp_instance/fifo_inst_int/SYNOPSYS_UNCONNECTED_4  
    core_instance0/sfp_instance/fifo_inst_int/SYNOPSYS_UNCONNECTED_3  
    core_instance0/sfp_instance/fifo_inst_int/SYNOPSYS_UNCONNECTED_2  
    core_instance0/sfp_instance/fifo_inst_int/SYNOPSYS_UNCONNECTED_1  
    core_instance0/sfp_instance/fifo_inst_int/o_empty  
    core_instance0/sfp_instance/fifo_inst_int/o_full  
    core_instance0/sfp_instance/SYNOPSYS_UNCONNECTED_7  
    core_instance0/sfp_instance/SYNOPSYS_UNCONNECTED_6  
    core_instance0/sfp_instance/SYNOPSYS_UNCONNECTED_5  
    core_instance0/sfp_instance/SYNOPSYS_UNCONNECTED_4  
    core_instance0/sfp_instance/SYNOPSYS_UNCONNECTED_3  
    core_instance0/sfp_instance/SYNOPSYS_UNCONNECTED_2  
    core_instance0/sfp_instance/SYNOPSYS_UNCONNECTED_1  
    core_instance0/ofifo_instance/col_idx_7__ofifo_instance/o_empty  
    core_instance0/ofifo_instance/col_idx_7__ofifo_instance/o_full  
    core_instance0/ofifo_instance/col_idx_6__ofifo_instance/o_empty  
    core_instance0/ofifo_instance/col_idx_6__ofifo_instance/o_full  
    core_instance0/ofifo_instance/col_idx_5__ofifo_instance/o_empty  
    core_instance0/ofifo_instance/col_idx_5__ofifo_instance/o_full  
    core_instance0/ofifo_instance/col_idx_4__ofifo_instance/o_empty  
    core_instance0/ofifo_instance/col_idx_4__ofifo_instance/o_full  
    core_instance0/ofifo_instance/col_idx_3__ofifo_instance/o_empty  
    core_instance0/ofifo_instance/col_idx_3__ofifo_instance/o_full  
    core_instance0/ofifo_instance/col_idx_2__ofifo_instance/o_empty  
    core_instance0/ofifo_instance/col_idx_2__ofifo_instance/o_full  
    core_instance0/ofifo_instance/col_idx_1__ofifo_instance/o_empty  
    core_instance0/ofifo_instance/col_idx_1__ofifo_instance/o_full  
    core_instance0/ofifo_instance/col_idx_0__ofifo_instance/o_empty  
    core_instance0/ofifo_instance/col_idx_0__ofifo_instance/o_full  
    core_instance0/ofifo_instance/o_full  
    core_instance0/ofifo_instance/o_valid  
    core_instance0/mac_array_instance/col_idx_4__mac_col_inst/cnt_q[2]  
    core_instance0/mac_array_instance/col_idx_3__mac_col_inst/cnt_q[2]  
    core_instance0/mac_array_instance/col_idx_2__mac_col_inst/cnt_q[1]  
    core_instance0/mac_array_instance/SYNOPSYS_UNCONNECTED_74  
    core_instance0/mac_array_instance/SYNOPSYS_UNCONNECTED_73  
    core_instance0/mac_array_instance/SYNOPSYS_UNCONNECTED_72  
    core_instance0/mac_array_instance/SYNOPSYS_UNCONNECTED_71  
    core_instance0/mac_array_instance/SYNOPSYS_UNCONNECTED_70  
    core_instance0/mac_array_instance/SYNOPSYS_UNCONNECTED_69  
    core_instance0/mac_array_instance/SYNOPSYS_UNCONNECTED_68  
    core_instance0/mac_array_instance/SYNOPSYS_UNCONNECTED_67  
    core_instance0/mac_array_instance/SYNOPSYS_UNCONNECTED_66  
    core_instance0/mac_array_instance/SYNOPSYS_UNCONNECTED_65  
    core_instance0/mac_array_instance/SYNOPSYS_UNCONNECTED_64  
    core_instance0/mac_array_instance/SYNOPSYS_UNCONNECTED_63  
    core_instance0/mac_array_instance/SYNOPSYS_UNCONNECTED_62  
    core_instance0/mac_array_instance/SYNOPSYS_UNCONNECTED_61  
    core_instance0/mac_array_instance/SYNOPSYS_UNCONNECTED_60  
    core_instance0/mac_array_instance/SYNOPSYS_UNCONNECTED_59  
    core_instance0/mac_array_instance/SYNOPSYS_UNCONNECTED_58  
    core_instance0/mac_array_instance/SYNOPSYS_UNCONNECTED_57  
    core_instance0/mac_array_instance/SYNOPSYS_UNCONNECTED_56  
    core_instance0/mac_array_instance/SYNOPSYS_UNCONNECTED_55  
    core_instance0/mac_array_instance/SYNOPSYS_UNCONNECTED_54  
    core_instance0/mac_array_instance/SYNOPSYS_UNCONNECTED_53  
    core_instance0/mac_array_instance/SYNOPSYS_UNCONNECTED_52  
    core_instance0/mac_array_instance/SYNOPSYS_UNCONNECTED_51  
    core_instance0/mac_array_instance/SYNOPSYS_UNCONNECTED_50  
    core_instance0/mac_array_instance/SYNOPSYS_UNCONNECTED_49  
    core_instance0/mac_array_instance/SYNOPSYS_UNCONNECTED_48  
    core_instance0/mac_array_instance/SYNOPSYS_UNCONNECTED_47  
    core_instance0/mac_array_instance/SYNOPSYS_UNCONNECTED_46  
    core_instance0/mac_array_instance/SYNOPSYS_UNCONNECTED_45  
    core_instance0/mac_array_instance/SYNOPSYS_UNCONNECTED_44  
    core_instance0/mac_array_instance/SYNOPSYS_UNCONNECTED_43  
    core_instance0/mac_array_instance/SYNOPSYS_UNCONNECTED_42  
    core_instance0/mac_array_instance/SYNOPSYS_UNCONNECTED_41  
    core_instance0/mac_array_instance/SYNOPSYS_UNCONNECTED_40  
    core_instance0/mac_array_instance/SYNOPSYS_UNCONNECTED_39  
    core_instance0/mac_array_instance/SYNOPSYS_UNCONNECTED_38  
    core_instance0/mac_array_instance/SYNOPSYS_UNCONNECTED_37  
    core_instance0/mac_array_instance/SYNOPSYS_UNCONNECTED_36  
    core_instance0/mac_array_instance/SYNOPSYS_UNCONNECTED_35  
    core_instance0/mac_array_instance/SYNOPSYS_UNCONNECTED_34  
    core_instance0/mac_array_instance/SYNOPSYS_UNCONNECTED_33  
    core_instance0/mac_array_instance/SYNOPSYS_UNCONNECTED_32  
    core_instance0/mac_array_instance/SYNOPSYS_UNCONNECTED_31  
    core_instance0/mac_array_instance/SYNOPSYS_UNCONNECTED_30  
    core_instance0/mac_array_instance/SYNOPSYS_UNCONNECTED_29  
    core_instance0/mac_array_instance/SYNOPSYS_UNCONNECTED_28  
    core_instance0/mac_array_instance/SYNOPSYS_UNCONNECTED_27  
    core_instance0/mac_array_instance/SYNOPSYS_UNCONNECTED_26  
    core_instance0/mac_array_instance/SYNOPSYS_UNCONNECTED_25  
    core_instance0/mac_array_instance/SYNOPSYS_UNCONNECTED_24  
    core_instance0/mac_array_instance/SYNOPSYS_UNCONNECTED_23  
    core_instance0/mac_array_instance/SYNOPSYS_UNCONNECTED_22  
    core_instance0/mac_array_instance/SYNOPSYS_UNCONNECTED_21  
    core_instance0/mac_array_instance/SYNOPSYS_UNCONNECTED_20  
    core_instance0/mac_array_instance/SYNOPSYS_UNCONNECTED_19  
    core_instance0/mac_array_instance/SYNOPSYS_UNCONNECTED_18  
    core_instance0/mac_array_instance/SYNOPSYS_UNCONNECTED_17  
    core_instance0/mac_array_instance/SYNOPSYS_UNCONNECTED_16  
    core_instance0/mac_array_instance/SYNOPSYS_UNCONNECTED_15  
    core_instance0/mac_array_instance/SYNOPSYS_UNCONNECTED_14  
    core_instance0/mac_array_instance/SYNOPSYS_UNCONNECTED_13  
    core_instance0/mac_array_instance/SYNOPSYS_UNCONNECTED_12  
    core_instance0/mac_array_instance/SYNOPSYS_UNCONNECTED_11  
    core_instance0/mac_array_instance/SYNOPSYS_UNCONNECTED_10  
    core_instance0/mac_array_instance/SYNOPSYS_UNCONNECTED_9  
    core_instance0/mac_array_instance/SYNOPSYS_UNCONNECTED_8  
    core_instance0/mac_array_instance/SYNOPSYS_UNCONNECTED_7  
    core_instance0/mac_array_instance/SYNOPSYS_UNCONNECTED_6  
    core_instance0/mac_array_instance/SYNOPSYS_UNCONNECTED_5  
    core_instance0/mac_array_instance/SYNOPSYS_UNCONNECTED_4  
    core_instance0/mac_array_instance/SYNOPSYS_UNCONNECTED_3  
    core_instance0/mac_array_instance/SYNOPSYS_UNCONNECTED_2  
    core_instance0/mac_array_instance/SYNOPSYS_UNCONNECTED_1  
    core_instance0/psum_mem_instance/C5789/CONTROL16  
    core_instance0/psum_mem_instance/C5789/CONTROL15  
    core_instance0/psum_mem_instance/C5789/CONTROL14  
    core_instance0/psum_mem_instance/C5789/CONTROL13  
    core_instance0/psum_mem_instance/C5789/CONTROL12  
    core_instance0/psum_mem_instance/C5789/CONTROL11  
    core_instance0/psum_mem_instance/C5789/CONTROL10  
    core_instance0/psum_mem_instance/C5789/CONTROL9  
    core_instance0/psum_mem_instance/C5789/DATA16  
    core_instance0/psum_mem_instance/C5789/DATA15  
    core_instance0/psum_mem_instance/C5789/DATA14  
    core_instance0/psum_mem_instance/C5789/DATA13  
    core_instance0/psum_mem_instance/C5789/DATA12  
    core_instance0/psum_mem_instance/C5789/DATA11  
    core_instance0/psum_mem_instance/C5789/DATA10  
    core_instance0/psum_mem_instance/C5789/DATA9  
    core_instance0/psum_mem_instance/C5788/CONTROL16  
    core_instance0/psum_mem_instance/C5788/CONTROL15  
    core_instance0/psum_mem_instance/C5788/CONTROL14  
    core_instance0/psum_mem_instance/C5788/CONTROL13  
    core_instance0/psum_mem_instance/C5788/CONTROL12  
    core_instance0/psum_mem_instance/C5788/CONTROL11  
    core_instance0/psum_mem_instance/C5788/CONTROL10  
    core_instance0/psum_mem_instance/C5788/CONTROL9  
    core_instance0/psum_mem_instance/C5788/CONTROL8  
    core_instance0/psum_mem_instance/C5788/CONTROL7  
    core_instance0/psum_mem_instance/C5788/CONTROL6  
    core_instance0/psum_mem_instance/C5788/CONTROL5  
    core_instance0/psum_mem_instance/C5788/CONTROL4  
    core_instance0/psum_mem_instance/C5788/CONTROL3  
    core_instance0/psum_mem_instance/C5788/DATA16  
    core_instance0/psum_mem_instance/C5788/DATA15  
    core_instance0/psum_mem_instance/C5788/DATA14  
    core_instance0/psum_mem_instance/C5788/DATA13  
    core_instance0/psum_mem_instance/C5788/DATA12  
    core_instance0/psum_mem_instance/C5788/DATA11  
    core_instance0/psum_mem_instance/C5788/DATA10  
    core_instance0/psum_mem_instance/C5788/DATA9  
    core_instance0/psum_mem_instance/C5788/DATA8  
    core_instance0/psum_mem_instance/C5788/DATA7  
    core_instance0/psum_mem_instance/C5788/DATA6  
    core_instance0/psum_mem_instance/C5788/DATA5  
    core_instance0/psum_mem_instance/C5788/DATA4  
    core_instance0/psum_mem_instance/C5788/DATA3  
    core_instance0/psum_mem_instance/C5787/CONTROL16  
    core_instance0/psum_mem_instance/C5787/CONTROL15  
    core_instance0/psum_mem_instance/C5787/CONTROL14  
    core_instance0/psum_mem_instance/C5787/CONTROL13  
    core_instance0/psum_mem_instance/C5787/CONTROL12  
    core_instance0/psum_mem_instance/C5787/CONTROL11  
    core_instance0/psum_mem_instance/C5787/CONTROL10  
    core_instance0/psum_mem_instance/C5787/CONTROL9  
    core_instance0/psum_mem_instance/C5787/CONTROL8  
    core_instance0/psum_mem_instance/C5787/CONTROL7  
    core_instance0/psum_mem_instance/C5787/CONTROL6  
    core_instance0/psum_mem_instance/C5787/CONTROL5  
    core_instance0/psum_mem_instance/C5787/CONTROL4  
    core_instance0/psum_mem_instance/C5787/CONTROL3  
    core_instance0/psum_mem_instance/C5787/DATA16  
    core_instance0/psum_mem_instance/C5787/DATA15  
    core_instance0/psum_mem_instance/C5787/DATA14  
    core_instance0/psum_mem_instance/C5787/DATA13  
    core_instance0/psum_mem_instance/C5787/DATA12  
    core_instance0/psum_mem_instance/C5787/DATA11  
    core_instance0/psum_mem_instance/C5787/DATA10  
    core_instance0/psum_mem_instance/C5787/DATA9  
    core_instance0/psum_mem_instance/C5787/DATA8  
    core_instance0/psum_mem_instance/C5787/DATA7  
    core_instance0/psum_mem_instance/C5787/DATA6  
    core_instance0/psum_mem_instance/C5787/DATA5  
    core_instance0/psum_mem_instance/C5787/DATA4  
    core_instance0/psum_mem_instance/C5787/DATA3  
    core_instance0/psum_mem_instance/C5786/CONTROL16  
    core_instance0/psum_mem_instance/C5786/CONTROL15  
    core_instance0/psum_mem_instance/C5786/CONTROL14  
    core_instance0/psum_mem_instance/C5786/CONTROL13  
    core_instance0/psum_mem_instance/C5786/CONTROL12  
    core_instance0/psum_mem_instance/C5786/CONTROL11  
    core_instance0/psum_mem_instance/C5786/CONTROL10  
    core_instance0/psum_mem_instance/C5786/CONTROL9  
    core_instance0/psum_mem_instance/C5786/CONTROL8  
    core_instance0/psum_mem_instance/C5786/CONTROL7  
    core_instance0/psum_mem_instance/C5786/CONTROL6  
    core_instance0/psum_mem_instance/C5786/CONTROL5  
    core_instance0/psum_mem_instance/C5786/CONTROL4  
    core_instance0/psum_mem_instance/C5786/CONTROL3  
    core_instance0/psum_mem_instance/C5786/DATA16  
    core_instance0/psum_mem_instance/C5786/DATA15  
    core_instance0/psum_mem_instance/C5786/DATA14  
    core_instance0/psum_mem_instance/C5786/DATA13  
    core_instance0/psum_mem_instance/C5786/DATA12  
    core_instance0/psum_mem_instance/C5786/DATA11  
    core_instance0/psum_mem_instance/C5786/DATA10  
    core_instance0/psum_mem_instance/C5786/DATA9  
    core_instance0/psum_mem_instance/C5786/DATA8  
    core_instance0/psum_mem_instance/C5786/DATA7  
    core_instance0/psum_mem_instance/C5786/DATA6  
    core_instance0/psum_mem_instance/C5786/DATA5  
    core_instance0/psum_mem_instance/C5786/DATA4  
    core_instance0/psum_mem_instance/C5786/DATA3  
    core_instance0/psum_mem_instance/C5785/CONTROL16  
    core_instance0/psum_mem_instance/C5785/CONTROL15  
    core_instance0/psum_mem_instance/C5785/CONTROL14  
    core_instance0/psum_mem_instance/C5785/CONTROL13  
    core_instance0/psum_mem_instance/C5785/CONTROL12  
    core_instance0/psum_mem_instance/C5785/CONTROL11  
    core_instance0/psum_mem_instance/C5785/CONTROL10  
    core_instance0/psum_mem_instance/C5785/CONTROL9  
    core_instance0/psum_mem_instance/C5785/CONTROL8  
    core_instance0/psum_mem_instance/C5785/CONTROL7  
    core_instance0/psum_mem_instance/C5785/CONTROL6  
    core_instance0/psum_mem_instance/C5785/CONTROL5  
    core_instance0/psum_mem_instance/C5785/CONTROL4  
    core_instance0/psum_mem_instance/C5785/CONTROL3  
    core_instance0/psum_mem_instance/C5785/DATA16  
    core_instance0/psum_mem_instance/C5785/DATA15  
    core_instance0/psum_mem_instance/C5785/DATA14  
    core_instance0/psum_mem_instance/C5785/DATA13  
    core_instance0/psum_mem_instance/C5785/DATA12  
    core_instance0/psum_mem_instance/C5785/DATA11  
    core_instance0/psum_mem_instance/C5785/DATA10  
    core_instance0/psum_mem_instance/C5785/DATA9  
    core_instance0/psum_mem_instance/C5785/DATA8  
    core_instance0/psum_mem_instance/C5785/DATA7  
    core_instance0/psum_mem_instance/C5785/DATA6  
    core_instance0/psum_mem_instance/C5785/DATA5  
    core_instance0/psum_mem_instance/C5785/DATA4  
    core_instance0/psum_mem_instance/C5785/DATA3  
    core_instance0/psum_mem_instance/C5784/CONTROL16  
    core_instance0/psum_mem_instance/C5784/CONTROL15  
    core_instance0/psum_mem_instance/C5784/CONTROL14  
    core_instance0/psum_mem_instance/C5784/CONTROL13  
    core_instance0/psum_mem_instance/C5784/CONTROL12  
    core_instance0/psum_mem_instance/C5784/CONTROL11  
    core_instance0/psum_mem_instance/C5784/CONTROL10  
    core_instance0/psum_mem_instance/C5784/CONTROL9  
    core_instance0/psum_mem_instance/C5784/CONTROL8  
    core_instance0/psum_mem_instance/C5784/CONTROL7  
    core_instance0/psum_mem_instance/C5784/CONTROL6  
    core_instance0/psum_mem_instance/C5784/CONTROL5  
    core_instance0/psum_mem_instance/C5784/CONTROL4  
    core_instance0/psum_mem_instance/C5784/CONTROL3  
    core_instance0/psum_mem_instance/C5784/DATA16  
    core_instance0/psum_mem_instance/C5784/DATA15  
    core_instance0/psum_mem_instance/C5784/DATA14  
    core_instance0/psum_mem_instance/C5784/DATA13  
    core_instance0/psum_mem_instance/C5784/DATA12  
    core_instance0/psum_mem_instance/C5784/DATA11  
    core_instance0/psum_mem_instance/C5784/DATA10  
    core_instance0/psum_mem_instance/C5784/DATA9  
    core_instance0/psum_mem_instance/C5784/DATA8  
    core_instance0/psum_mem_instance/C5784/DATA7  
    core_instance0/psum_mem_instance/C5784/DATA6  
    core_instance0/psum_mem_instance/C5784/DATA5  
    core_instance0/psum_mem_instance/C5784/DATA4  
    core_instance0/psum_mem_instance/C5784/DATA3  
    core_instance0/psum_mem_instance/C5783/CONTROL16  
    core_instance0/psum_mem_instance/C5783/CONTROL15  
    core_instance0/psum_mem_instance/C5783/CONTROL14  
    core_instance0/psum_mem_instance/C5783/CONTROL13  
    core_instance0/psum_mem_instance/C5783/CONTROL12  
    core_instance0/psum_mem_instance/C5783/CONTROL11  
    core_instance0/psum_mem_instance/C5783/CONTROL10  
    core_instance0/psum_mem_instance/C5783/CONTROL9  
    core_instance0/psum_mem_instance/C5783/CONTROL8  
    core_instance0/psum_mem_instance/C5783/CONTROL7  
    core_instance0/psum_mem_instance/C5783/CONTROL6  
    core_instance0/psum_mem_instance/C5783/CONTROL5  
    core_instance0/psum_mem_instance/C5783/CONTROL4  
    core_instance0/psum_mem_instance/C5783/CONTROL3  
    core_instance0/psum_mem_instance/C5783/DATA16  
    core_instance0/psum_mem_instance/C5783/DATA15  
    core_instance0/psum_mem_instance/C5783/DATA14  
    core_instance0/psum_mem_instance/C5783/DATA13  
    core_instance0/psum_mem_instance/C5783/DATA12  
    core_instance0/psum_mem_instance/C5783/DATA11  
    core_instance0/psum_mem_instance/C5783/DATA10  
    core_instance0/psum_mem_instance/C5783/DATA9  
    core_instance0/psum_mem_instance/C5783/DATA8  
    core_instance0/psum_mem_instance/C5783/DATA7  
    core_instance0/psum_mem_instance/C5783/DATA6  
    core_instance0/psum_mem_instance/C5783/DATA5  
    core_instance0/psum_mem_instance/C5783/DATA4  
    core_instance0/psum_mem_instance/C5783/DATA3  
    core_instance0/psum_mem_instance/C5782/CONTROL16  
    core_instance0/psum_mem_instance/C5782/CONTROL15  
    core_instance0/psum_mem_instance/C5782/CONTROL14  
    core_instance0/psum_mem_instance/C5782/CONTROL13  
    core_instance0/psum_mem_instance/C5782/CONTROL12  
    core_instance0/psum_mem_instance/C5782/CONTROL11  
    core_instance0/psum_mem_instance/C5782/CONTROL10  
    core_instance0/psum_mem_instance/C5782/CONTROL9  
    core_instance0/psum_mem_instance/C5782/CONTROL8  
    core_instance0/psum_mem_instance/C5782/CONTROL7  
    core_instance0/psum_mem_instance/C5782/CONTROL6  
    core_instance0/psum_mem_instance/C5782/CONTROL5  
    core_instance0/psum_mem_instance/C5782/CONTROL4  
    core_instance0/psum_mem_instance/C5782/CONTROL3  
    core_instance0/psum_mem_instance/C5782/DATA16  
    core_instance0/psum_mem_instance/C5782/DATA15  
    core_instance0/psum_mem_instance/C5782/DATA14  
    core_instance0/psum_mem_instance/C5782/DATA13  
    core_instance0/psum_mem_instance/C5782/DATA12  
    core_instance0/psum_mem_instance/C5782/DATA11  
    core_instance0/psum_mem_instance/C5782/DATA10  
    core_instance0/psum_mem_instance/C5782/DATA9  
    core_instance0/psum_mem_instance/C5782/DATA8  
    core_instance0/psum_mem_instance/C5782/DATA7  
    core_instance0/psum_mem_instance/C5782/DATA6  
    core_instance0/psum_mem_instance/C5782/DATA5  
    core_instance0/psum_mem_instance/C5782/DATA4  
    core_instance0/psum_mem_instance/C5782/DATA3  
    core_instance0/psum_mem_instance/C5781/CONTROL16  
    core_instance0/psum_mem_instance/C5781/CONTROL15  
    core_instance0/psum_mem_instance/C5781/CONTROL14  
    core_instance0/psum_mem_instance/C5781/CONTROL13  
    core_instance0/psum_mem_instance/C5781/CONTROL12  
    core_instance0/psum_mem_instance/C5781/CONTROL11  
    core_instance0/psum_mem_instance/C5781/CONTROL10  
    core_instance0/psum_mem_instance/C5781/CONTROL9  
    core_instance0/psum_mem_instance/C5781/CONTROL8  
    core_instance0/psum_mem_instance/C5781/CONTROL7  
    core_instance0/psum_mem_instance/C5781/CONTROL6  
    core_instance0/psum_mem_instance/C5781/CONTROL5  
    core_instance0/psum_mem_instance/C5781/CONTROL4  
    core_instance0/psum_mem_instance/C5781/CONTROL3  
    core_instance0/psum_mem_instance/C5781/DATA16  
    core_instance0/psum_mem_instance/C5781/DATA15  
    core_instance0/psum_mem_instance/C5781/DATA14  
    core_instance0/psum_mem_instance/C5781/DATA13  
    core_instance0/psum_mem_instance/C5781/DATA12  
    core_instance0/psum_mem_instance/C5781/DATA11  
    core_instance0/psum_mem_instance/C5781/DATA10  
    core_instance0/psum_mem_instance/C5781/DATA9  
    core_instance0/psum_mem_instance/C5781/DATA8  
    core_instance0/psum_mem_instance/C5781/DATA7  
    core_instance0/psum_mem_instance/C5781/DATA6  
    core_instance0/psum_mem_instance/C5781/DATA5  
    core_instance0/psum_mem_instance/C5781/DATA4  
    core_instance0/psum_mem_instance/C5781/DATA3  
    core_instance0/psum_mem_instance/C5780/CONTROL16  
    core_instance0/psum_mem_instance/C5780/CONTROL15  
    core_instance0/psum_mem_instance/C5780/CONTROL14  
    core_instance0/psum_mem_instance/C5780/CONTROL13  
    core_instance0/psum_mem_instance/C5780/CONTROL12  
    core_instance0/psum_mem_instance/C5780/CONTROL11  
    core_instance0/psum_mem_instance/C5780/CONTROL10  
    core_instance0/psum_mem_instance/C5780/CONTROL9  
    core_instance0/psum_mem_instance/C5780/DATA16  
    core_instance0/psum_mem_instance/C5780/DATA15  
    core_instance0/psum_mem_instance/C5780/DATA14  
    core_instance0/psum_mem_instance/C5780/DATA13  
    core_instance0/psum_mem_instance/C5780/DATA12  
    core_instance0/psum_mem_instance/C5780/DATA11  
    core_instance0/psum_mem_instance/C5780/DATA10  
    core_instance0/psum_mem_instance/C5780/DATA9  
    core_instance0/psum_mem_instance/C5779/CONTROL16  
    core_instance0/psum_mem_instance/C5779/CONTROL15  
    core_instance0/psum_mem_instance/C5779/CONTROL14  
    core_instance0/psum_mem_instance/C5779/CONTROL13  
    core_instance0/psum_mem_instance/C5779/CONTROL12  
    core_instance0/psum_mem_instance/C5779/CONTROL11  
    core_instance0/psum_mem_instance/C5779/CONTROL10  
    core_instance0/psum_mem_instance/C5779/CONTROL9  
    core_instance0/psum_mem_instance/C5779/DATA16  
    core_instance0/psum_mem_instance/C5779/DATA15  
    core_instance0/psum_mem_instance/C5779/DATA14  
    core_instance0/psum_mem_instance/C5779/DATA13  
    core_instance0/psum_mem_instance/C5779/DATA12  
    core_instance0/psum_mem_instance/C5779/DATA11  
    core_instance0/psum_mem_instance/C5779/DATA10  
    core_instance0/psum_mem_instance/C5779/DATA9  
    core_instance0/psum_mem_instance/C5778/CONTROL16  
    core_instance0/psum_mem_instance/C5778/CONTROL15  
    core_instance0/psum_mem_instance/C5778/CONTROL14  
    core_instance0/psum_mem_instance/C5778/CONTROL13  
    core_instance0/psum_mem_instance/C5778/CONTROL12  
    core_instance0/psum_mem_instance/C5778/CONTROL11  
    core_instance0/psum_mem_instance/C5778/CONTROL10  
    core_instance0/psum_mem_instance/C5778/CONTROL9  
    core_instance0/psum_mem_instance/C5778/DATA16  
    core_instance0/psum_mem_instance/C5778/DATA15  
    core_instance0/psum_mem_instance/C5778/DATA14  
    core_instance0/psum_mem_instance/C5778/DATA13  
    core_instance0/psum_mem_instance/C5778/DATA12  
    core_instance0/psum_mem_instance/C5778/DATA11  
    core_instance0/psum_mem_instance/C5778/DATA10  
    core_instance0/psum_mem_instance/C5778/DATA9  
    core_instance0/psum_mem_instance/C5777/CONTROL16  
    core_instance0/psum_mem_instance/C5777/CONTROL15  
    core_instance0/psum_mem_instance/C5777/CONTROL14  
    core_instance0/psum_mem_instance/C5777/CONTROL13  
    core_instance0/psum_mem_instance/C5777/CONTROL12  
    core_instance0/psum_mem_instance/C5777/CONTROL11  
    core_instance0/psum_mem_instance/C5777/CONTROL10  
    core_instance0/psum_mem_instance/C5777/CONTROL9  
    core_instance0/psum_mem_instance/C5777/DATA16  
    core_instance0/psum_mem_instance/C5777/DATA15  
    core_instance0/psum_mem_instance/C5777/DATA14  
    core_instance0/psum_mem_instance/C5777/DATA13  
    core_instance0/psum_mem_instance/C5777/DATA12  
    core_instance0/psum_mem_instance/C5777/DATA11  
    core_instance0/psum_mem_instance/C5777/DATA10  
    core_instance0/psum_mem_instance/C5777/DATA9  
    core_instance0/psum_mem_instance/C5776/CONTROL16  
    core_instance0/psum_mem_instance/C5776/CONTROL15  
    core_instance0/psum_mem_instance/C5776/CONTROL14  
    core_instance0/psum_mem_instance/C5776/CONTROL13  
    core_instance0/psum_mem_instance/C5776/CONTROL12  
    core_instance0/psum_mem_instance/C5776/CONTROL11  
    core_instance0/psum_mem_instance/C5776/CONTROL10  
    core_instance0/psum_mem_instance/C5776/CONTROL9  
    core_instance0/psum_mem_instance/C5776/DATA16  
    core_instance0/psum_mem_instance/C5776/DATA15  
    core_instance0/psum_mem_instance/C5776/DATA14  
    core_instance0/psum_mem_instance/C5776/DATA13  
    core_instance0/psum_mem_instance/C5776/DATA12  
    core_instance0/psum_mem_instance/C5776/DATA11  
    core_instance0/psum_mem_instance/C5776/DATA10  
    core_instance0/psum_mem_instance/C5776/DATA9  
    core_instance0/psum_mem_instance/C5775/CONTROL16  
    core_instance0/psum_mem_instance/C5775/CONTROL15  
    core_instance0/psum_mem_instance/C5775/CONTROL14  
    core_instance0/psum_mem_instance/C5775/CONTROL13  
    core_instance0/psum_mem_instance/C5775/CONTROL12  
    core_instance0/psum_mem_instance/C5775/CONTROL11  
    core_instance0/psum_mem_instance/C5775/CONTROL10  
    core_instance0/psum_mem_instance/C5775/CONTROL9  
    core_instance0/psum_mem_instance/C5775/DATA16  
    core_instance0/psum_mem_instance/C5775/DATA15  
    core_instance0/psum_mem_instance/C5775/DATA14  
    core_instance0/psum_mem_instance/C5775/DATA13  
    core_instance0/psum_mem_instance/C5775/DATA12  
    core_instance0/psum_mem_instance/C5775/DATA11  
    core_instance0/psum_mem_instance/C5775/DATA10  
    core_instance0/psum_mem_instance/C5775/DATA9  
    core_instance0/psum_mem_instance/C5774/CONTROL16  
    core_instance0/psum_mem_instance/C5774/CONTROL15  
    core_instance0/psum_mem_instance/C5774/CONTROL14  
    core_instance0/psum_mem_instance/C5774/CONTROL13  
    core_instance0/psum_mem_instance/C5774/CONTROL12  
    core_instance0/psum_mem_instance/C5774/CONTROL11  
    core_instance0/psum_mem_instance/C5774/CONTROL10  
    core_instance0/psum_mem_instance/C5774/CONTROL9  
    core_instance0/psum_mem_instance/C5774/DATA16  
    core_instance0/psum_mem_instance/C5774/DATA15  
    core_instance0/psum_mem_instance/C5774/DATA14  
    core_instance0/psum_mem_instance/C5774/DATA13  
    core_instance0/psum_mem_instance/C5774/DATA12  
    core_instance0/psum_mem_instance/C5774/DATA11  
    core_instance0/psum_mem_instance/C5774/DATA10  
    core_instance0/psum_mem_instance/C5774/DATA9  
    core_instance0/psum_mem_instance/C5773/CONTROL16  
    core_instance0/psum_mem_instance/C5773/CONTROL15  
    core_instance0/psum_mem_instance/C5773/CONTROL14  
    core_instance0/psum_mem_instance/C5773/CONTROL13  
    core_instance0/psum_mem_instance/C5773/CONTROL12  
    core_instance0/psum_mem_instance/C5773/CONTROL11  
    core_instance0/psum_mem_instance/C5773/CONTROL10  
    core_instance0/psum_mem_instance/C5773/CONTROL9  
    core_instance0/psum_mem_instance/C5773/DATA16  
    core_instance0/psum_mem_instance/C5773/DATA15  
    core_instance0/psum_mem_instance/C5773/DATA14  
    core_instance0/psum_mem_instance/C5773/DATA13  
    core_instance0/psum_mem_instance/C5773/DATA12  
    core_instance0/psum_mem_instance/C5773/DATA11  
    core_instance0/psum_mem_instance/C5773/DATA10  
    core_instance0/psum_mem_instance/C5773/DATA9  
    core_instance0/psum_mem_instance/memory7[0]  
    core_instance0/psum_mem_instance/memory7[1]  
    core_instance0/psum_mem_instance/memory7[2]  
    core_instance0/psum_mem_instance/memory7[3]  
    core_instance0/psum_mem_instance/memory7[4]  
    core_instance0/psum_mem_instance/memory7[5]  
    core_instance0/psum_mem_instance/memory7[6]  
    core_instance0/psum_mem_instance/memory7[7]  
    core_instance0/psum_mem_instance/memory7[8]  
    core_instance0/psum_mem_instance/memory7[9]  
    core_instance0/psum_mem_instance/memory7[10]  
    core_instance0/psum_mem_instance/memory7[11]  
    core_instance0/psum_mem_instance/memory7[12]  
    core_instance0/psum_mem_instance/memory7[13]  
    core_instance0/psum_mem_instance/memory7[14]  
    core_instance0/psum_mem_instance/memory7[15]  
    core_instance0/psum_mem_instance/memory7[16]  
    core_instance0/psum_mem_instance/memory7[17]  
    core_instance0/psum_mem_instance/memory7[18]  
    core_instance0/psum_mem_instance/memory7[19]  
    core_instance0/psum_mem_instance/memory7[20]  
    core_instance0/psum_mem_instance/memory7[21]  
    core_instance0/psum_mem_instance/memory7[22]  
    core_instance0/psum_mem_instance/memory7[23]  
    core_instance0/psum_mem_instance/memory7[24]  
    core_instance0/psum_mem_instance/memory7[25]  
    core_instance0/psum_mem_instance/memory7[26]  
    core_instance0/psum_mem_instance/memory7[27]  
    core_instance0/psum_mem_instance/memory7[28]  
    core_instance0/psum_mem_instance/memory7[29]  
    core_instance0/psum_mem_instance/memory7[30]  
    core_instance0/psum_mem_instance/memory7[31]  
    core_instance0/psum_mem_instance/memory7[32]  
    core_instance0/psum_mem_instance/memory7[33]  
    core_instance0/psum_mem_instance/memory7[34]  
    core_instance0/psum_mem_instance/memory7[35]  
    core_instance0/psum_mem_instance/memory7[36]  
    core_instance0/psum_mem_instance/memory7[37]  
    core_instance0/psum_mem_instance/memory7[38]  
    core_instance0/psum_mem_instance/memory7[39]  
    core_instance0/psum_mem_instance/memory7[40]  
    core_instance0/psum_mem_instance/memory7[41]  
    core_instance0/psum_mem_instance/memory7[42]  
    core_instance0/psum_mem_instance/memory7[43]  
    core_instance0/psum_mem_instance/memory7[44]  
    core_instance0/psum_mem_instance/memory7[45]  
    core_instance0/psum_mem_instance/memory7[46]  
    core_instance0/psum_mem_instance/memory7[47]  
    core_instance0/psum_mem_instance/memory7[48]  
    core_instance0/psum_mem_instance/memory7[49]  
    core_instance0/psum_mem_instance/memory7[50]  
    core_instance0/psum_mem_instance/memory7[51]  
    core_instance0/psum_mem_instance/memory7[52]  
    core_instance0/psum_mem_instance/memory7[53]  
    core_instance0/psum_mem_instance/memory7[54]  
    core_instance0/psum_mem_instance/memory7[55]  
    core_instance0/psum_mem_instance/memory7[56]  
    core_instance0/psum_mem_instance/memory7[57]  
    core_instance0/psum_mem_instance/memory7[58]  
    core_instance0/psum_mem_instance/memory7[59]  
    core_instance0/psum_mem_instance/memory7[60]  
    core_instance0/psum_mem_instance/memory7[61]  
    core_instance0/psum_mem_instance/memory7[62]  
    core_instance0/psum_mem_instance/memory7[63]  
    core_instance0/psum_mem_instance/memory7[64]  
    core_instance0/psum_mem_instance/memory7[65]  
    core_instance0/psum_mem_instance/memory7[66]  
    core_instance0/psum_mem_instance/memory7[67]  
    core_instance0/psum_mem_instance/memory7[68]  
    core_instance0/psum_mem_instance/memory7[69]  
    core_instance0/psum_mem_instance/memory7[70]  
    core_instance0/psum_mem_instance/memory7[71]  
    core_instance0/psum_mem_instance/memory7[72]  
    core_instance0/psum_mem_instance/memory7[73]  
    core_instance0/psum_mem_instance/memory7[74]  
    core_instance0/psum_mem_instance/memory7[75]  
    core_instance0/psum_mem_instance/memory7[76]  
    core_instance0/psum_mem_instance/memory7[77]  
    core_instance0/psum_mem_instance/memory7[78]  
    core_instance0/psum_mem_instance/memory7[79]  
    core_instance0/psum_mem_instance/memory7[80]  
    core_instance0/psum_mem_instance/memory7[81]  
    core_instance0/psum_mem_instance/memory7[82]  
    core_instance0/psum_mem_instance/memory7[83]  
    core_instance0/psum_mem_instance/memory7[84]  
    core_instance0/psum_mem_instance/memory7[85]  
    core_instance0/psum_mem_instance/memory7[86]  
    core_instance0/psum_mem_instance/memory7[87]  
    core_instance0/psum_mem_instance/memory7[88]  
    core_instance0/psum_mem_instance/memory7[89]  
    core_instance0/psum_mem_instance/memory7[90]  
    core_instance0/psum_mem_instance/memory7[91]  
    core_instance0/psum_mem_instance/memory7[92]  
    core_instance0/psum_mem_instance/memory7[93]  
    core_instance0/psum_mem_instance/memory7[94]  
    core_instance0/psum_mem_instance/memory7[95]  
    core_instance0/psum_mem_instance/memory7[96]  
    core_instance0/psum_mem_instance/memory7[97]  
    core_instance0/psum_mem_instance/memory7[98]  
    core_instance0/psum_mem_instance/memory7[99]  
    core_instance0/psum_mem_instance/memory7[100]  
    core_instance0/psum_mem_instance/memory7[101]  
    core_instance0/psum_mem_instance/memory7[102]  
    core_instance0/psum_mem_instance/memory7[103]  
    core_instance0/psum_mem_instance/memory7[104]  
    core_instance0/psum_mem_instance/memory7[105]  
    core_instance0/psum_mem_instance/memory7[106]  
    core_instance0/psum_mem_instance/memory7[107]  
    core_instance0/psum_mem_instance/memory7[108]  
    core_instance0/psum_mem_instance/memory7[109]  
    core_instance0/psum_mem_instance/memory7[110]  
    core_instance0/psum_mem_instance/memory7[111]  
    core_instance0/psum_mem_instance/memory7[112]  
    core_instance0/psum_mem_instance/memory7[113]  
    core_instance0/psum_mem_instance/memory7[114]  
    core_instance0/psum_mem_instance/memory7[115]  
    core_instance0/psum_mem_instance/memory7[116]  
    core_instance0/psum_mem_instance/memory7[117]  
    core_instance0/psum_mem_instance/memory7[118]  
    core_instance0/psum_mem_instance/memory7[119]  
    core_instance0/psum_mem_instance/memory7[120]  
    core_instance0/psum_mem_instance/memory7[121]  
    core_instance0/psum_mem_instance/memory7[122]  
    core_instance0/psum_mem_instance/memory7[123]  
    core_instance0/psum_mem_instance/memory7[124]  
    core_instance0/psum_mem_instance/memory7[125]  
    core_instance0/psum_mem_instance/memory7[126]  
    core_instance0/psum_mem_instance/memory7[127]  
    core_instance0/psum_mem_instance/memory7[128]  
    core_instance0/psum_mem_instance/memory7[129]  
    core_instance0/psum_mem_instance/memory7[130]  
    core_instance0/psum_mem_instance/memory7[131]  
    core_instance0/psum_mem_instance/memory7[132]  
    core_instance0/psum_mem_instance/memory7[133]  
    core_instance0/psum_mem_instance/memory7[134]  
    core_instance0/psum_mem_instance/memory7[135]  
    core_instance0/psum_mem_instance/memory7[136]  
    core_instance0/psum_mem_instance/memory7[137]  
    core_instance0/psum_mem_instance/memory7[138]  
    core_instance0/psum_mem_instance/memory7[139]  
    core_instance0/psum_mem_instance/memory7[140]  
    core_instance0/psum_mem_instance/memory7[141]  
    core_instance0/psum_mem_instance/memory7[142]  
    core_instance0/psum_mem_instance/memory7[143]  
    core_instance0/psum_mem_instance/memory7[144]  
    core_instance0/psum_mem_instance/memory7[145]  
    core_instance0/psum_mem_instance/memory7[146]  
    core_instance0/psum_mem_instance/memory7[147]  
    core_instance0/psum_mem_instance/memory7[148]  
    core_instance0/psum_mem_instance/memory7[149]  
    core_instance0/psum_mem_instance/memory7[150]  
    core_instance0/psum_mem_instance/memory7[151]  
    core_instance0/psum_mem_instance/memory7[152]  
    core_instance0/psum_mem_instance/memory7[153]  
    core_instance0/psum_mem_instance/memory7[154]  
    core_instance0/psum_mem_instance/memory7[155]  
    core_instance0/psum_mem_instance/memory7[156]  
    core_instance0/psum_mem_instance/memory7[157]  
    core_instance0/psum_mem_instance/memory7[158]  
    core_instance0/psum_mem_instance/memory7[159]  
    core_instance0/psum_mem_instance/memory6[0]  
    core_instance0/psum_mem_instance/memory6[1]  
    core_instance0/psum_mem_instance/memory6[2]  
    core_instance0/psum_mem_instance/memory6[3]  
    core_instance0/psum_mem_instance/memory6[4]  
    core_instance0/psum_mem_instance/memory6[5]  
    core_instance0/psum_mem_instance/memory6[6]  
    core_instance0/psum_mem_instance/memory6[7]  
    core_instance0/psum_mem_instance/memory6[8]  
    core_instance0/psum_mem_instance/memory6[9]  
    core_instance0/psum_mem_instance/memory6[10]  
    core_instance0/psum_mem_instance/memory6[11]  
    core_instance0/psum_mem_instance/memory6[12]  
    core_instance0/psum_mem_instance/memory6[13]  
    core_instance0/psum_mem_instance/memory6[14]  
    core_instance0/psum_mem_instance/memory6[15]  
    core_instance0/psum_mem_instance/memory6[16]  
    core_instance0/psum_mem_instance/memory6[17]  
    core_instance0/psum_mem_instance/memory6[18]  
    core_instance0/psum_mem_instance/memory6[19]  
    core_instance0/psum_mem_instance/memory6[20]  
    core_instance0/psum_mem_instance/memory6[21]  
    core_instance0/psum_mem_instance/memory6[22]  
    core_instance0/psum_mem_instance/memory6[23]  
    core_instance0/psum_mem_instance/memory6[24]  
    core_instance0/psum_mem_instance/memory6[25]  
    core_instance0/psum_mem_instance/memory6[26]  
    core_instance0/psum_mem_instance/memory6[27]  
    core_instance0/psum_mem_instance/memory6[28]  
    core_instance0/psum_mem_instance/memory6[29]  
    core_instance0/psum_mem_instance/memory6[30]  
    core_instance0/psum_mem_instance/memory6[31]  
    core_instance0/psum_mem_instance/memory6[32]  
    core_instance0/psum_mem_instance/memory6[33]  
    core_instance0/psum_mem_instance/memory6[34]  
    core_instance0/psum_mem_instance/memory6[35]  
    core_instance0/psum_mem_instance/memory6[36]  
    core_instance0/psum_mem_instance/memory6[37]  
    core_instance0/psum_mem_instance/memory6[38]  
    core_instance0/psum_mem_instance/memory6[39]  
    core_instance0/psum_mem_instance/memory6[40]  
    core_instance0/psum_mem_instance/memory6[41]  
    core_instance0/psum_mem_instance/memory6[42]  
    core_instance0/psum_mem_instance/memory6[43]  
    core_instance0/psum_mem_instance/memory6[44]  
    core_instance0/psum_mem_instance/memory6[45]  
    core_instance0/psum_mem_instance/memory6[46]  
    core_instance0/psum_mem_instance/memory6[47]  
    core_instance0/psum_mem_instance/memory6[48]  
    core_instance0/psum_mem_instance/memory6[49]  
    core_instance0/psum_mem_instance/memory6[50]  
    core_instance0/psum_mem_instance/memory6[51]  
    core_instance0/psum_mem_instance/memory6[52]  
    core_instance0/psum_mem_instance/memory6[53]  
    core_instance0/psum_mem_instance/memory6[54]  
    core_instance0/psum_mem_instance/memory6[55]  
    core_instance0/psum_mem_instance/memory6[56]  
    core_instance0/psum_mem_instance/memory6[57]  
    core_instance0/psum_mem_instance/memory6[58]  
    core_instance0/psum_mem_instance/memory6[59]  
    core_instance0/psum_mem_instance/memory6[60]  
    core_instance0/psum_mem_instance/memory6[61]  
    core_instance0/psum_mem_instance/memory6[62]  
    core_instance0/psum_mem_instance/memory6[63]  
    core_instance0/psum_mem_instance/memory6[64]  
    core_instance0/psum_mem_instance/memory6[65]  
    core_instance0/psum_mem_instance/memory6[66]  
    core_instance0/psum_mem_instance/memory6[67]  
    core_instance0/psum_mem_instance/memory6[68]  
    core_instance0/psum_mem_instance/memory6[69]  
    core_instance0/psum_mem_instance/memory6[70]  
    core_instance0/psum_mem_instance/memory6[71]  
    core_instance0/psum_mem_instance/memory6[72]  
    core_instance0/psum_mem_instance/memory6[73]  
    core_instance0/psum_mem_instance/memory6[74]  
    core_instance0/psum_mem_instance/memory6[75]  
    core_instance0/psum_mem_instance/memory6[76]  
    core_instance0/psum_mem_instance/memory6[77]  
    core_instance0/psum_mem_instance/memory6[78]  
    core_instance0/psum_mem_instance/memory6[79]  
    core_instance0/psum_mem_instance/memory6[80]  
    core_instance0/psum_mem_instance/memory6[81]  
    core_instance0/psum_mem_instance/memory6[82]  
    core_instance0/psum_mem_instance/memory6[83]  
    core_instance0/psum_mem_instance/memory6[84]  
    core_instance0/psum_mem_instance/memory6[85]  
    core_instance0/psum_mem_instance/memory6[86]  
    core_instance0/psum_mem_instance/memory6[87]  
    core_instance0/psum_mem_instance/memory6[88]  
    core_instance0/psum_mem_instance/memory6[89]  
    core_instance0/psum_mem_instance/memory6[90]  
    core_instance0/psum_mem_instance/memory6[91]  
    core_instance0/psum_mem_instance/memory6[92]  
    core_instance0/psum_mem_instance/memory6[93]  
    core_instance0/psum_mem_instance/memory6[94]  
    core_instance0/psum_mem_instance/memory6[95]  
    core_instance0/psum_mem_instance/memory6[96]  
    core_instance0/psum_mem_instance/memory6[97]  
    core_instance0/psum_mem_instance/memory6[98]  
    core_instance0/psum_mem_instance/memory6[99]  
    core_instance0/psum_mem_instance/memory6[100]  
    core_instance0/psum_mem_instance/memory6[101]  
    core_instance0/psum_mem_instance/memory6[102]  
    core_instance0/psum_mem_instance/memory6[103]  
    core_instance0/psum_mem_instance/memory6[104]  
    core_instance0/psum_mem_instance/memory6[105]  
    core_instance0/psum_mem_instance/memory6[106]  
    core_instance0/psum_mem_instance/memory6[107]  
    core_instance0/psum_mem_instance/memory6[108]  
    core_instance0/psum_mem_instance/memory6[109]  
    core_instance0/psum_mem_instance/memory6[110]  
    core_instance0/psum_mem_instance/memory6[111]  
    core_instance0/psum_mem_instance/memory6[112]  
    core_instance0/psum_mem_instance/memory6[113]  
    core_instance0/psum_mem_instance/memory6[114]  
    core_instance0/psum_mem_instance/memory6[115]  
    core_instance0/psum_mem_instance/memory6[116]  
    core_instance0/psum_mem_instance/memory6[117]  
    core_instance0/psum_mem_instance/memory6[118]  
    core_instance0/psum_mem_instance/memory6[119]  
    core_instance0/psum_mem_instance/memory6[120]  
    core_instance0/psum_mem_instance/memory6[121]  
    core_instance0/psum_mem_instance/memory6[122]  
    core_instance0/psum_mem_instance/memory6[123]  
    core_instance0/psum_mem_instance/memory6[124]  
    core_instance0/psum_mem_instance/memory6[125]  
    core_instance0/psum_mem_instance/memory6[126]  
    core_instance0/psum_mem_instance/memory6[127]  
    core_instance0/psum_mem_instance/memory6[128]  
    core_instance0/psum_mem_instance/memory6[129]  
    core_instance0/psum_mem_instance/memory6[130]  
    core_instance0/psum_mem_instance/memory6[131]  
    core_instance0/psum_mem_instance/memory6[132]  
    core_instance0/psum_mem_instance/memory6[133]  
    core_instance0/psum_mem_instance/memory6[134]  
    core_instance0/psum_mem_instance/memory6[135]  
    core_instance0/psum_mem_instance/memory6[136]  
    core_instance0/psum_mem_instance/memory6[137]  
    core_instance0/psum_mem_instance/memory6[138]  
    core_instance0/psum_mem_instance/memory6[139]  
    core_instance0/psum_mem_instance/memory6[140]  
    core_instance0/psum_mem_instance/memory6[141]  
    core_instance0/psum_mem_instance/memory6[142]  
    core_instance0/psum_mem_instance/memory6[143]  
    core_instance0/psum_mem_instance/memory6[144]  
    core_instance0/psum_mem_instance/memory6[145]  
    core_instance0/psum_mem_instance/memory6[146]  
    core_instance0/psum_mem_instance/memory6[147]  
    core_instance0/psum_mem_instance/memory6[148]  
    core_instance0/psum_mem_instance/memory6[149]  
    core_instance0/psum_mem_instance/memory6[150]  
    core_instance0/psum_mem_instance/memory6[151]  
    core_instance0/psum_mem_instance/memory6[152]  
    core_instance0/psum_mem_instance/memory6[153]  
    core_instance0/psum_mem_instance/memory6[154]  
    core_instance0/psum_mem_instance/memory6[155]  
    core_instance0/psum_mem_instance/memory6[156]  
    core_instance0/psum_mem_instance/memory6[157]  
    core_instance0/psum_mem_instance/memory6[158]  
    core_instance0/psum_mem_instance/memory6[159]  
    core_instance0/psum_mem_instance/memory5[0]  
    core_instance0/psum_mem_instance/memory5[1]  
    core_instance0/psum_mem_instance/memory5[2]  
    core_instance0/psum_mem_instance/memory5[3]  
    core_instance0/psum_mem_instance/memory5[4]  
    core_instance0/psum_mem_instance/memory5[5]  
    core_instance0/psum_mem_instance/memory5[6]  
    core_instance0/psum_mem_instance/memory5[7]  
    core_instance0/psum_mem_instance/memory5[8]  
    core_instance0/psum_mem_instance/memory5[9]  
    core_instance0/psum_mem_instance/memory5[10]  
    core_instance0/psum_mem_instance/memory5[11]  
    core_instance0/psum_mem_instance/memory5[12]  
    core_instance0/psum_mem_instance/memory5[13]  
    core_instance0/psum_mem_instance/memory5[14]  
    core_instance0/psum_mem_instance/memory5[15]  
    core_instance0/psum_mem_instance/memory5[16]  
    core_instance0/psum_mem_instance/memory5[17]  
    core_instance0/psum_mem_instance/memory5[18]  
    core_instance0/psum_mem_instance/memory5[19]  
    core_instance0/psum_mem_instance/memory5[20]  
    core_instance0/psum_mem_instance/memory5[21]  
    core_instance0/psum_mem_instance/memory5[22]  
    core_instance0/psum_mem_instance/memory5[23]  
    core_instance0/psum_mem_instance/memory5[24]  
    core_instance0/psum_mem_instance/memory5[25]  
    core_instance0/psum_mem_instance/memory5[26]  
    core_instance0/psum_mem_instance/memory5[27]  
    core_instance0/psum_mem_instance/memory5[28]  
    core_instance0/psum_mem_instance/memory5[29]  
    core_instance0/psum_mem_instance/memory5[30]  
    core_instance0/psum_mem_instance/memory5[31]  
    core_instance0/psum_mem_instance/memory5[32]  
    core_instance0/psum_mem_instance/memory5[33]  
    core_instance0/psum_mem_instance/memory5[34]  
    core_instance0/psum_mem_instance/memory5[35]  
    core_instance0/psum_mem_instance/memory5[36]  
    core_instance0/psum_mem_instance/memory5[37]  
    core_instance0/psum_mem_instance/memory5[38]  
    core_instance0/psum_mem_instance/memory5[39]  
    core_instance0/psum_mem_instance/memory5[40]  
    core_instance0/psum_mem_instance/memory5[41]  
    core_instance0/psum_mem_instance/memory5[42]  
    core_instance0/psum_mem_instance/memory5[43]  
    core_instance0/psum_mem_instance/memory5[44]  
    core_instance0/psum_mem_instance/memory5[45]  
    core_instance0/psum_mem_instance/memory5[46]  
    core_instance0/psum_mem_instance/memory5[47]  
    core_instance0/psum_mem_instance/memory5[48]  
    core_instance0/psum_mem_instance/memory5[49]  
    core_instance0/psum_mem_instance/memory5[50]  
    core_instance0/psum_mem_instance/memory5[51]  
    core_instance0/psum_mem_instance/memory5[52]  
    core_instance0/psum_mem_instance/memory5[53]  
    core_instance0/psum_mem_instance/memory5[54]  
    core_instance0/psum_mem_instance/memory5[55]  
    core_instance0/psum_mem_instance/memory5[56]  
    core_instance0/psum_mem_instance/memory5[57]  
    core_instance0/psum_mem_instance/memory5[58]  
    core_instance0/psum_mem_instance/memory5[59]  
    core_instance0/psum_mem_instance/memory5[60]  
    core_instance0/psum_mem_instance/memory5[61]  
    core_instance0/psum_mem_instance/memory5[62]  
    core_instance0/psum_mem_instance/memory5[63]  
    core_instance0/psum_mem_instance/memory5[64]  
    core_instance0/psum_mem_instance/memory5[65]  
    core_instance0/psum_mem_instance/memory5[66]  
    core_instance0/psum_mem_instance/memory5[67]  
    core_instance0/psum_mem_instance/memory5[68]  
    core_instance0/psum_mem_instance/memory5[69]  
    core_instance0/psum_mem_instance/memory5[70]  
    core_instance0/psum_mem_instance/memory5[71]  
    core_instance0/psum_mem_instance/memory5[72]  
    core_instance0/psum_mem_instance/memory5[73]  
    core_instance0/psum_mem_instance/memory5[74]  
    core_instance0/psum_mem_instance/memory5[75]  
    core_instance0/psum_mem_instance/memory5[76]  
    core_instance0/psum_mem_instance/memory5[77]  
    core_instance0/psum_mem_instance/memory5[78]  
    core_instance0/psum_mem_instance/memory5[79]  
    core_instance0/psum_mem_instance/memory5[80]  
    core_instance0/psum_mem_instance/memory5[81]  
    core_instance0/psum_mem_instance/memory5[82]  
    core_instance0/psum_mem_instance/memory5[83]  
    core_instance0/psum_mem_instance/memory5[84]  
    core_instance0/psum_mem_instance/memory5[85]  
    core_instance0/psum_mem_instance/memory5[86]  
    core_instance0/psum_mem_instance/memory5[87]  
    core_instance0/psum_mem_instance/memory5[88]  
    core_instance0/psum_mem_instance/memory5[89]  
    core_instance0/psum_mem_instance/memory5[90]  
    core_instance0/psum_mem_instance/memory5[91]  
    core_instance0/psum_mem_instance/memory5[92]  
    core_instance0/psum_mem_instance/memory5[93]  
    core_instance0/psum_mem_instance/memory5[94]  
    core_instance0/psum_mem_instance/memory5[95]  
    core_instance0/psum_mem_instance/memory5[96]  
    core_instance0/psum_mem_instance/memory5[97]  
    core_instance0/psum_mem_instance/memory5[98]  
    core_instance0/psum_mem_instance/memory5[99]  
    core_instance0/psum_mem_instance/memory5[100]  
    core_instance0/psum_mem_instance/memory5[101]  
    core_instance0/psum_mem_instance/memory5[102]  
    core_instance0/psum_mem_instance/memory5[103]  
    core_instance0/psum_mem_instance/memory5[104]  
    core_instance0/psum_mem_instance/memory5[105]  
    core_instance0/psum_mem_instance/memory5[106]  
    core_instance0/psum_mem_instance/memory5[107]  
    core_instance0/psum_mem_instance/memory5[108]  
    core_instance0/psum_mem_instance/memory5[109]  
    core_instance0/psum_mem_instance/memory5[110]  
    core_instance0/psum_mem_instance/memory5[111]  
    core_instance0/psum_mem_instance/memory5[112]  
    core_instance0/psum_mem_instance/memory5[113]  
    core_instance0/psum_mem_instance/memory5[114]  
    core_instance0/psum_mem_instance/memory5[115]  
    core_instance0/psum_mem_instance/memory5[116]  
    core_instance0/psum_mem_instance/memory5[117]  
    core_instance0/psum_mem_instance/memory5[118]  
    core_instance0/psum_mem_instance/memory5[119]  
    core_instance0/psum_mem_instance/memory5[120]  
    core_instance0/psum_mem_instance/memory5[121]  
    core_instance0/psum_mem_instance/memory5[122]  
    core_instance0/psum_mem_instance/memory5[123]  
    core_instance0/psum_mem_instance/memory5[124]  
    core_instance0/psum_mem_instance/memory5[125]  
    core_instance0/psum_mem_instance/memory5[126]  
    core_instance0/psum_mem_instance/memory5[127]  
    core_instance0/psum_mem_instance/memory5[128]  
    core_instance0/psum_mem_instance/memory5[129]  
    core_instance0/psum_mem_instance/memory5[130]  
    core_instance0/psum_mem_instance/memory5[131]  
    core_instance0/psum_mem_instance/memory5[132]  
    core_instance0/psum_mem_instance/memory5[133]  
    core_instance0/psum_mem_instance/memory5[134]  
    core_instance0/psum_mem_instance/memory5[135]  
    core_instance0/psum_mem_instance/memory5[136]  
    core_instance0/psum_mem_instance/memory5[137]  
    core_instance0/psum_mem_instance/memory5[138]  
    core_instance0/psum_mem_instance/memory5[139]  
    core_instance0/psum_mem_instance/memory5[140]  
    core_instance0/psum_mem_instance/memory5[141]  
    core_instance0/psum_mem_instance/memory5[142]  
    core_instance0/psum_mem_instance/memory5[143]  
    core_instance0/psum_mem_instance/memory5[144]  
    core_instance0/psum_mem_instance/memory5[145]  
    core_instance0/psum_mem_instance/memory5[146]  
    core_instance0/psum_mem_instance/memory5[147]  
    core_instance0/psum_mem_instance/memory5[148]  
    core_instance0/psum_mem_instance/memory5[149]  
    core_instance0/psum_mem_instance/memory5[150]  
    core_instance0/psum_mem_instance/memory5[151]  
    core_instance0/psum_mem_instance/memory5[152]  
    core_instance0/psum_mem_instance/memory5[153]  
    core_instance0/psum_mem_instance/memory5[154]  
    core_instance0/psum_mem_instance/memory5[155]  
    core_instance0/psum_mem_instance/memory5[156]  
    core_instance0/psum_mem_instance/memory5[157]  
    core_instance0/psum_mem_instance/memory5[158]  
    core_instance0/psum_mem_instance/memory5[159]  
    core_instance0/psum_mem_instance/memory4[0]  
    core_instance0/psum_mem_instance/memory4[1]  
    core_instance0/psum_mem_instance/memory4[2]  
    core_instance0/psum_mem_instance/memory4[3]  
    core_instance0/psum_mem_instance/memory4[4]  
    core_instance0/psum_mem_instance/memory4[5]  
    core_instance0/psum_mem_instance/memory4[6]  
    core_instance0/psum_mem_instance/memory4[7]  
    core_instance0/psum_mem_instance/memory4[8]  
    core_instance0/psum_mem_instance/memory4[9]  
    core_instance0/psum_mem_instance/memory4[10]  
    core_instance0/psum_mem_instance/memory4[11]  
    core_instance0/psum_mem_instance/memory4[12]  
    core_instance0/psum_mem_instance/memory4[13]  
    core_instance0/psum_mem_instance/memory4[14]  
    core_instance0/psum_mem_instance/memory4[15]  
    core_instance0/psum_mem_instance/memory4[16]  
    core_instance0/psum_mem_instance/memory4[17]  
    core_instance0/psum_mem_instance/memory4[18]  
    core_instance0/psum_mem_instance/memory4[19]  
    core_instance0/psum_mem_instance/memory4[20]  
    core_instance0/psum_mem_instance/memory4[21]  
    core_instance0/psum_mem_instance/memory4[22]  
    core_instance0/psum_mem_instance/memory4[23]  
    core_instance0/psum_mem_instance/memory4[24]  
    core_instance0/psum_mem_instance/memory4[25]  
    core_instance0/psum_mem_instance/memory4[26]  
    core_instance0/psum_mem_instance/memory4[27]  
    core_instance0/psum_mem_instance/memory4[28]  
    core_instance0/psum_mem_instance/memory4[29]  
    core_instance0/psum_mem_instance/memory4[30]  
    core_instance0/psum_mem_instance/memory4[31]  
    core_instance0/psum_mem_instance/memory4[32]  
    core_instance0/psum_mem_instance/memory4[33]  
    core_instance0/psum_mem_instance/memory4[34]  
    core_instance0/psum_mem_instance/memory4[35]  
    core_instance0/psum_mem_instance/memory4[36]  
    core_instance0/psum_mem_instance/memory4[37]  
    core_instance0/psum_mem_instance/memory4[38]  
    core_instance0/psum_mem_instance/memory4[39]  
    core_instance0/psum_mem_instance/memory4[40]  
    core_instance0/psum_mem_instance/memory4[41]  
    core_instance0/psum_mem_instance/memory4[42]  
    core_instance0/psum_mem_instance/memory4[43]  
    core_instance0/psum_mem_instance/memory4[44]  
    core_instance0/psum_mem_instance/memory4[45]  
    core_instance0/psum_mem_instance/memory4[46]  
    core_instance0/psum_mem_instance/memory4[47]  
    core_instance0/psum_mem_instance/memory4[48]  
    core_instance0/psum_mem_instance/memory4[49]  
    core_instance0/psum_mem_instance/memory4[50]  
    core_instance0/psum_mem_instance/memory4[51]  
    core_instance0/psum_mem_instance/memory4[52]  
    core_instance0/psum_mem_instance/memory4[53]  
    core_instance0/psum_mem_instance/memory4[54]  
    core_instance0/psum_mem_instance/memory4[55]  
    core_instance0/psum_mem_instance/memory4[56]  
    core_instance0/psum_mem_instance/memory4[57]  
    core_instance0/psum_mem_instance/memory4[58]  
    core_instance0/psum_mem_instance/memory4[59]  
    core_instance0/psum_mem_instance/memory4[60]  
    core_instance0/psum_mem_instance/memory4[61]  
    core_instance0/psum_mem_instance/memory4[62]  
    core_instance0/psum_mem_instance/memory4[63]  
    core_instance0/psum_mem_instance/memory4[64]  
    core_instance0/psum_mem_instance/memory4[65]  
    core_instance0/psum_mem_instance/memory4[66]  
    core_instance0/psum_mem_instance/memory4[67]  
    core_instance0/psum_mem_instance/memory4[68]  
    core_instance0/psum_mem_instance/memory4[69]  
    core_instance0/psum_mem_instance/memory4[70]  
    core_instance0/psum_mem_instance/memory4[71]  
    core_instance0/psum_mem_instance/memory4[72]  
    core_instance0/psum_mem_instance/memory4[73]  
    core_instance0/psum_mem_instance/memory4[74]  
    core_instance0/psum_mem_instance/memory4[75]  
    core_instance0/psum_mem_instance/memory4[76]  
    core_instance0/psum_mem_instance/memory4[77]  
    core_instance0/psum_mem_instance/memory4[78]  
    core_instance0/psum_mem_instance/memory4[79]  
    core_instance0/psum_mem_instance/memory4[80]  
    core_instance0/psum_mem_instance/memory4[81]  
    core_instance0/psum_mem_instance/memory4[82]  
    core_instance0/psum_mem_instance/memory4[83]  
    core_instance0/psum_mem_instance/memory4[84]  
    core_instance0/psum_mem_instance/memory4[85]  
    core_instance0/psum_mem_instance/memory4[86]  
    core_instance0/psum_mem_instance/memory4[87]  
    core_instance0/psum_mem_instance/memory4[88]  
    core_instance0/psum_mem_instance/memory4[89]  
    core_instance0/psum_mem_instance/memory4[90]  
    core_instance0/psum_mem_instance/memory4[91]  
    core_instance0/psum_mem_instance/memory4[92]  
    core_instance0/psum_mem_instance/memory4[93]  
    core_instance0/psum_mem_instance/memory4[94]  
    core_instance0/psum_mem_instance/memory4[95]  
    core_instance0/psum_mem_instance/memory4[96]  
    core_instance0/psum_mem_instance/memory4[97]  
    core_instance0/psum_mem_instance/memory4[98]  
    core_instance0/psum_mem_instance/memory4[99]  
    core_instance0/psum_mem_instance/memory4[100]  
    core_instance0/psum_mem_instance/memory4[101]  
    core_instance0/psum_mem_instance/memory4[102]  
    core_instance0/psum_mem_instance/memory4[103]  
    core_instance0/psum_mem_instance/memory4[104]  
    core_instance0/psum_mem_instance/memory4[105]  
    core_instance0/psum_mem_instance/memory4[106]  
    core_instance0/psum_mem_instance/memory4[107]  
    core_instance0/psum_mem_instance/memory4[108]  
    core_instance0/psum_mem_instance/memory4[109]  
    core_instance0/psum_mem_instance/memory4[110]  
    core_instance0/psum_mem_instance/memory4[111]  
    core_instance0/psum_mem_instance/memory4[112]  
    core_instance0/psum_mem_instance/memory4[113]  
    core_instance0/psum_mem_instance/memory4[114]  
    core_instance0/psum_mem_instance/memory4[115]  
    core_instance0/psum_mem_instance/memory4[116]  
    core_instance0/psum_mem_instance/memory4[117]  
    core_instance0/psum_mem_instance/memory4[118]  
    core_instance0/psum_mem_instance/memory4[119]  
    core_instance0/psum_mem_instance/memory4[120]  
    core_instance0/psum_mem_instance/memory4[121]  
    core_instance0/psum_mem_instance/memory4[122]  
    core_instance0/psum_mem_instance/memory4[123]  
    core_instance0/psum_mem_instance/memory4[124]  
    core_instance0/psum_mem_instance/memory4[125]  
    core_instance0/psum_mem_instance/memory4[126]  
    core_instance0/psum_mem_instance/memory4[127]  
    core_instance0/psum_mem_instance/memory4[128]  
    core_instance0/psum_mem_instance/memory4[129]  
    core_instance0/psum_mem_instance/memory4[130]  
    core_instance0/psum_mem_instance/memory4[131]  
    core_instance0/psum_mem_instance/memory4[132]  
    core_instance0/psum_mem_instance/memory4[133]  
    core_instance0/psum_mem_instance/memory4[134]  
    core_instance0/psum_mem_instance/memory4[135]  
    core_instance0/psum_mem_instance/memory4[136]  
    core_instance0/psum_mem_instance/memory4[137]  
    core_instance0/psum_mem_instance/memory4[138]  
    core_instance0/psum_mem_instance/memory4[139]  
    core_instance0/psum_mem_instance/memory4[140]  
    core_instance0/psum_mem_instance/memory4[141]  
    core_instance0/psum_mem_instance/memory4[142]  
    core_instance0/psum_mem_instance/memory4[143]  
    core_instance0/psum_mem_instance/memory4[144]  
    core_instance0/psum_mem_instance/memory4[145]  
    core_instance0/psum_mem_instance/memory4[146]  
    core_instance0/psum_mem_instance/memory4[147]  
    core_instance0/psum_mem_instance/memory4[148]  
    core_instance0/psum_mem_instance/memory4[149]  
    core_instance0/psum_mem_instance/memory4[150]  
    core_instance0/psum_mem_instance/memory4[151]  
    core_instance0/psum_mem_instance/memory4[152]  
    core_instance0/psum_mem_instance/memory4[153]  
    core_instance0/psum_mem_instance/memory4[154]  
    core_instance0/psum_mem_instance/memory4[155]  
    core_instance0/psum_mem_instance/memory4[156]  
    core_instance0/psum_mem_instance/memory4[157]  
    core_instance0/psum_mem_instance/memory4[158]  
    core_instance0/psum_mem_instance/memory4[159]  
    core_instance0/psum_mem_instance/memory3[0]  
    core_instance0/psum_mem_instance/memory3[1]  
    core_instance0/psum_mem_instance/memory3[2]  
    core_instance0/psum_mem_instance/memory3[3]  
    core_instance0/psum_mem_instance/memory3[4]  
    core_instance0/psum_mem_instance/memory3[5]  
    core_instance0/psum_mem_instance/memory3[6]  
    core_instance0/psum_mem_instance/memory3[7]  
    core_instance0/psum_mem_instance/memory3[8]  
    core_instance0/psum_mem_instance/memory3[9]  
    core_instance0/psum_mem_instance/memory3[10]  
    core_instance0/psum_mem_instance/memory3[11]  
    core_instance0/psum_mem_instance/memory3[12]  
    core_instance0/psum_mem_instance/memory3[13]  
    core_instance0/psum_mem_instance/memory3[14]  
    core_instance0/psum_mem_instance/memory3[15]  
    core_instance0/psum_mem_instance/memory3[16]  
    core_instance0/psum_mem_instance/memory3[17]  
    core_instance0/psum_mem_instance/memory3[18]  
    core_instance0/psum_mem_instance/memory3[19]  
    core_instance0/psum_mem_instance/memory3[20]  
    core_instance0/psum_mem_instance/memory3[21]  
    core_instance0/psum_mem_instance/memory3[22]  
    core_instance0/psum_mem_instance/memory3[23]  
    core_instance0/psum_mem_instance/memory3[24]  
    core_instance0/psum_mem_instance/memory3[25]  
    core_instance0/psum_mem_instance/memory3[26]  
    core_instance0/psum_mem_instance/memory3[27]  
    core_instance0/psum_mem_instance/memory3[28]  
    core_instance0/psum_mem_instance/memory3[29]  
    core_instance0/psum_mem_instance/memory3[30]  
    core_instance0/psum_mem_instance/memory3[31]  
    core_instance0/psum_mem_instance/memory3[32]  
    core_instance0/psum_mem_instance/memory3[33]  
    core_instance0/psum_mem_instance/memory3[34]  
    core_instance0/psum_mem_instance/memory3[35]  
    core_instance0/psum_mem_instance/memory3[36]  
    core_instance0/psum_mem_instance/memory3[37]  
    core_instance0/psum_mem_instance/memory3[38]  
    core_instance0/psum_mem_instance/memory3[39]  
    core_instance0/psum_mem_instance/memory3[40]  
    core_instance0/psum_mem_instance/memory3[41]  
    core_instance0/psum_mem_instance/memory3[42]  
    core_instance0/psum_mem_instance/memory3[43]  
    core_instance0/psum_mem_instance/memory3[44]  
    core_instance0/psum_mem_instance/memory3[45]  
    core_instance0/psum_mem_instance/memory3[46]  
    core_instance0/psum_mem_instance/memory3[47]  
    core_instance0/psum_mem_instance/memory3[48]  
    core_instance0/psum_mem_instance/memory3[49]  
    core_instance0/psum_mem_instance/memory3[50]  
    core_instance0/psum_mem_instance/memory3[51]  
    core_instance0/psum_mem_instance/memory3[52]  
    core_instance0/psum_mem_instance/memory3[53]  
    core_instance0/psum_mem_instance/memory3[54]  
    core_instance0/psum_mem_instance/memory3[55]  
    core_instance0/psum_mem_instance/memory3[56]  
    core_instance0/psum_mem_instance/memory3[57]  
    core_instance0/psum_mem_instance/memory3[58]  
    core_instance0/psum_mem_instance/memory3[59]  
    core_instance0/psum_mem_instance/memory3[60]  
    core_instance0/psum_mem_instance/memory3[61]  
    core_instance0/psum_mem_instance/memory3[62]  
    core_instance0/psum_mem_instance/memory3[63]  
    core_instance0/psum_mem_instance/memory3[64]  
    core_instance0/psum_mem_instance/memory3[65]  
    core_instance0/psum_mem_instance/memory3[66]  
    core_instance0/psum_mem_instance/memory3[67]  
    core_instance0/psum_mem_instance/memory3[68]  
    core_instance0/psum_mem_instance/memory3[69]  
    core_instance0/psum_mem_instance/memory3[70]  
    core_instance0/psum_mem_instance/memory3[71]  
    core_instance0/psum_mem_instance/memory3[72]  
    core_instance0/psum_mem_instance/memory3[73]  
    core_instance0/psum_mem_instance/memory3[74]  
    core_instance0/psum_mem_instance/memory3[75]  
    core_instance0/psum_mem_instance/memory3[76]  
    core_instance0/psum_mem_instance/memory3[77]  
    core_instance0/psum_mem_instance/memory3[78]  
    core_instance0/psum_mem_instance/memory3[79]  
    core_instance0/psum_mem_instance/memory3[80]  
    core_instance0/psum_mem_instance/memory3[81]  
    core_instance0/psum_mem_instance/memory3[82]  
    core_instance0/psum_mem_instance/memory3[83]  
    core_instance0/psum_mem_instance/memory3[84]  
    core_instance0/psum_mem_instance/memory3[85]  
    core_instance0/psum_mem_instance/memory3[86]  
    core_instance0/psum_mem_instance/memory3[87]  
    core_instance0/psum_mem_instance/memory3[88]  
    core_instance0/psum_mem_instance/memory3[89]  
    core_instance0/psum_mem_instance/memory3[90]  
    core_instance0/psum_mem_instance/memory3[91]  
    core_instance0/psum_mem_instance/memory3[92]  
    core_instance0/psum_mem_instance/memory3[93]  
    core_instance0/psum_mem_instance/memory3[94]  
    core_instance0/psum_mem_instance/memory3[95]  
    core_instance0/psum_mem_instance/memory3[96]  
    core_instance0/psum_mem_instance/memory3[97]  
    core_instance0/psum_mem_instance/memory3[98]  
    core_instance0/psum_mem_instance/memory3[99]  
    core_instance0/psum_mem_instance/memory3[100]  
    core_instance0/psum_mem_instance/memory3[101]  
    core_instance0/psum_mem_instance/memory3[102]  
    core_instance0/psum_mem_instance/memory3[103]  
    core_instance0/psum_mem_instance/memory3[104]  
    core_instance0/psum_mem_instance/memory3[105]  
    core_instance0/psum_mem_instance/memory3[106]  
    core_instance0/psum_mem_instance/memory3[107]  
    core_instance0/psum_mem_instance/memory3[108]  
    core_instance0/psum_mem_instance/memory3[109]  
    core_instance0/psum_mem_instance/memory3[110]  
    core_instance0/psum_mem_instance/memory3[111]  
    core_instance0/psum_mem_instance/memory3[112]  
    core_instance0/psum_mem_instance/memory3[113]  
    core_instance0/psum_mem_instance/memory3[114]  
    core_instance0/psum_mem_instance/memory3[115]  
    core_instance0/psum_mem_instance/memory3[116]  
    core_instance0/psum_mem_instance/memory3[117]  
    core_instance0/psum_mem_instance/memory3[118]  
    core_instance0/psum_mem_instance/memory3[119]  
    core_instance0/psum_mem_instance/memory3[120]  
    core_instance0/psum_mem_instance/memory3[121]  
    core_instance0/psum_mem_instance/memory3[122]  
    core_instance0/psum_mem_instance/memory3[123]  
    core_instance0/psum_mem_instance/memory3[124]  
    core_instance0/psum_mem_instance/memory3[125]  
    core_instance0/psum_mem_instance/memory3[126]  
    core_instance0/psum_mem_instance/memory3[127]  
    core_instance0/psum_mem_instance/memory3[128]  
    core_instance0/psum_mem_instance/memory3[129]  
    core_instance0/psum_mem_instance/memory3[130]  
    core_instance0/psum_mem_instance/memory3[131]  
    core_instance0/psum_mem_instance/memory3[132]  
    core_instance0/psum_mem_instance/memory3[133]  
    core_instance0/psum_mem_instance/memory3[134]  
    core_instance0/psum_mem_instance/memory3[135]  
    core_instance0/psum_mem_instance/memory3[136]  
    core_instance0/psum_mem_instance/memory3[137]  
    core_instance0/psum_mem_instance/memory3[138]  
    core_instance0/psum_mem_instance/memory3[139]  
    core_instance0/psum_mem_instance/memory3[140]  
    core_instance0/psum_mem_instance/memory3[141]  
    core_instance0/psum_mem_instance/memory3[142]  
    core_instance0/psum_mem_instance/memory3[143]  
    core_instance0/psum_mem_instance/memory3[144]  
    core_instance0/psum_mem_instance/memory3[145]  
    core_instance0/psum_mem_instance/memory3[146]  
    core_instance0/psum_mem_instance/memory3[147]  
    core_instance0/psum_mem_instance/memory3[148]  
    core_instance0/psum_mem_instance/memory3[149]  
    core_instance0/psum_mem_instance/memory3[150]  
    core_instance0/psum_mem_instance/memory3[151]  
    core_instance0/psum_mem_instance/memory3[152]  
    core_instance0/psum_mem_instance/memory3[153]  
    core_instance0/psum_mem_instance/memory3[154]  
    core_instance0/psum_mem_instance/memory3[155]  
    core_instance0/psum_mem_instance/memory3[156]  
    core_instance0/psum_mem_instance/memory3[157]  
    core_instance0/psum_mem_instance/memory3[158]  
    core_instance0/psum_mem_instance/memory3[159]  
    core_instance0/psum_mem_instance/memory2[0]  
    core_instance0/psum_mem_instance/memory2[1]  
    core_instance0/psum_mem_instance/memory2[2]  
    core_instance0/psum_mem_instance/memory2[3]  
    core_instance0/psum_mem_instance/memory2[4]  
    core_instance0/psum_mem_instance/memory2[5]  
    core_instance0/psum_mem_instance/memory2[6]  
    core_instance0/psum_mem_instance/memory2[7]  
    core_instance0/psum_mem_instance/memory2[8]  
    core_instance0/psum_mem_instance/memory2[9]  
    core_instance0/psum_mem_instance/memory2[10]  
    core_instance0/psum_mem_instance/memory2[11]  
    core_instance0/psum_mem_instance/memory2[12]  
    core_instance0/psum_mem_instance/memory2[13]  
    core_instance0/psum_mem_instance/memory2[14]  
    core_instance0/psum_mem_instance/memory2[15]  
    core_instance0/psum_mem_instance/memory2[16]  
    core_instance0/psum_mem_instance/memory2[17]  
    core_instance0/psum_mem_instance/memory2[18]  
    core_instance0/psum_mem_instance/memory2[19]  
    core_instance0/psum_mem_instance/memory2[20]  
    core_instance0/psum_mem_instance/memory2[21]  
    core_instance0/psum_mem_instance/memory2[22]  
    core_instance0/psum_mem_instance/memory2[23]  
    core_instance0/psum_mem_instance/memory2[24]  
    core_instance0/psum_mem_instance/memory2[25]  
    core_instance0/psum_mem_instance/memory2[26]  
    core_instance0/psum_mem_instance/memory2[27]  
    core_instance0/psum_mem_instance/memory2[28]  
    core_instance0/psum_mem_instance/memory2[29]  
    core_instance0/psum_mem_instance/memory2[30]  
    core_instance0/psum_mem_instance/memory2[31]  
    core_instance0/psum_mem_instance/memory2[32]  
    core_instance0/psum_mem_instance/memory2[33]  
    core_instance0/psum_mem_instance/memory2[34]  
    core_instance0/psum_mem_instance/memory2[35]  
    core_instance0/psum_mem_instance/memory2[36]  
    core_instance0/psum_mem_instance/memory2[37]  
    core_instance0/psum_mem_instance/memory2[38]  
    core_instance0/psum_mem_instance/memory2[39]  
    core_instance0/psum_mem_instance/memory2[40]  
    core_instance0/psum_mem_instance/memory2[41]  
    core_instance0/psum_mem_instance/memory2[42]  
    core_instance0/psum_mem_instance/memory2[43]  
    core_instance0/psum_mem_instance/memory2[44]  
    core_instance0/psum_mem_instance/memory2[45]  
    core_instance0/psum_mem_instance/memory2[46]  
    core_instance0/psum_mem_instance/memory2[47]  
    core_instance0/psum_mem_instance/memory2[48]  
    core_instance0/psum_mem_instance/memory2[49]  
    core_instance0/psum_mem_instance/memory2[50]  
    core_instance0/psum_mem_instance/memory2[51]  
    core_instance0/psum_mem_instance/memory2[52]  
    core_instance0/psum_mem_instance/memory2[53]  
    core_instance0/psum_mem_instance/memory2[54]  
    core_instance0/psum_mem_instance/memory2[55]  
    core_instance0/psum_mem_instance/memory2[56]  
    core_instance0/psum_mem_instance/memory2[57]  
    core_instance0/psum_mem_instance/memory2[58]  
    core_instance0/psum_mem_instance/memory2[59]  
    core_instance0/psum_mem_instance/memory2[60]  
    core_instance0/psum_mem_instance/memory2[61]  
    core_instance0/psum_mem_instance/memory2[62]  
    core_instance0/psum_mem_instance/memory2[63]  
    core_instance0/psum_mem_instance/memory2[64]  
    core_instance0/psum_mem_instance/memory2[65]  
    core_instance0/psum_mem_instance/memory2[66]  
    core_instance0/psum_mem_instance/memory2[67]  
    core_instance0/psum_mem_instance/memory2[68]  
    core_instance0/psum_mem_instance/memory2[69]  
    core_instance0/psum_mem_instance/memory2[70]  
    core_instance0/psum_mem_instance/memory2[71]  
    core_instance0/psum_mem_instance/memory2[72]  
    core_instance0/psum_mem_instance/memory2[73]  
    core_instance0/psum_mem_instance/memory2[74]  
    core_instance0/psum_mem_instance/memory2[75]  
    core_instance0/psum_mem_instance/memory2[76]  
    core_instance0/psum_mem_instance/memory2[77]  
    core_instance0/psum_mem_instance/memory2[78]  
    core_instance0/psum_mem_instance/memory2[79]  
    core_instance0/psum_mem_instance/memory2[80]  
    core_instance0/psum_mem_instance/memory2[81]  
    core_instance0/psum_mem_instance/memory2[82]  
    core_instance0/psum_mem_instance/memory2[83]  
    core_instance0/psum_mem_instance/memory2[84]  
    core_instance0/psum_mem_instance/memory2[85]  
    core_instance0/psum_mem_instance/memory2[86]  
    core_instance0/psum_mem_instance/memory2[87]  
    core_instance0/psum_mem_instance/memory2[88]  
    core_instance0/psum_mem_instance/memory2[89]  
    core_instance0/psum_mem_instance/memory2[90]  
    core_instance0/psum_mem_instance/memory2[91]  
    core_instance0/psum_mem_instance/memory2[92]  
    core_instance0/psum_mem_instance/memory2[93]  
    core_instance0/psum_mem_instance/memory2[94]  
    core_instance0/psum_mem_instance/memory2[95]  
    core_instance0/psum_mem_instance/memory2[96]  
    core_instance0/psum_mem_instance/memory2[97]  
    core_instance0/psum_mem_instance/memory2[98]  
    core_instance0/psum_mem_instance/memory2[99]  
    core_instance0/psum_mem_instance/memory2[100]  
    core_instance0/psum_mem_instance/memory2[101]  
    core_instance0/psum_mem_instance/memory2[102]  
    core_instance0/psum_mem_instance/memory2[103]  
    core_instance0/psum_mem_instance/memory2[104]  
    core_instance0/psum_mem_instance/memory2[105]  
    core_instance0/psum_mem_instance/memory2[106]  
    core_instance0/psum_mem_instance/memory2[107]  
    core_instance0/psum_mem_instance/memory2[108]  
    core_instance0/psum_mem_instance/memory2[109]  
    core_instance0/psum_mem_instance/memory2[110]  
    core_instance0/psum_mem_instance/memory2[111]  
    core_instance0/psum_mem_instance/memory2[112]  
    core_instance0/psum_mem_instance/memory2[113]  
    core_instance0/psum_mem_instance/memory2[114]  
    core_instance0/psum_mem_instance/memory2[115]  
    core_instance0/psum_mem_instance/memory2[116]  
    core_instance0/psum_mem_instance/memory2[117]  
    core_instance0/psum_mem_instance/memory2[118]  
    core_instance0/psum_mem_instance/memory2[119]  
    core_instance0/psum_mem_instance/memory2[120]  
    core_instance0/psum_mem_instance/memory2[121]  
    core_instance0/psum_mem_instance/memory2[122]  
    core_instance0/psum_mem_instance/memory2[123]  
    core_instance0/psum_mem_instance/memory2[124]  
    core_instance0/psum_mem_instance/memory2[125]  
    core_instance0/psum_mem_instance/memory2[126]  
    core_instance0/psum_mem_instance/memory2[127]  
    core_instance0/psum_mem_instance/memory2[128]  
    core_instance0/psum_mem_instance/memory2[129]  
    core_instance0/psum_mem_instance/memory2[130]  
    core_instance0/psum_mem_instance/memory2[131]  
    core_instance0/psum_mem_instance/memory2[132]  
    core_instance0/psum_mem_instance/memory2[133]  
    core_instance0/psum_mem_instance/memory2[134]  
    core_instance0/psum_mem_instance/memory2[135]  
    core_instance0/psum_mem_instance/memory2[136]  
    core_instance0/psum_mem_instance/memory2[137]  
    core_instance0/psum_mem_instance/memory2[138]  
    core_instance0/psum_mem_instance/memory2[139]  
    core_instance0/psum_mem_instance/memory2[140]  
    core_instance0/psum_mem_instance/memory2[141]  
    core_instance0/psum_mem_instance/memory2[142]  
    core_instance0/psum_mem_instance/memory2[143]  
    core_instance0/psum_mem_instance/memory2[144]  
    core_instance0/psum_mem_instance/memory2[145]  
    core_instance0/psum_mem_instance/memory2[146]  
    core_instance0/psum_mem_instance/memory2[147]  
    core_instance0/psum_mem_instance/memory2[148]  
    core_instance0/psum_mem_instance/memory2[149]  
    core_instance0/psum_mem_instance/memory2[150]  
    core_instance0/psum_mem_instance/memory2[151]  
    core_instance0/psum_mem_instance/memory2[152]  
    core_instance0/psum_mem_instance/memory2[153]  
    core_instance0/psum_mem_instance/memory2[154]  
    core_instance0/psum_mem_instance/memory2[155]  
    core_instance0/psum_mem_instance/memory2[156]  
    core_instance0/psum_mem_instance/memory2[157]  
    core_instance0/psum_mem_instance/memory2[158]  
    core_instance0/psum_mem_instance/memory2[159]  
    core_instance0/psum_mem_instance/memory1[0]  
    core_instance0/psum_mem_instance/memory1[1]  
    core_instance0/psum_mem_instance/memory1[2]  
    core_instance0/psum_mem_instance/memory1[3]  
    core_instance0/psum_mem_instance/memory1[4]  
    core_instance0/psum_mem_instance/memory1[5]  
    core_instance0/psum_mem_instance/memory1[6]  
    core_instance0/psum_mem_instance/memory1[7]  
    core_instance0/psum_mem_instance/memory1[8]  
    core_instance0/psum_mem_instance/memory1[9]  
    core_instance0/psum_mem_instance/memory1[10]  
    core_instance0/psum_mem_instance/memory1[11]  
    core_instance0/psum_mem_instance/memory1[12]  
    core_instance0/psum_mem_instance/memory1[13]  
    core_instance0/psum_mem_instance/memory1[14]  
    core_instance0/psum_mem_instance/memory1[15]  
    core_instance0/psum_mem_instance/memory1[16]  
    core_instance0/psum_mem_instance/memory1[17]  
    core_instance0/psum_mem_instance/memory1[18]  
    core_instance0/psum_mem_instance/memory1[19]  
    core_instance0/psum_mem_instance/memory1[20]  
    core_instance0/psum_mem_instance/memory1[21]  
    core_instance0/psum_mem_instance/memory1[22]  
    core_instance0/psum_mem_instance/memory1[23]  
    core_instance0/psum_mem_instance/memory1[24]  
    core_instance0/psum_mem_instance/memory1[25]  
    core_instance0/psum_mem_instance/memory1[26]  
    core_instance0/psum_mem_instance/memory1[27]  
    core_instance0/psum_mem_instance/memory1[28]  
    core_instance0/psum_mem_instance/memory1[29]  
    core_instance0/psum_mem_instance/memory1[30]  
    core_instance0/psum_mem_instance/memory1[31]  
    core_instance0/psum_mem_instance/memory1[32]  
    core_instance0/psum_mem_instance/memory1[33]  
    core_instance0/psum_mem_instance/memory1[34]  
    core_instance0/psum_mem_instance/memory1[35]  
    core_instance0/psum_mem_instance/memory1[36]  
    core_instance0/psum_mem_instance/memory1[37]  
    core_instance0/psum_mem_instance/memory1[38]  
    core_instance0/psum_mem_instance/memory1[39]  
    core_instance0/psum_mem_instance/memory1[40]  
    core_instance0/psum_mem_instance/memory1[41]  
    core_instance0/psum_mem_instance/memory1[42]  
    core_instance0/psum_mem_instance/memory1[43]  
    core_instance0/psum_mem_instance/memory1[44]  
    core_instance0/psum_mem_instance/memory1[45]  
    core_instance0/psum_mem_instance/memory1[46]  
    core_instance0/psum_mem_instance/memory1[47]  
    core_instance0/psum_mem_instance/memory1[48]  
    core_instance0/psum_mem_instance/memory1[49]  
    core_instance0/psum_mem_instance/memory1[50]  
    core_instance0/psum_mem_instance/memory1[51]  
    core_instance0/psum_mem_instance/memory1[52]  
    core_instance0/psum_mem_instance/memory1[53]  
    core_instance0/psum_mem_instance/memory1[54]  
    core_instance0/psum_mem_instance/memory1[55]  
    core_instance0/psum_mem_instance/memory1[56]  
    core_instance0/psum_mem_instance/memory1[57]  
    core_instance0/psum_mem_instance/memory1[58]  
    core_instance0/psum_mem_instance/memory1[59]  
    core_instance0/psum_mem_instance/memory1[60]  
    core_instance0/psum_mem_instance/memory1[61]  
    core_instance0/psum_mem_instance/memory1[62]  
    core_instance0/psum_mem_instance/memory1[63]  
    core_instance0/psum_mem_instance/memory1[64]  
    core_instance0/psum_mem_instance/memory1[65]  
    core_instance0/psum_mem_instance/memory1[66]  
    core_instance0/psum_mem_instance/memory1[67]  
    core_instance0/psum_mem_instance/memory1[68]  
    core_instance0/psum_mem_instance/memory1[69]  
    core_instance0/psum_mem_instance/memory1[70]  
    core_instance0/psum_mem_instance/memory1[71]  
    core_instance0/psum_mem_instance/memory1[72]  
    core_instance0/psum_mem_instance/memory1[73]  
    core_instance0/psum_mem_instance/memory1[74]  
    core_instance0/psum_mem_instance/memory1[75]  
    core_instance0/psum_mem_instance/memory1[76]  
    core_instance0/psum_mem_instance/memory1[77]  
    core_instance0/psum_mem_instance/memory1[78]  
    core_instance0/psum_mem_instance/memory1[79]  
    core_instance0/psum_mem_instance/memory1[80]  
    core_instance0/psum_mem_instance/memory1[81]  
    core_instance0/psum_mem_instance/memory1[82]  
    core_instance0/psum_mem_instance/memory1[83]  
    core_instance0/psum_mem_instance/memory1[84]  
    core_instance0/psum_mem_instance/memory1[85]  
    core_instance0/psum_mem_instance/memory1[86]  
    core_instance0/psum_mem_instance/memory1[87]  
    core_instance0/psum_mem_instance/memory1[88]  
    core_instance0/psum_mem_instance/memory1[89]  
    core_instance0/psum_mem_instance/memory1[90]  
    core_instance0/psum_mem_instance/memory1[91]  
    core_instance0/psum_mem_instance/memory1[92]  
    core_instance0/psum_mem_instance/memory1[93]  
    core_instance0/psum_mem_instance/memory1[94]  
    core_instance0/psum_mem_instance/memory1[95]  
    core_instance0/psum_mem_instance/memory1[96]  
    core_instance0/psum_mem_instance/memory1[97]  
    core_instance0/psum_mem_instance/memory1[98]  
    core_instance0/psum_mem_instance/memory1[99]  
    core_instance0/psum_mem_instance/memory1[100]  
    core_instance0/psum_mem_instance/memory1[101]  
    core_instance0/psum_mem_instance/memory1[102]  
    core_instance0/psum_mem_instance/memory1[103]  
    core_instance0/psum_mem_instance/memory1[104]  
    core_instance0/psum_mem_instance/memory1[105]  
    core_instance0/psum_mem_instance/memory1[106]  
    core_instance0/psum_mem_instance/memory1[107]  
    core_instance0/psum_mem_instance/memory1[108]  
    core_instance0/psum_mem_instance/memory1[109]  
    core_instance0/psum_mem_instance/memory1[110]  
    core_instance0/psum_mem_instance/memory1[111]  
    core_instance0/psum_mem_instance/memory1[112]  
    core_instance0/psum_mem_instance/memory1[113]  
    core_instance0/psum_mem_instance/memory1[114]  
    core_instance0/psum_mem_instance/memory1[115]  
    core_instance0/psum_mem_instance/memory1[116]  
    core_instance0/psum_mem_instance/memory1[117]  
    core_instance0/psum_mem_instance/memory1[118]  
    core_instance0/psum_mem_instance/memory1[119]  
    core_instance0/psum_mem_instance/memory1[120]  
    core_instance0/psum_mem_instance/memory1[121]  
    core_instance0/psum_mem_instance/memory1[122]  
    core_instance0/psum_mem_instance/memory1[123]  
    core_instance0/psum_mem_instance/memory1[124]  
    core_instance0/psum_mem_instance/memory1[125]  
    core_instance0/psum_mem_instance/memory1[126]  
    core_instance0/psum_mem_instance/memory1[127]  
    core_instance0/psum_mem_instance/memory1[128]  
    core_instance0/psum_mem_instance/memory1[129]  
    core_instance0/psum_mem_instance/memory1[130]  
    core_instance0/psum_mem_instance/memory1[131]  
    core_instance0/psum_mem_instance/memory1[132]  
    core_instance0/psum_mem_instance/memory1[133]  
    core_instance0/psum_mem_instance/memory1[134]  
    core_instance0/psum_mem_instance/memory1[135]  
    core_instance0/psum_mem_instance/memory1[136]  
    core_instance0/psum_mem_instance/memory1[137]  
    core_instance0/psum_mem_instance/memory1[138]  
    core_instance0/psum_mem_instance/memory1[139]  
    core_instance0/psum_mem_instance/memory1[140]  
    core_instance0/psum_mem_instance/memory1[141]  
    core_instance0/psum_mem_instance/memory1[142]  
    core_instance0/psum_mem_instance/memory1[143]  
    core_instance0/psum_mem_instance/memory1[144]  
    core_instance0/psum_mem_instance/memory1[145]  
    core_instance0/psum_mem_instance/memory1[146]  
    core_instance0/psum_mem_instance/memory1[147]  
    core_instance0/psum_mem_instance/memory1[148]  
    core_instance0/psum_mem_instance/memory1[149]  
    core_instance0/psum_mem_instance/memory1[150]  
    core_instance0/psum_mem_instance/memory1[151]  
    core_instance0/psum_mem_instance/memory1[152]  
    core_instance0/psum_mem_instance/memory1[153]  
    core_instance0/psum_mem_instance/memory1[154]  
    core_instance0/psum_mem_instance/memory1[155]  
    core_instance0/psum_mem_instance/memory1[156]  
    core_instance0/psum_mem_instance/memory1[157]  
    core_instance0/psum_mem_instance/memory1[158]  
    core_instance0/psum_mem_instance/memory1[159]  
    core_instance0/psum_mem_instance/memory0[0]  
    core_instance0/psum_mem_instance/memory0[1]  
    core_instance0/psum_mem_instance/memory0[2]  
    core_instance0/psum_mem_instance/memory0[3]  
    core_instance0/psum_mem_instance/memory0[4]  
    core_instance0/psum_mem_instance/memory0[5]  
    core_instance0/psum_mem_instance/memory0[6]  
    core_instance0/psum_mem_instance/memory0[7]  
    core_instance0/psum_mem_instance/memory0[8]  
    core_instance0/psum_mem_instance/memory0[9]  
    core_instance0/psum_mem_instance/memory0[10]  
    core_instance0/psum_mem_instance/memory0[11]  
    core_instance0/psum_mem_instance/memory0[12]  
    core_instance0/psum_mem_instance/memory0[13]  
    core_instance0/psum_mem_instance/memory0[14]  
    core_instance0/psum_mem_instance/memory0[15]  
    core_instance0/psum_mem_instance/memory0[16]  
    core_instance0/psum_mem_instance/memory0[17]  
    core_instance0/psum_mem_instance/memory0[18]  
    core_instance0/psum_mem_instance/memory0[19]  
    core_instance0/psum_mem_instance/memory0[20]  
    core_instance0/psum_mem_instance/memory0[21]  
    core_instance0/psum_mem_instance/memory0[22]  
    core_instance0/psum_mem_instance/memory0[23]  
    core_instance0/psum_mem_instance/memory0[24]  
    core_instance0/psum_mem_instance/memory0[25]  
    core_instance0/psum_mem_instance/memory0[26]  
    core_instance0/psum_mem_instance/memory0[27]  
    core_instance0/psum_mem_instance/memory0[28]  
    core_instance0/psum_mem_instance/memory0[29]  
    core_instance0/psum_mem_instance/memory0[30]  
    core_instance0/psum_mem_instance/memory0[31]  
    core_instance0/psum_mem_instance/memory0[32]  
    core_instance0/psum_mem_instance/memory0[33]  
    core_instance0/psum_mem_instance/memory0[34]  
    core_instance0/psum_mem_instance/memory0[35]  
    core_instance0/psum_mem_instance/memory0[36]  
    core_instance0/psum_mem_instance/memory0[37]  
    core_instance0/psum_mem_instance/memory0[38]  
    core_instance0/psum_mem_instance/memory0[39]  
    core_instance0/psum_mem_instance/memory0[40]  
    core_instance0/psum_mem_instance/memory0[41]  
    core_instance0/psum_mem_instance/memory0[42]  
    core_instance0/psum_mem_instance/memory0[43]  
    core_instance0/psum_mem_instance/memory0[44]  
    core_instance0/psum_mem_instance/memory0[45]  
    core_instance0/psum_mem_instance/memory0[46]  
    core_instance0/psum_mem_instance/memory0[47]  
    core_instance0/psum_mem_instance/memory0[48]  
    core_instance0/psum_mem_instance/memory0[49]  
    core_instance0/psum_mem_instance/memory0[50]  
    core_instance0/psum_mem_instance/memory0[51]  
    core_instance0/psum_mem_instance/memory0[52]  
    core_instance0/psum_mem_instance/memory0[53]  
    core_instance0/psum_mem_instance/memory0[54]  
    core_instance0/psum_mem_instance/memory0[55]  
    core_instance0/psum_mem_instance/memory0[56]  
    core_instance0/psum_mem_instance/memory0[57]  
    core_instance0/psum_mem_instance/memory0[58]  
    core_instance0/psum_mem_instance/memory0[59]  
    core_instance0/psum_mem_instance/memory0[60]  
    core_instance0/psum_mem_instance/memory0[61]  
    core_instance0/psum_mem_instance/memory0[62]  
    core_instance0/psum_mem_instance/memory0[63]  
    core_instance0/psum_mem_instance/memory0[64]  
    core_instance0/psum_mem_instance/memory0[65]  
    core_instance0/psum_mem_instance/memory0[66]  
    core_instance0/psum_mem_instance/memory0[67]  
    core_instance0/psum_mem_instance/memory0[68]  
    core_instance0/psum_mem_instance/memory0[69]  
    core_instance0/psum_mem_instance/memory0[70]  
    core_instance0/psum_mem_instance/memory0[71]  
    core_instance0/psum_mem_instance/memory0[72]  
    core_instance0/psum_mem_instance/memory0[73]  
    core_instance0/psum_mem_instance/memory0[74]  
    core_instance0/psum_mem_instance/memory0[75]  
    core_instance0/psum_mem_instance/memory0[76]  
    core_instance0/psum_mem_instance/memory0[77]  
    core_instance0/psum_mem_instance/memory0[78]  
    core_instance0/psum_mem_instance/memory0[79]  
    core_instance0/psum_mem_instance/memory0[80]  
    core_instance0/psum_mem_instance/memory0[81]  
    core_instance0/psum_mem_instance/memory0[82]  
    core_instance0/psum_mem_instance/memory0[83]  
    core_instance0/psum_mem_instance/memory0[84]  
    core_instance0/psum_mem_instance/memory0[85]  
    core_instance0/psum_mem_instance/memory0[86]  
    core_instance0/psum_mem_instance/memory0[87]  
    core_instance0/psum_mem_instance/memory0[88]  
    core_instance0/psum_mem_instance/memory0[89]  
    core_instance0/psum_mem_instance/memory0[90]  
    core_instance0/psum_mem_instance/memory0[91]  
    core_instance0/psum_mem_instance/memory0[92]  
    core_instance0/psum_mem_instance/memory0[93]  
    core_instance0/psum_mem_instance/memory0[94]  
    core_instance0/psum_mem_instance/memory0[95]  
    core_instance0/psum_mem_instance/memory0[96]  
    core_instance0/psum_mem_instance/memory0[97]  
    core_instance0/psum_mem_instance/memory0[98]  
    core_instance0/psum_mem_instance/memory0[99]  
    core_instance0/psum_mem_instance/memory0[100]  
    core_instance0/psum_mem_instance/memory0[101]  
    core_instance0/psum_mem_instance/memory0[102]  
    core_instance0/psum_mem_instance/memory0[103]  
    core_instance0/psum_mem_instance/memory0[104]  
    core_instance0/psum_mem_instance/memory0[105]  
    core_instance0/psum_mem_instance/memory0[106]  
    core_instance0/psum_mem_instance/memory0[107]  
    core_instance0/psum_mem_instance/memory0[108]  
    core_instance0/psum_mem_instance/memory0[109]  
    core_instance0/psum_mem_instance/memory0[110]  
    core_instance0/psum_mem_instance/memory0[111]  
    core_instance0/psum_mem_instance/memory0[112]  
    core_instance0/psum_mem_instance/memory0[113]  
    core_instance0/psum_mem_instance/memory0[114]  
    core_instance0/psum_mem_instance/memory0[115]  
    core_instance0/psum_mem_instance/memory0[116]  
    core_instance0/psum_mem_instance/memory0[117]  
    core_instance0/psum_mem_instance/memory0[118]  
    core_instance0/psum_mem_instance/memory0[119]  
    core_instance0/psum_mem_instance/memory0[120]  
    core_instance0/psum_mem_instance/memory0[121]  
    core_instance0/psum_mem_instance/memory0[122]  
    core_instance0/psum_mem_instance/memory0[123]  
    core_instance0/psum_mem_instance/memory0[124]  
    core_instance0/psum_mem_instance/memory0[125]  
    core_instance0/psum_mem_instance/memory0[126]  
    core_instance0/psum_mem_instance/memory0[127]  
    core_instance0/psum_mem_instance/memory0[128]  
    core_instance0/psum_mem_instance/memory0[129]  
    core_instance0/psum_mem_instance/memory0[130]  
    core_instance0/psum_mem_instance/memory0[131]  
    core_instance0/psum_mem_instance/memory0[132]  
    core_instance0/psum_mem_instance/memory0[133]  
    core_instance0/psum_mem_instance/memory0[134]  
    core_instance0/psum_mem_instance/memory0[135]  
    core_instance0/psum_mem_instance/memory0[136]  
    core_instance0/psum_mem_instance/memory0[137]  
    core_instance0/psum_mem_instance/memory0[138]  
    core_instance0/psum_mem_instance/memory0[139]  
    core_instance0/psum_mem_instance/memory0[140]  
    core_instance0/psum_mem_instance/memory0[141]  
    core_instance0/psum_mem_instance/memory0[142]  
    core_instance0/psum_mem_instance/memory0[143]  
    core_instance0/psum_mem_instance/memory0[144]  
    core_instance0/psum_mem_instance/memory0[145]  
    core_instance0/psum_mem_instance/memory0[146]  
    core_instance0/psum_mem_instance/memory0[147]  
    core_instance0/psum_mem_instance/memory0[148]  
    core_instance0/psum_mem_instance/memory0[149]  
    core_instance0/psum_mem_instance/memory0[150]  
    core_instance0/psum_mem_instance/memory0[151]  
    core_instance0/psum_mem_instance/memory0[152]  
    core_instance0/psum_mem_instance/memory0[153]  
    core_instance0/psum_mem_instance/memory0[154]  
    core_instance0/psum_mem_instance/memory0[155]  
    core_instance0/psum_mem_instance/memory0[156]  
    core_instance0/psum_mem_instance/memory0[157]  
    core_instance0/psum_mem_instance/memory0[158]  
    core_instance0/psum_mem_instance/memory0[159]  
    core_instance0/psum_mem_instance/N244  
    core_instance0/psum_mem_instance/N243  
    core_instance0/psum_mem_instance/N242  
    core_instance0/psum_mem_instance/N241  
    core_instance0/psum_mem_instance/N240  
    core_instance0/psum_mem_instance/N239  
    core_instance0/psum_mem_instance/N238  
    core_instance0/psum_mem_instance/N237  
    core_instance0/psum_mem_instance/N236  
    core_instance0/psum_mem_instance/N235  
    core_instance0/psum_mem_instance/N234  
    core_instance0/psum_mem_instance/N233  
    core_instance0/psum_mem_instance/N232  
    core_instance0/psum_mem_instance/N231  
    core_instance0/psum_mem_instance/N230  
    core_instance0/psum_mem_instance/N229  
    core_instance0/psum_mem_instance/N228  
    core_instance0/psum_mem_instance/N227  
    core_instance0/psum_mem_instance/N226  
    core_instance0/psum_mem_instance/N225  
    core_instance0/psum_mem_instance/N224  
    core_instance0/psum_mem_instance/N223  
    core_instance0/psum_mem_instance/N222  
    core_instance0/psum_mem_instance/N221  
    core_instance0/psum_mem_instance/N220  
    core_instance0/psum_mem_instance/N219  
    core_instance0/psum_mem_instance/N218  
    core_instance0/psum_mem_instance/N217  
    core_instance0/psum_mem_instance/N216  
    core_instance0/psum_mem_instance/N215  
    core_instance0/psum_mem_instance/N214  
    core_instance0/psum_mem_instance/N213  
    core_instance0/psum_mem_instance/N212  
    core_instance0/psum_mem_instance/N211  
    core_instance0/psum_mem_instance/N210  
    core_instance0/psum_mem_instance/N209  
    core_instance0/psum_mem_instance/N208  
    core_instance0/psum_mem_instance/N207  
    core_instance0/psum_mem_instance/N206  
    core_instance0/psum_mem_instance/N205  
    core_instance0/psum_mem_instance/N204  
    core_instance0/psum_mem_instance/N203  
    core_instance0/psum_mem_instance/N202  
    core_instance0/psum_mem_instance/N201  
    core_instance0/psum_mem_instance/N200  
    core_instance0/psum_mem_instance/N199  
    core_instance0/psum_mem_instance/N198  
    core_instance0/psum_mem_instance/N197  
    core_instance0/psum_mem_instance/N196  
    core_instance0/psum_mem_instance/N195  
    core_instance0/psum_mem_instance/N194  
    core_instance0/psum_mem_instance/N193  
    core_instance0/psum_mem_instance/N192  
    core_instance0/psum_mem_instance/N191  
    core_instance0/psum_mem_instance/N190  
    core_instance0/psum_mem_instance/N189  
    core_instance0/psum_mem_instance/N188  
    core_instance0/psum_mem_instance/N187  
    core_instance0/psum_mem_instance/N186  
    core_instance0/psum_mem_instance/N185  
    core_instance0/psum_mem_instance/N184  
    core_instance0/psum_mem_instance/N183  
    core_instance0/psum_mem_instance/N182  
    core_instance0/psum_mem_instance/N181  
    core_instance0/psum_mem_instance/N180  
    core_instance0/psum_mem_instance/N179  
    core_instance0/psum_mem_instance/N178  
    core_instance0/psum_mem_instance/N177  
    core_instance0/psum_mem_instance/N176  
    core_instance0/psum_mem_instance/N175  
    core_instance0/psum_mem_instance/N174  
    core_instance0/psum_mem_instance/N173  
    core_instance0/psum_mem_instance/N172  
    core_instance0/psum_mem_instance/N171  
    core_instance0/psum_mem_instance/N170  
    core_instance0/psum_mem_instance/N169  
    core_instance0/psum_mem_instance/N168  
    core_instance0/psum_mem_instance/N167  
    core_instance0/psum_mem_instance/N166  
    core_instance0/psum_mem_instance/N165  
    core_instance0/psum_mem_instance/N164  
    core_instance0/psum_mem_instance/N163  
    core_instance0/psum_mem_instance/N162  
    core_instance0/psum_mem_instance/N161  
    core_instance0/psum_mem_instance/N160  
    core_instance0/psum_mem_instance/N159  
    core_instance0/psum_mem_instance/N158  
    core_instance0/psum_mem_instance/N157  
    core_instance0/psum_mem_instance/N156  
    core_instance0/psum_mem_instance/N155  
    core_instance0/psum_mem_instance/N154  
    core_instance0/psum_mem_instance/N153  
    core_instance0/psum_mem_instance/N152  
    core_instance0/psum_mem_instance/N151  
    core_instance0/psum_mem_instance/N150  
    core_instance0/psum_mem_instance/N149  
    core_instance0/psum_mem_instance/N148  
    core_instance0/psum_mem_instance/N147  
    core_instance0/psum_mem_instance/N146  
    core_instance0/psum_mem_instance/N145  
    core_instance0/psum_mem_instance/N144  
    core_instance0/psum_mem_instance/N143  
    core_instance0/psum_mem_instance/N142  
    core_instance0/psum_mem_instance/N141  
    core_instance0/psum_mem_instance/N140  
    core_instance0/psum_mem_instance/N139  
    core_instance0/psum_mem_instance/N138  
    core_instance0/psum_mem_instance/N137  
    core_instance0/psum_mem_instance/N136  
    core_instance0/psum_mem_instance/N135  
    core_instance0/psum_mem_instance/N134  
    core_instance0/psum_mem_instance/N133  
    core_instance0/psum_mem_instance/N132  
    core_instance0/psum_mem_instance/N131  
    core_instance0/psum_mem_instance/N130  
    core_instance0/psum_mem_instance/N129  
    core_instance0/psum_mem_instance/N128  
    core_instance0/psum_mem_instance/N127  
    core_instance0/psum_mem_instance/N126  
    core_instance0/psum_mem_instance/N125  
    core_instance0/psum_mem_instance/N124  
    core_instance0/psum_mem_instance/N123  
    core_instance0/psum_mem_instance/N122  
    core_instance0/psum_mem_instance/N121  
    core_instance0/psum_mem_instance/N120  
    core_instance0/psum_mem_instance/N119  
    core_instance0/psum_mem_instance/N118  
    core_instance0/psum_mem_instance/N117  
    core_instance0/psum_mem_instance/N116  
    core_instance0/psum_mem_instance/N115  
    core_instance0/psum_mem_instance/N114  
    core_instance0/psum_mem_instance/N113  
    core_instance0/psum_mem_instance/N112  
    core_instance0/psum_mem_instance/N111  
    core_instance0/psum_mem_instance/N110  
    core_instance0/psum_mem_instance/N109  
    core_instance0/psum_mem_instance/N108  
    core_instance0/psum_mem_instance/N107  
    core_instance0/psum_mem_instance/N106  
    core_instance0/psum_mem_instance/N105  
    core_instance0/psum_mem_instance/N104  
    core_instance0/psum_mem_instance/N103  
    core_instance0/psum_mem_instance/N102  
    core_instance0/psum_mem_instance/N101  
    core_instance0/psum_mem_instance/N100  
    core_instance0/psum_mem_instance/N99  
    core_instance0/psum_mem_instance/N98  
    core_instance0/psum_mem_instance/N97  
    core_instance0/psum_mem_instance/N96  
    core_instance0/psum_mem_instance/N95  
    core_instance0/psum_mem_instance/N94  
    core_instance0/psum_mem_instance/N93  
    core_instance0/psum_mem_instance/N92  
    core_instance0/psum_mem_instance/N91  
    core_instance0/psum_mem_instance/N90  
    core_instance0/psum_mem_instance/N89  
    core_instance0/psum_mem_instance/N88  
    core_instance0/psum_mem_instance/N87  
    core_instance0/psum_mem_instance/N86  
    core_instance0/psum_mem_instance/N85  
    core_instance0/psum_mem_instance/N84  
    core_instance0/psum_mem_instance/N83  
    core_instance0/psum_mem_instance/N82  
    core_instance0/psum_mem_instance/N81  
    core_instance0/psum_mem_instance/N80  
    core_instance0/psum_mem_instance/N79  
    core_instance0/psum_mem_instance/N78  
    core_instance0/psum_mem_instance/N77  
    core_instance0/psum_mem_instance/N76  
    core_instance0/psum_mem_instance/N75  
    core_instance0/psum_mem_instance/N74  
    core_instance0/psum_mem_instance/N73  
    core_instance0/psum_mem_instance/N72  
    core_instance0/psum_mem_instance/N71  
    core_instance0/psum_mem_instance/N70  
    core_instance0/psum_mem_instance/N69  
    core_instance0/psum_mem_instance/N68  
    core_instance0/psum_mem_instance/N67  
    core_instance0/psum_mem_instance/N66  
    core_instance0/psum_mem_instance/N65  
    core_instance0/psum_mem_instance/N64  
    core_instance0/psum_mem_instance/N63  
    core_instance0/psum_mem_instance/N62  
    core_instance0/psum_mem_instance/N61  
    core_instance0/psum_mem_instance/N60  
    core_instance0/psum_mem_instance/N59  
    core_instance0/psum_mem_instance/N58  
    core_instance0/psum_mem_instance/N57  
    core_instance0/psum_mem_instance/N56  
    core_instance0/psum_mem_instance/N55  
    core_instance0/psum_mem_instance/N54  
    core_instance0/psum_mem_instance/N53  
    core_instance0/psum_mem_instance/N52  
    core_instance0/psum_mem_instance/N51  
    core_instance0/psum_mem_instance/N50  
    core_instance0/psum_mem_instance/N49  
    core_instance0/psum_mem_instance/N48  
    core_instance0/psum_mem_instance/N47  
    core_instance0/psum_mem_instance/N46  
    core_instance0/psum_mem_instance/N45  
    core_instance0/psum_mem_instance/N44  
    core_instance0/psum_mem_instance/N43  
    core_instance0/psum_mem_instance/N42  
    core_instance0/psum_mem_instance/N41  
    core_instance0/psum_mem_instance/N40  
    core_instance0/psum_mem_instance/N39  
    core_instance0/psum_mem_instance/N38  
    core_instance0/psum_mem_instance/N37  
    core_instance0/psum_mem_instance/N36  
    core_instance0/psum_mem_instance/N35  
    core_instance0/psum_mem_instance/N34  
    core_instance0/psum_mem_instance/N33  
    core_instance0/psum_mem_instance/N32  
    core_instance0/psum_mem_instance/N31  
    core_instance0/psum_mem_instance/N30  
    core_instance0/psum_mem_instance/N29  
    core_instance0/psum_mem_instance/N28  
    core_instance0/psum_mem_instance/N27  
    core_instance0/psum_mem_instance/N26  
    core_instance0/psum_mem_instance/N25  
    core_instance0/psum_mem_instance/N24  
    core_instance0/psum_mem_instance/N23  
    core_instance0/psum_mem_instance/N22  
    core_instance0/psum_mem_instance/N21  
    core_instance0/psum_mem_instance/N20  
    core_instance0/psum_mem_instance/N19  
    core_instance0/psum_mem_instance/N18  
    core_instance0/psum_mem_instance/N17  
    core_instance0/psum_mem_instance/N16  
    core_instance0/psum_mem_instance/N15  
    core_instance0/psum_mem_instance/N14  
    core_instance0/psum_mem_instance/N13  
    core_instance0/psum_mem_instance/N12  
    core_instance0/psum_mem_instance/N11  
    core_instance0/psum_mem_instance/N10  
    core_instance0/psum_mem_instance/N9  
    core_instance0/psum_mem_instance/N8  
    core_instance0/psum_mem_instance/N7  
    core_instance0/psum_mem_instance/N6  
    core_instance0/psum_mem_instance/N5  
    core_instance0/psum_mem_instance/N4  
    core_instance0/psum_mem_instance/N3  
    core_instance0/psum_mem_instance/N2  
    core_instance0/psum_mem_instance/N1  
    core_instance0/psum_mem_instance/N0  
    core_instance0/kmem_instance/C4700/CONTROL16  
    core_instance0/kmem_instance/C4700/CONTROL15  
    core_instance0/kmem_instance/C4700/CONTROL14  
    core_instance0/kmem_instance/C4700/CONTROL13  
    core_instance0/kmem_instance/C4700/CONTROL12  
    core_instance0/kmem_instance/C4700/CONTROL11  
    core_instance0/kmem_instance/C4700/CONTROL10  
    core_instance0/kmem_instance/C4700/CONTROL9  
    core_instance0/kmem_instance/C4700/CONTROL8  
    core_instance0/kmem_instance/C4700/CONTROL7  
    core_instance0/kmem_instance/C4700/CONTROL6  
    core_instance0/kmem_instance/C4700/CONTROL5  
    core_instance0/kmem_instance/C4700/CONTROL4  
    core_instance0/kmem_instance/C4700/CONTROL3  
    core_instance0/kmem_instance/C4700/DATA16  
    core_instance0/kmem_instance/C4700/DATA15  
    core_instance0/kmem_instance/C4700/DATA14  
    core_instance0/kmem_instance/C4700/DATA13  
    core_instance0/kmem_instance/C4700/DATA12  
    core_instance0/kmem_instance/C4700/DATA11  
    core_instance0/kmem_instance/C4700/DATA10  
    core_instance0/kmem_instance/C4700/DATA9  
    core_instance0/kmem_instance/C4700/DATA8  
    core_instance0/kmem_instance/C4700/DATA7  
    core_instance0/kmem_instance/C4700/DATA6  
    core_instance0/kmem_instance/C4700/DATA5  
    core_instance0/kmem_instance/C4700/DATA4  
    core_instance0/kmem_instance/C4700/DATA3  
    core_instance0/kmem_instance/C4699/CONTROL16  
    core_instance0/kmem_instance/C4699/CONTROL15  
    core_instance0/kmem_instance/C4699/CONTROL14  
    core_instance0/kmem_instance/C4699/CONTROL13  
    core_instance0/kmem_instance/C4699/CONTROL12  
    core_instance0/kmem_instance/C4699/CONTROL11  
    core_instance0/kmem_instance/C4699/CONTROL10  
    core_instance0/kmem_instance/C4699/CONTROL9  
    core_instance0/kmem_instance/C4699/CONTROL8  
    core_instance0/kmem_instance/C4699/CONTROL7  
    core_instance0/kmem_instance/C4699/CONTROL6  
    core_instance0/kmem_instance/C4699/CONTROL5  
    core_instance0/kmem_instance/C4699/CONTROL4  
    core_instance0/kmem_instance/C4699/CONTROL3  
    core_instance0/kmem_instance/C4699/DATA16  
    core_instance0/kmem_instance/C4699/DATA15  
    core_instance0/kmem_instance/C4699/DATA14  
    core_instance0/kmem_instance/C4699/DATA13  
    core_instance0/kmem_instance/C4699/DATA12  
    core_instance0/kmem_instance/C4699/DATA11  
    core_instance0/kmem_instance/C4699/DATA10  
    core_instance0/kmem_instance/C4699/DATA9  
    core_instance0/kmem_instance/C4699/DATA8  
    core_instance0/kmem_instance/C4699/DATA7  
    core_instance0/kmem_instance/C4699/DATA6  
    core_instance0/kmem_instance/C4699/DATA5  
    core_instance0/kmem_instance/C4699/DATA4  
    core_instance0/kmem_instance/C4699/DATA3  
    core_instance0/kmem_instance/C4698/CONTROL16  
    core_instance0/kmem_instance/C4698/CONTROL15  
    core_instance0/kmem_instance/C4698/CONTROL14  
    core_instance0/kmem_instance/C4698/CONTROL13  
    core_instance0/kmem_instance/C4698/CONTROL12  
    core_instance0/kmem_instance/C4698/CONTROL11  
    core_instance0/kmem_instance/C4698/CONTROL10  
    core_instance0/kmem_instance/C4698/CONTROL9  
    core_instance0/kmem_instance/C4698/CONTROL8  
    core_instance0/kmem_instance/C4698/CONTROL7  
    core_instance0/kmem_instance/C4698/CONTROL6  
    core_instance0/kmem_instance/C4698/CONTROL5  
    core_instance0/kmem_instance/C4698/CONTROL4  
    core_instance0/kmem_instance/C4698/CONTROL3  
    core_instance0/kmem_instance/C4698/DATA16  
    core_instance0/kmem_instance/C4698/DATA15  
    core_instance0/kmem_instance/C4698/DATA14  
    core_instance0/kmem_instance/C4698/DATA13  
    core_instance0/kmem_instance/C4698/DATA12  
    core_instance0/kmem_instance/C4698/DATA11  
    core_instance0/kmem_instance/C4698/DATA10  
    core_instance0/kmem_instance/C4698/DATA9  
    core_instance0/kmem_instance/C4698/DATA8  
    core_instance0/kmem_instance/C4698/DATA7  
    core_instance0/kmem_instance/C4698/DATA6  
    core_instance0/kmem_instance/C4698/DATA5  
    core_instance0/kmem_instance/C4698/DATA4  
    core_instance0/kmem_instance/C4698/DATA3  
    core_instance0/kmem_instance/C4697/CONTROL16  
    core_instance0/kmem_instance/C4697/CONTROL15  
    core_instance0/kmem_instance/C4697/CONTROL14  
    core_instance0/kmem_instance/C4697/CONTROL13  
    core_instance0/kmem_instance/C4697/CONTROL12  
    core_instance0/kmem_instance/C4697/CONTROL11  
    core_instance0/kmem_instance/C4697/CONTROL10  
    core_instance0/kmem_instance/C4697/CONTROL9  
    core_instance0/kmem_instance/C4697/CONTROL8  
    core_instance0/kmem_instance/C4697/CONTROL7  
    core_instance0/kmem_instance/C4697/CONTROL6  
    core_instance0/kmem_instance/C4697/CONTROL5  
    core_instance0/kmem_instance/C4697/CONTROL4  
    core_instance0/kmem_instance/C4697/CONTROL3  
    core_instance0/kmem_instance/C4697/DATA16  
    core_instance0/kmem_instance/C4697/DATA15  
    core_instance0/kmem_instance/C4697/DATA14  
    core_instance0/kmem_instance/C4697/DATA13  
    core_instance0/kmem_instance/C4697/DATA12  
    core_instance0/kmem_instance/C4697/DATA11  
    core_instance0/kmem_instance/C4697/DATA10  
    core_instance0/kmem_instance/C4697/DATA9  
    core_instance0/kmem_instance/C4697/DATA8  
    core_instance0/kmem_instance/C4697/DATA7  
    core_instance0/kmem_instance/C4697/DATA6  
    core_instance0/kmem_instance/C4697/DATA5  
    core_instance0/kmem_instance/C4697/DATA4  
    core_instance0/kmem_instance/C4697/DATA3  
    core_instance0/kmem_instance/C4696/CONTROL16  
    core_instance0/kmem_instance/C4696/CONTROL15  
    core_instance0/kmem_instance/C4696/CONTROL14  
    core_instance0/kmem_instance/C4696/CONTROL13  
    core_instance0/kmem_instance/C4696/CONTROL12  
    core_instance0/kmem_instance/C4696/CONTROL11  
    core_instance0/kmem_instance/C4696/CONTROL10  
    core_instance0/kmem_instance/C4696/CONTROL9  
    core_instance0/kmem_instance/C4696/CONTROL8  
    core_instance0/kmem_instance/C4696/CONTROL7  
    core_instance0/kmem_instance/C4696/CONTROL6  
    core_instance0/kmem_instance/C4696/CONTROL5  
    core_instance0/kmem_instance/C4696/CONTROL4  
    core_instance0/kmem_instance/C4696/CONTROL3  
    core_instance0/kmem_instance/C4696/DATA16  
    core_instance0/kmem_instance/C4696/DATA15  
    core_instance0/kmem_instance/C4696/DATA14  
    core_instance0/kmem_instance/C4696/DATA13  
    core_instance0/kmem_instance/C4696/DATA12  
    core_instance0/kmem_instance/C4696/DATA11  
    core_instance0/kmem_instance/C4696/DATA10  
    core_instance0/kmem_instance/C4696/DATA9  
    core_instance0/kmem_instance/C4696/DATA8  
    core_instance0/kmem_instance/C4696/DATA7  
    core_instance0/kmem_instance/C4696/DATA6  
    core_instance0/kmem_instance/C4696/DATA5  
    core_instance0/kmem_instance/C4696/DATA4  
    core_instance0/kmem_instance/C4696/DATA3  
    core_instance0/kmem_instance/C4695/CONTROL16  
    core_instance0/kmem_instance/C4695/CONTROL15  
    core_instance0/kmem_instance/C4695/CONTROL14  
    core_instance0/kmem_instance/C4695/CONTROL13  
    core_instance0/kmem_instance/C4695/CONTROL12  
    core_instance0/kmem_instance/C4695/CONTROL11  
    core_instance0/kmem_instance/C4695/CONTROL10  
    core_instance0/kmem_instance/C4695/CONTROL9  
    core_instance0/kmem_instance/C4695/CONTROL8  
    core_instance0/kmem_instance/C4695/CONTROL7  
    core_instance0/kmem_instance/C4695/CONTROL6  
    core_instance0/kmem_instance/C4695/CONTROL5  
    core_instance0/kmem_instance/C4695/CONTROL4  
    core_instance0/kmem_instance/C4695/CONTROL3  
    core_instance0/kmem_instance/C4695/DATA16  
    core_instance0/kmem_instance/C4695/DATA15  
    core_instance0/kmem_instance/C4695/DATA14  
    core_instance0/kmem_instance/C4695/DATA13  
    core_instance0/kmem_instance/C4695/DATA12  
    core_instance0/kmem_instance/C4695/DATA11  
    core_instance0/kmem_instance/C4695/DATA10  
    core_instance0/kmem_instance/C4695/DATA9  
    core_instance0/kmem_instance/C4695/DATA8  
    core_instance0/kmem_instance/C4695/DATA7  
    core_instance0/kmem_instance/C4695/DATA6  
    core_instance0/kmem_instance/C4695/DATA5  
    core_instance0/kmem_instance/C4695/DATA4  
    core_instance0/kmem_instance/C4695/DATA3  
    core_instance0/kmem_instance/C4694/CONTROL16  
    core_instance0/kmem_instance/C4694/CONTROL15  
    core_instance0/kmem_instance/C4694/CONTROL14  
    core_instance0/kmem_instance/C4694/CONTROL13  
    core_instance0/kmem_instance/C4694/CONTROL12  
    core_instance0/kmem_instance/C4694/CONTROL11  
    core_instance0/kmem_instance/C4694/CONTROL10  
    core_instance0/kmem_instance/C4694/CONTROL9  
    core_instance0/kmem_instance/C4694/CONTROL8  
    core_instance0/kmem_instance/C4694/CONTROL7  
    core_instance0/kmem_instance/C4694/CONTROL6  
    core_instance0/kmem_instance/C4694/CONTROL5  
    core_instance0/kmem_instance/C4694/CONTROL4  
    core_instance0/kmem_instance/C4694/CONTROL3  
    core_instance0/kmem_instance/C4694/DATA16  
    core_instance0/kmem_instance/C4694/DATA15  
    core_instance0/kmem_instance/C4694/DATA14  
    core_instance0/kmem_instance/C4694/DATA13  
    core_instance0/kmem_instance/C4694/DATA12  
    core_instance0/kmem_instance/C4694/DATA11  
    core_instance0/kmem_instance/C4694/DATA10  
    core_instance0/kmem_instance/C4694/DATA9  
    core_instance0/kmem_instance/C4694/DATA8  
    core_instance0/kmem_instance/C4694/DATA7  
    core_instance0/kmem_instance/C4694/DATA6  
    core_instance0/kmem_instance/C4694/DATA5  
    core_instance0/kmem_instance/C4694/DATA4  
    core_instance0/kmem_instance/C4694/DATA3  
    core_instance0/kmem_instance/C4693/CONTROL16  
    core_instance0/kmem_instance/C4693/CONTROL15  
    core_instance0/kmem_instance/C4693/CONTROL14  
    core_instance0/kmem_instance/C4693/CONTROL13  
    core_instance0/kmem_instance/C4693/CONTROL12  
    core_instance0/kmem_instance/C4693/CONTROL11  
    core_instance0/kmem_instance/C4693/CONTROL10  
    core_instance0/kmem_instance/C4693/CONTROL9  
    core_instance0/kmem_instance/C4693/CONTROL8  
    core_instance0/kmem_instance/C4693/CONTROL7  
    core_instance0/kmem_instance/C4693/CONTROL6  
    core_instance0/kmem_instance/C4693/CONTROL5  
    core_instance0/kmem_instance/C4693/CONTROL4  
    core_instance0/kmem_instance/C4693/CONTROL3  
    core_instance0/kmem_instance/C4693/DATA16  
    core_instance0/kmem_instance/C4693/DATA15  
    core_instance0/kmem_instance/C4693/DATA14  
    core_instance0/kmem_instance/C4693/DATA13  
    core_instance0/kmem_instance/C4693/DATA12  
    core_instance0/kmem_instance/C4693/DATA11  
    core_instance0/kmem_instance/C4693/DATA10  
    core_instance0/kmem_instance/C4693/DATA9  
    core_instance0/kmem_instance/C4693/DATA8  
    core_instance0/kmem_instance/C4693/DATA7  
    core_instance0/kmem_instance/C4693/DATA6  
    core_instance0/kmem_instance/C4693/DATA5  
    core_instance0/kmem_instance/C4693/DATA4  
    core_instance0/kmem_instance/C4693/DATA3  
    core_instance0/kmem_instance/C4692/CONTROL16  
    core_instance0/kmem_instance/C4692/CONTROL15  
    core_instance0/kmem_instance/C4692/CONTROL14  
    core_instance0/kmem_instance/C4692/CONTROL13  
    core_instance0/kmem_instance/C4692/CONTROL12  
    core_instance0/kmem_instance/C4692/CONTROL11  
    core_instance0/kmem_instance/C4692/CONTROL10  
    core_instance0/kmem_instance/C4692/CONTROL9  
    core_instance0/kmem_instance/C4692/CONTROL8  
    core_instance0/kmem_instance/C4692/CONTROL7  
    core_instance0/kmem_instance/C4692/CONTROL6  
    core_instance0/kmem_instance/C4692/CONTROL5  
    core_instance0/kmem_instance/C4692/CONTROL4  
    core_instance0/kmem_instance/C4692/CONTROL3  
    core_instance0/kmem_instance/C4692/DATA16  
    core_instance0/kmem_instance/C4692/DATA15  
    core_instance0/kmem_instance/C4692/DATA14  
    core_instance0/kmem_instance/C4692/DATA13  
    core_instance0/kmem_instance/C4692/DATA12  
    core_instance0/kmem_instance/C4692/DATA11  
    core_instance0/kmem_instance/C4692/DATA10  
    core_instance0/kmem_instance/C4692/DATA9  
    core_instance0/kmem_instance/C4692/DATA8  
    core_instance0/kmem_instance/C4692/DATA7  
    core_instance0/kmem_instance/C4692/DATA6  
    core_instance0/kmem_instance/C4692/DATA5  
    core_instance0/kmem_instance/C4692/DATA4  
    core_instance0/kmem_instance/C4692/DATA3  
    core_instance0/kmem_instance/C4691/CONTROL16  
    core_instance0/kmem_instance/C4691/CONTROL15  
    core_instance0/kmem_instance/C4691/CONTROL14  
    core_instance0/kmem_instance/C4691/CONTROL13  
    core_instance0/kmem_instance/C4691/CONTROL12  
    core_instance0/kmem_instance/C4691/CONTROL11  
    core_instance0/kmem_instance/C4691/CONTROL10  
    core_instance0/kmem_instance/C4691/CONTROL9  
    core_instance0/kmem_instance/C4691/CONTROL8  
    core_instance0/kmem_instance/C4691/CONTROL7  
    core_instance0/kmem_instance/C4691/CONTROL6  
    core_instance0/kmem_instance/C4691/CONTROL5  
    core_instance0/kmem_instance/C4691/CONTROL4  
    core_instance0/kmem_instance/C4691/CONTROL3  
    core_instance0/kmem_instance/C4691/DATA16  
    core_instance0/kmem_instance/C4691/DATA15  
    core_instance0/kmem_instance/C4691/DATA14  
    core_instance0/kmem_instance/C4691/DATA13  
    core_instance0/kmem_instance/C4691/DATA12  
    core_instance0/kmem_instance/C4691/DATA11  
    core_instance0/kmem_instance/C4691/DATA10  
    core_instance0/kmem_instance/C4691/DATA9  
    core_instance0/kmem_instance/C4691/DATA8  
    core_instance0/kmem_instance/C4691/DATA7  
    core_instance0/kmem_instance/C4691/DATA6  
    core_instance0/kmem_instance/C4691/DATA5  
    core_instance0/kmem_instance/C4691/DATA4  
    core_instance0/kmem_instance/C4691/DATA3  
    core_instance0/kmem_instance/C4690/CONTROL16  
    core_instance0/kmem_instance/C4690/CONTROL15  
    core_instance0/kmem_instance/C4690/CONTROL14  
    core_instance0/kmem_instance/C4690/CONTROL13  
    core_instance0/kmem_instance/C4690/CONTROL12  
    core_instance0/kmem_instance/C4690/CONTROL11  
    core_instance0/kmem_instance/C4690/CONTROL10  
    core_instance0/kmem_instance/C4690/CONTROL9  
    core_instance0/kmem_instance/C4690/CONTROL8  
    core_instance0/kmem_instance/C4690/CONTROL7  
    core_instance0/kmem_instance/C4690/CONTROL6  
    core_instance0/kmem_instance/C4690/CONTROL5  
    core_instance0/kmem_instance/C4690/CONTROL4  
    core_instance0/kmem_instance/C4690/CONTROL3  
    core_instance0/kmem_instance/C4690/DATA16  
    core_instance0/kmem_instance/C4690/DATA15  
    core_instance0/kmem_instance/C4690/DATA14  
    core_instance0/kmem_instance/C4690/DATA13  
    core_instance0/kmem_instance/C4690/DATA12  
    core_instance0/kmem_instance/C4690/DATA11  
    core_instance0/kmem_instance/C4690/DATA10  
    core_instance0/kmem_instance/C4690/DATA9  
    core_instance0/kmem_instance/C4690/DATA8  
    core_instance0/kmem_instance/C4690/DATA7  
    core_instance0/kmem_instance/C4690/DATA6  
    core_instance0/kmem_instance/C4690/DATA5  
    core_instance0/kmem_instance/C4690/DATA4  
    core_instance0/kmem_instance/C4690/DATA3  
    core_instance0/kmem_instance/C4689/CONTROL16  
    core_instance0/kmem_instance/C4689/CONTROL15  
    core_instance0/kmem_instance/C4689/CONTROL14  
    core_instance0/kmem_instance/C4689/CONTROL13  
    core_instance0/kmem_instance/C4689/CONTROL12  
    core_instance0/kmem_instance/C4689/CONTROL11  
    core_instance0/kmem_instance/C4689/CONTROL10  
    core_instance0/kmem_instance/C4689/CONTROL9  
    core_instance0/kmem_instance/C4689/CONTROL8  
    core_instance0/kmem_instance/C4689/CONTROL7  
    core_instance0/kmem_instance/C4689/CONTROL6  
    core_instance0/kmem_instance/C4689/CONTROL5  
    core_instance0/kmem_instance/C4689/CONTROL4  
    core_instance0/kmem_instance/C4689/CONTROL3  
    core_instance0/kmem_instance/C4689/DATA16  
    core_instance0/kmem_instance/C4689/DATA15  
    core_instance0/kmem_instance/C4689/DATA14  
    core_instance0/kmem_instance/C4689/DATA13  
    core_instance0/kmem_instance/C4689/DATA12  
    core_instance0/kmem_instance/C4689/DATA11  
    core_instance0/kmem_instance/C4689/DATA10  
    core_instance0/kmem_instance/C4689/DATA9  
    core_instance0/kmem_instance/C4689/DATA8  
    core_instance0/kmem_instance/C4689/DATA7  
    core_instance0/kmem_instance/C4689/DATA6  
    core_instance0/kmem_instance/C4689/DATA5  
    core_instance0/kmem_instance/C4689/DATA4  
    core_instance0/kmem_instance/C4689/DATA3  
    core_instance0/kmem_instance/C4688/CONTROL16  
    core_instance0/kmem_instance/C4688/CONTROL15  
    core_instance0/kmem_instance/C4688/CONTROL14  
    core_instance0/kmem_instance/C4688/CONTROL13  
    core_instance0/kmem_instance/C4688/CONTROL12  
    core_instance0/kmem_instance/C4688/CONTROL11  
    core_instance0/kmem_instance/C4688/CONTROL10  
    core_instance0/kmem_instance/C4688/CONTROL9  
    core_instance0/kmem_instance/C4688/CONTROL8  
    core_instance0/kmem_instance/C4688/CONTROL7  
    core_instance0/kmem_instance/C4688/CONTROL6  
    core_instance0/kmem_instance/C4688/CONTROL5  
    core_instance0/kmem_instance/C4688/CONTROL4  
    core_instance0/kmem_instance/C4688/CONTROL3  
    core_instance0/kmem_instance/C4688/DATA16  
    core_instance0/kmem_instance/C4688/DATA15  
    core_instance0/kmem_instance/C4688/DATA14  
    core_instance0/kmem_instance/C4688/DATA13  
    core_instance0/kmem_instance/C4688/DATA12  
    core_instance0/kmem_instance/C4688/DATA11  
    core_instance0/kmem_instance/C4688/DATA10  
    core_instance0/kmem_instance/C4688/DATA9  
    core_instance0/kmem_instance/C4688/DATA8  
    core_instance0/kmem_instance/C4688/DATA7  
    core_instance0/kmem_instance/C4688/DATA6  
    core_instance0/kmem_instance/C4688/DATA5  
    core_instance0/kmem_instance/C4688/DATA4  
    core_instance0/kmem_instance/C4688/DATA3  
    core_instance0/kmem_instance/C4687/CONTROL16  
    core_instance0/kmem_instance/C4687/CONTROL15  
    core_instance0/kmem_instance/C4687/CONTROL14  
    core_instance0/kmem_instance/C4687/CONTROL13  
    core_instance0/kmem_instance/C4687/CONTROL12  
    core_instance0/kmem_instance/C4687/CONTROL11  
    core_instance0/kmem_instance/C4687/CONTROL10  
    core_instance0/kmem_instance/C4687/CONTROL9  
    core_instance0/kmem_instance/C4687/CONTROL8  
    core_instance0/kmem_instance/C4687/CONTROL7  
    core_instance0/kmem_instance/C4687/CONTROL6  
    core_instance0/kmem_instance/C4687/CONTROL5  
    core_instance0/kmem_instance/C4687/CONTROL4  
    core_instance0/kmem_instance/C4687/CONTROL3  
    core_instance0/kmem_instance/C4687/DATA16  
    core_instance0/kmem_instance/C4687/DATA15  
    core_instance0/kmem_instance/C4687/DATA14  
    core_instance0/kmem_instance/C4687/DATA13  
    core_instance0/kmem_instance/C4687/DATA12  
    core_instance0/kmem_instance/C4687/DATA11  
    core_instance0/kmem_instance/C4687/DATA10  
    core_instance0/kmem_instance/C4687/DATA9  
    core_instance0/kmem_instance/C4687/DATA8  
    core_instance0/kmem_instance/C4687/DATA7  
    core_instance0/kmem_instance/C4687/DATA6  
    core_instance0/kmem_instance/C4687/DATA5  
    core_instance0/kmem_instance/C4687/DATA4  
    core_instance0/kmem_instance/C4687/DATA3  
    core_instance0/kmem_instance/C4686/CONTROL16  
    core_instance0/kmem_instance/C4686/CONTROL15  
    core_instance0/kmem_instance/C4686/CONTROL14  
    core_instance0/kmem_instance/C4686/CONTROL13  
    core_instance0/kmem_instance/C4686/CONTROL12  
    core_instance0/kmem_instance/C4686/CONTROL11  
    core_instance0/kmem_instance/C4686/CONTROL10  
    core_instance0/kmem_instance/C4686/CONTROL9  
    core_instance0/kmem_instance/C4686/CONTROL8  
    core_instance0/kmem_instance/C4686/CONTROL7  
    core_instance0/kmem_instance/C4686/CONTROL6  
    core_instance0/kmem_instance/C4686/CONTROL5  
    core_instance0/kmem_instance/C4686/CONTROL4  
    core_instance0/kmem_instance/C4686/CONTROL3  
    core_instance0/kmem_instance/C4686/DATA16  
    core_instance0/kmem_instance/C4686/DATA15  
    core_instance0/kmem_instance/C4686/DATA14  
    core_instance0/kmem_instance/C4686/DATA13  
    core_instance0/kmem_instance/C4686/DATA12  
    core_instance0/kmem_instance/C4686/DATA11  
    core_instance0/kmem_instance/C4686/DATA10  
    core_instance0/kmem_instance/C4686/DATA9  
    core_instance0/kmem_instance/C4686/DATA8  
    core_instance0/kmem_instance/C4686/DATA7  
    core_instance0/kmem_instance/C4686/DATA6  
    core_instance0/kmem_instance/C4686/DATA5  
    core_instance0/kmem_instance/C4686/DATA4  
    core_instance0/kmem_instance/C4686/DATA3  
    core_instance0/kmem_instance/C4685/CONTROL16  
    core_instance0/kmem_instance/C4685/CONTROL15  
    core_instance0/kmem_instance/C4685/CONTROL14  
    core_instance0/kmem_instance/C4685/CONTROL13  
    core_instance0/kmem_instance/C4685/CONTROL12  
    core_instance0/kmem_instance/C4685/CONTROL11  
    core_instance0/kmem_instance/C4685/CONTROL10  
    core_instance0/kmem_instance/C4685/CONTROL9  
    core_instance0/kmem_instance/C4685/CONTROL8  
    core_instance0/kmem_instance/C4685/CONTROL7  
    core_instance0/kmem_instance/C4685/CONTROL6  
    core_instance0/kmem_instance/C4685/CONTROL5  
    core_instance0/kmem_instance/C4685/CONTROL4  
    core_instance0/kmem_instance/C4685/CONTROL3  
    core_instance0/kmem_instance/C4685/DATA16  
    core_instance0/kmem_instance/C4685/DATA15  
    core_instance0/kmem_instance/C4685/DATA14  
    core_instance0/kmem_instance/C4685/DATA13  
    core_instance0/kmem_instance/C4685/DATA12  
    core_instance0/kmem_instance/C4685/DATA11  
    core_instance0/kmem_instance/C4685/DATA10  
    core_instance0/kmem_instance/C4685/DATA9  
    core_instance0/kmem_instance/C4685/DATA8  
    core_instance0/kmem_instance/C4685/DATA7  
    core_instance0/kmem_instance/C4685/DATA6  
    core_instance0/kmem_instance/C4685/DATA5  
    core_instance0/kmem_instance/C4685/DATA4  
    core_instance0/kmem_instance/C4685/DATA3  
    core_instance0/kmem_instance/memory15[0]  
    core_instance0/kmem_instance/memory15[1]  
    core_instance0/kmem_instance/memory15[2]  
    core_instance0/kmem_instance/memory15[3]  
    core_instance0/kmem_instance/memory15[4]  
    core_instance0/kmem_instance/memory15[5]  
    core_instance0/kmem_instance/memory15[6]  
    core_instance0/kmem_instance/memory15[7]  
    core_instance0/kmem_instance/memory15[8]  
    core_instance0/kmem_instance/memory15[9]  
    core_instance0/kmem_instance/memory15[10]  
    core_instance0/kmem_instance/memory15[11]  
    core_instance0/kmem_instance/memory15[12]  
    core_instance0/kmem_instance/memory15[13]  
    core_instance0/kmem_instance/memory15[14]  
    core_instance0/kmem_instance/memory15[15]  
    core_instance0/kmem_instance/memory15[16]  
    core_instance0/kmem_instance/memory15[17]  
    core_instance0/kmem_instance/memory15[18]  
    core_instance0/kmem_instance/memory15[19]  
    core_instance0/kmem_instance/memory15[20]  
    core_instance0/kmem_instance/memory15[21]  
    core_instance0/kmem_instance/memory15[22]  
    core_instance0/kmem_instance/memory15[23]  
    core_instance0/kmem_instance/memory15[24]  
    core_instance0/kmem_instance/memory15[25]  
    core_instance0/kmem_instance/memory15[26]  
    core_instance0/kmem_instance/memory15[27]  
    core_instance0/kmem_instance/memory15[28]  
    core_instance0/kmem_instance/memory15[29]  
    core_instance0/kmem_instance/memory15[30]  
    core_instance0/kmem_instance/memory15[31]  
    core_instance0/kmem_instance/memory15[32]  
    core_instance0/kmem_instance/memory15[33]  
    core_instance0/kmem_instance/memory15[34]  
    core_instance0/kmem_instance/memory15[35]  
    core_instance0/kmem_instance/memory15[36]  
    core_instance0/kmem_instance/memory15[37]  
    core_instance0/kmem_instance/memory15[38]  
    core_instance0/kmem_instance/memory15[39]  
    core_instance0/kmem_instance/memory15[40]  
    core_instance0/kmem_instance/memory15[41]  
    core_instance0/kmem_instance/memory15[42]  
    core_instance0/kmem_instance/memory15[43]  
    core_instance0/kmem_instance/memory15[44]  
    core_instance0/kmem_instance/memory15[45]  
    core_instance0/kmem_instance/memory15[46]  
    core_instance0/kmem_instance/memory15[47]  
    core_instance0/kmem_instance/memory15[48]  
    core_instance0/kmem_instance/memory15[49]  
    core_instance0/kmem_instance/memory15[50]  
    core_instance0/kmem_instance/memory15[51]  
    core_instance0/kmem_instance/memory15[52]  
    core_instance0/kmem_instance/memory15[53]  
    core_instance0/kmem_instance/memory15[54]  
    core_instance0/kmem_instance/memory15[55]  
    core_instance0/kmem_instance/memory15[56]  
    core_instance0/kmem_instance/memory15[57]  
    core_instance0/kmem_instance/memory15[58]  
    core_instance0/kmem_instance/memory15[59]  
    core_instance0/kmem_instance/memory15[60]  
    core_instance0/kmem_instance/memory15[61]  
    core_instance0/kmem_instance/memory15[62]  
    core_instance0/kmem_instance/memory15[63]  
    core_instance0/kmem_instance/memory14[0]  
    core_instance0/kmem_instance/memory14[1]  
    core_instance0/kmem_instance/memory14[2]  
    core_instance0/kmem_instance/memory14[3]  
    core_instance0/kmem_instance/memory14[4]  
    core_instance0/kmem_instance/memory14[5]  
    core_instance0/kmem_instance/memory14[6]  
    core_instance0/kmem_instance/memory14[7]  
    core_instance0/kmem_instance/memory14[8]  
    core_instance0/kmem_instance/memory14[9]  
    core_instance0/kmem_instance/memory14[10]  
    core_instance0/kmem_instance/memory14[11]  
    core_instance0/kmem_instance/memory14[12]  
    core_instance0/kmem_instance/memory14[13]  
    core_instance0/kmem_instance/memory14[14]  
    core_instance0/kmem_instance/memory14[15]  
    core_instance0/kmem_instance/memory14[16]  
    core_instance0/kmem_instance/memory14[17]  
    core_instance0/kmem_instance/memory14[18]  
    core_instance0/kmem_instance/memory14[19]  
    core_instance0/kmem_instance/memory14[20]  
    core_instance0/kmem_instance/memory14[21]  
    core_instance0/kmem_instance/memory14[22]  
    core_instance0/kmem_instance/memory14[23]  
    core_instance0/kmem_instance/memory14[24]  
    core_instance0/kmem_instance/memory14[25]  
    core_instance0/kmem_instance/memory14[26]  
    core_instance0/kmem_instance/memory14[27]  
    core_instance0/kmem_instance/memory14[28]  
    core_instance0/kmem_instance/memory14[29]  
    core_instance0/kmem_instance/memory14[30]  
    core_instance0/kmem_instance/memory14[31]  
    core_instance0/kmem_instance/memory14[32]  
    core_instance0/kmem_instance/memory14[33]  
    core_instance0/kmem_instance/memory14[34]  
    core_instance0/kmem_instance/memory14[35]  
    core_instance0/kmem_instance/memory14[36]  
    core_instance0/kmem_instance/memory14[37]  
    core_instance0/kmem_instance/memory14[38]  
    core_instance0/kmem_instance/memory14[39]  
    core_instance0/kmem_instance/memory14[40]  
    core_instance0/kmem_instance/memory14[41]  
    core_instance0/kmem_instance/memory14[42]  
    core_instance0/kmem_instance/memory14[43]  
    core_instance0/kmem_instance/memory14[44]  
    core_instance0/kmem_instance/memory14[45]  
    core_instance0/kmem_instance/memory14[46]  
    core_instance0/kmem_instance/memory14[47]  
    core_instance0/kmem_instance/memory14[48]  
    core_instance0/kmem_instance/memory14[49]  
    core_instance0/kmem_instance/memory14[50]  
    core_instance0/kmem_instance/memory14[51]  
    core_instance0/kmem_instance/memory14[52]  
    core_instance0/kmem_instance/memory14[53]  
    core_instance0/kmem_instance/memory14[54]  
    core_instance0/kmem_instance/memory14[55]  
    core_instance0/kmem_instance/memory14[56]  
    core_instance0/kmem_instance/memory14[57]  
    core_instance0/kmem_instance/memory14[58]  
    core_instance0/kmem_instance/memory14[59]  
    core_instance0/kmem_instance/memory14[60]  
    core_instance0/kmem_instance/memory14[61]  
    core_instance0/kmem_instance/memory14[62]  
    core_instance0/kmem_instance/memory14[63]  
    core_instance0/kmem_instance/memory13[0]  
    core_instance0/kmem_instance/memory13[1]  
    core_instance0/kmem_instance/memory13[2]  
    core_instance0/kmem_instance/memory13[3]  
    core_instance0/kmem_instance/memory13[4]  
    core_instance0/kmem_instance/memory13[5]  
    core_instance0/kmem_instance/memory13[6]  
    core_instance0/kmem_instance/memory13[7]  
    core_instance0/kmem_instance/memory13[8]  
    core_instance0/kmem_instance/memory13[9]  
    core_instance0/kmem_instance/memory13[10]  
    core_instance0/kmem_instance/memory13[11]  
    core_instance0/kmem_instance/memory13[12]  
    core_instance0/kmem_instance/memory13[13]  
    core_instance0/kmem_instance/memory13[14]  
    core_instance0/kmem_instance/memory13[15]  
    core_instance0/kmem_instance/memory13[16]  
    core_instance0/kmem_instance/memory13[17]  
    core_instance0/kmem_instance/memory13[18]  
    core_instance0/kmem_instance/memory13[19]  
    core_instance0/kmem_instance/memory13[20]  
    core_instance0/kmem_instance/memory13[21]  
    core_instance0/kmem_instance/memory13[22]  
    core_instance0/kmem_instance/memory13[23]  
    core_instance0/kmem_instance/memory13[24]  
    core_instance0/kmem_instance/memory13[25]  
    core_instance0/kmem_instance/memory13[26]  
    core_instance0/kmem_instance/memory13[27]  
    core_instance0/kmem_instance/memory13[28]  
    core_instance0/kmem_instance/memory13[29]  
    core_instance0/kmem_instance/memory13[30]  
    core_instance0/kmem_instance/memory13[31]  
    core_instance0/kmem_instance/memory13[32]  
    core_instance0/kmem_instance/memory13[33]  
    core_instance0/kmem_instance/memory13[34]  
    core_instance0/kmem_instance/memory13[35]  
    core_instance0/kmem_instance/memory13[36]  
    core_instance0/kmem_instance/memory13[37]  
    core_instance0/kmem_instance/memory13[38]  
    core_instance0/kmem_instance/memory13[39]  
    core_instance0/kmem_instance/memory13[40]  
    core_instance0/kmem_instance/memory13[41]  
    core_instance0/kmem_instance/memory13[42]  
    core_instance0/kmem_instance/memory13[43]  
    core_instance0/kmem_instance/memory13[44]  
    core_instance0/kmem_instance/memory13[45]  
    core_instance0/kmem_instance/memory13[46]  
    core_instance0/kmem_instance/memory13[47]  
    core_instance0/kmem_instance/memory13[48]  
    core_instance0/kmem_instance/memory13[49]  
    core_instance0/kmem_instance/memory13[50]  
    core_instance0/kmem_instance/memory13[51]  
    core_instance0/kmem_instance/memory13[52]  
    core_instance0/kmem_instance/memory13[53]  
    core_instance0/kmem_instance/memory13[54]  
    core_instance0/kmem_instance/memory13[55]  
    core_instance0/kmem_instance/memory13[56]  
    core_instance0/kmem_instance/memory13[57]  
    core_instance0/kmem_instance/memory13[58]  
    core_instance0/kmem_instance/memory13[59]  
    core_instance0/kmem_instance/memory13[60]  
    core_instance0/kmem_instance/memory13[61]  
    core_instance0/kmem_instance/memory13[62]  
    core_instance0/kmem_instance/memory13[63]  
    core_instance0/kmem_instance/memory12[0]  
    core_instance0/kmem_instance/memory12[1]  
    core_instance0/kmem_instance/memory12[2]  
    core_instance0/kmem_instance/memory12[3]  
    core_instance0/kmem_instance/memory12[4]  
    core_instance0/kmem_instance/memory12[5]  
    core_instance0/kmem_instance/memory12[6]  
    core_instance0/kmem_instance/memory12[7]  
    core_instance0/kmem_instance/memory12[8]  
    core_instance0/kmem_instance/memory12[9]  
    core_instance0/kmem_instance/memory12[10]  
    core_instance0/kmem_instance/memory12[11]  
    core_instance0/kmem_instance/memory12[12]  
    core_instance0/kmem_instance/memory12[13]  
    core_instance0/kmem_instance/memory12[14]  
    core_instance0/kmem_instance/memory12[15]  
    core_instance0/kmem_instance/memory12[16]  
    core_instance0/kmem_instance/memory12[17]  
    core_instance0/kmem_instance/memory12[18]  
    core_instance0/kmem_instance/memory12[19]  
    core_instance0/kmem_instance/memory12[20]  
    core_instance0/kmem_instance/memory12[21]  
    core_instance0/kmem_instance/memory12[22]  
    core_instance0/kmem_instance/memory12[23]  
    core_instance0/kmem_instance/memory12[24]  
    core_instance0/kmem_instance/memory12[25]  
    core_instance0/kmem_instance/memory12[26]  
    core_instance0/kmem_instance/memory12[27]  
    core_instance0/kmem_instance/memory12[28]  
    core_instance0/kmem_instance/memory12[29]  
    core_instance0/kmem_instance/memory12[30]  
    core_instance0/kmem_instance/memory12[31]  
    core_instance0/kmem_instance/memory12[32]  
    core_instance0/kmem_instance/memory12[33]  
    core_instance0/kmem_instance/memory12[34]  
    core_instance0/kmem_instance/memory12[35]  
    core_instance0/kmem_instance/memory12[36]  
    core_instance0/kmem_instance/memory12[37]  
    core_instance0/kmem_instance/memory12[38]  
    core_instance0/kmem_instance/memory12[39]  
    core_instance0/kmem_instance/memory12[40]  
    core_instance0/kmem_instance/memory12[41]  
    core_instance0/kmem_instance/memory12[42]  
    core_instance0/kmem_instance/memory12[43]  
    core_instance0/kmem_instance/memory12[44]  
    core_instance0/kmem_instance/memory12[45]  
    core_instance0/kmem_instance/memory12[46]  
    core_instance0/kmem_instance/memory12[47]  
    core_instance0/kmem_instance/memory12[48]  
    core_instance0/kmem_instance/memory12[49]  
    core_instance0/kmem_instance/memory12[50]  
    core_instance0/kmem_instance/memory12[51]  
    core_instance0/kmem_instance/memory12[52]  
    core_instance0/kmem_instance/memory12[53]  
    core_instance0/kmem_instance/memory12[54]  
    core_instance0/kmem_instance/memory12[55]  
    core_instance0/kmem_instance/memory12[56]  
    core_instance0/kmem_instance/memory12[57]  
    core_instance0/kmem_instance/memory12[58]  
    core_instance0/kmem_instance/memory12[59]  
    core_instance0/kmem_instance/memory12[60]  
    core_instance0/kmem_instance/memory12[61]  
    core_instance0/kmem_instance/memory12[62]  
    core_instance0/kmem_instance/memory12[63]  
    core_instance0/kmem_instance/memory11[0]  
    core_instance0/kmem_instance/memory11[1]  
    core_instance0/kmem_instance/memory11[2]  
    core_instance0/kmem_instance/memory11[3]  
    core_instance0/kmem_instance/memory11[4]  
    core_instance0/kmem_instance/memory11[5]  
    core_instance0/kmem_instance/memory11[6]  
    core_instance0/kmem_instance/memory11[7]  
    core_instance0/kmem_instance/memory11[8]  
    core_instance0/kmem_instance/memory11[9]  
    core_instance0/kmem_instance/memory11[10]  
    core_instance0/kmem_instance/memory11[11]  
    core_instance0/kmem_instance/memory11[12]  
    core_instance0/kmem_instance/memory11[13]  
    core_instance0/kmem_instance/memory11[14]  
    core_instance0/kmem_instance/memory11[15]  
    core_instance0/kmem_instance/memory11[16]  
    core_instance0/kmem_instance/memory11[17]  
    core_instance0/kmem_instance/memory11[18]  
    core_instance0/kmem_instance/memory11[19]  
    core_instance0/kmem_instance/memory11[20]  
    core_instance0/kmem_instance/memory11[21]  
    core_instance0/kmem_instance/memory11[22]  
    core_instance0/kmem_instance/memory11[23]  
    core_instance0/kmem_instance/memory11[24]  
    core_instance0/kmem_instance/memory11[25]  
    core_instance0/kmem_instance/memory11[26]  
    core_instance0/kmem_instance/memory11[27]  
    core_instance0/kmem_instance/memory11[28]  
    core_instance0/kmem_instance/memory11[29]  
    core_instance0/kmem_instance/memory11[30]  
    core_instance0/kmem_instance/memory11[31]  
    core_instance0/kmem_instance/memory11[32]  
    core_instance0/kmem_instance/memory11[33]  
    core_instance0/kmem_instance/memory11[34]  
    core_instance0/kmem_instance/memory11[35]  
    core_instance0/kmem_instance/memory11[36]  
    core_instance0/kmem_instance/memory11[37]  
    core_instance0/kmem_instance/memory11[38]  
    core_instance0/kmem_instance/memory11[39]  
    core_instance0/kmem_instance/memory11[40]  
    core_instance0/kmem_instance/memory11[41]  
    core_instance0/kmem_instance/memory11[42]  
    core_instance0/kmem_instance/memory11[43]  
    core_instance0/kmem_instance/memory11[44]  
    core_instance0/kmem_instance/memory11[45]  
    core_instance0/kmem_instance/memory11[46]  
    core_instance0/kmem_instance/memory11[47]  
    core_instance0/kmem_instance/memory11[48]  
    core_instance0/kmem_instance/memory11[49]  
    core_instance0/kmem_instance/memory11[50]  
    core_instance0/kmem_instance/memory11[51]  
    core_instance0/kmem_instance/memory11[52]  
    core_instance0/kmem_instance/memory11[53]  
    core_instance0/kmem_instance/memory11[54]  
    core_instance0/kmem_instance/memory11[55]  
    core_instance0/kmem_instance/memory11[56]  
    core_instance0/kmem_instance/memory11[57]  
    core_instance0/kmem_instance/memory11[58]  
    core_instance0/kmem_instance/memory11[59]  
    core_instance0/kmem_instance/memory11[60]  
    core_instance0/kmem_instance/memory11[61]  
    core_instance0/kmem_instance/memory11[62]  
    core_instance0/kmem_instance/memory11[63]  
    core_instance0/kmem_instance/memory10[0]  
    core_instance0/kmem_instance/memory10[1]  
    core_instance0/kmem_instance/memory10[2]  
    core_instance0/kmem_instance/memory10[3]  
    core_instance0/kmem_instance/memory10[4]  
    core_instance0/kmem_instance/memory10[5]  
    core_instance0/kmem_instance/memory10[6]  
    core_instance0/kmem_instance/memory10[7]  
    core_instance0/kmem_instance/memory10[8]  
    core_instance0/kmem_instance/memory10[9]  
    core_instance0/kmem_instance/memory10[10]  
    core_instance0/kmem_instance/memory10[11]  
    core_instance0/kmem_instance/memory10[12]  
    core_instance0/kmem_instance/memory10[13]  
    core_instance0/kmem_instance/memory10[14]  
    core_instance0/kmem_instance/memory10[15]  
    core_instance0/kmem_instance/memory10[16]  
    core_instance0/kmem_instance/memory10[17]  
    core_instance0/kmem_instance/memory10[18]  
    core_instance0/kmem_instance/memory10[19]  
    core_instance0/kmem_instance/memory10[20]  
    core_instance0/kmem_instance/memory10[21]  
    core_instance0/kmem_instance/memory10[22]  
    core_instance0/kmem_instance/memory10[23]  
    core_instance0/kmem_instance/memory10[24]  
    core_instance0/kmem_instance/memory10[25]  
    core_instance0/kmem_instance/memory10[26]  
    core_instance0/kmem_instance/memory10[27]  
    core_instance0/kmem_instance/memory10[28]  
    core_instance0/kmem_instance/memory10[29]  
    core_instance0/kmem_instance/memory10[30]  
    core_instance0/kmem_instance/memory10[31]  
    core_instance0/kmem_instance/memory10[32]  
    core_instance0/kmem_instance/memory10[33]  
    core_instance0/kmem_instance/memory10[34]  
    core_instance0/kmem_instance/memory10[35]  
    core_instance0/kmem_instance/memory10[36]  
    core_instance0/kmem_instance/memory10[37]  
    core_instance0/kmem_instance/memory10[38]  
    core_instance0/kmem_instance/memory10[39]  
    core_instance0/kmem_instance/memory10[40]  
    core_instance0/kmem_instance/memory10[41]  
    core_instance0/kmem_instance/memory10[42]  
    core_instance0/kmem_instance/memory10[43]  
    core_instance0/kmem_instance/memory10[44]  
    core_instance0/kmem_instance/memory10[45]  
    core_instance0/kmem_instance/memory10[46]  
    core_instance0/kmem_instance/memory10[47]  
    core_instance0/kmem_instance/memory10[48]  
    core_instance0/kmem_instance/memory10[49]  
    core_instance0/kmem_instance/memory10[50]  
    core_instance0/kmem_instance/memory10[51]  
    core_instance0/kmem_instance/memory10[52]  
    core_instance0/kmem_instance/memory10[53]  
    core_instance0/kmem_instance/memory10[54]  
    core_instance0/kmem_instance/memory10[55]  
    core_instance0/kmem_instance/memory10[56]  
    core_instance0/kmem_instance/memory10[57]  
    core_instance0/kmem_instance/memory10[58]  
    core_instance0/kmem_instance/memory10[59]  
    core_instance0/kmem_instance/memory10[60]  
    core_instance0/kmem_instance/memory10[61]  
    core_instance0/kmem_instance/memory10[62]  
    core_instance0/kmem_instance/memory10[63]  
    core_instance0/kmem_instance/memory9[0]  
    core_instance0/kmem_instance/memory9[1]  
    core_instance0/kmem_instance/memory9[2]  
    core_instance0/kmem_instance/memory9[3]  
    core_instance0/kmem_instance/memory9[4]  
    core_instance0/kmem_instance/memory9[5]  
    core_instance0/kmem_instance/memory9[6]  
    core_instance0/kmem_instance/memory9[7]  
    core_instance0/kmem_instance/memory9[8]  
    core_instance0/kmem_instance/memory9[9]  
    core_instance0/kmem_instance/memory9[10]  
    core_instance0/kmem_instance/memory9[11]  
    core_instance0/kmem_instance/memory9[12]  
    core_instance0/kmem_instance/memory9[13]  
    core_instance0/kmem_instance/memory9[14]  
    core_instance0/kmem_instance/memory9[15]  
    core_instance0/kmem_instance/memory9[16]  
    core_instance0/kmem_instance/memory9[17]  
    core_instance0/kmem_instance/memory9[18]  
    core_instance0/kmem_instance/memory9[19]  
    core_instance0/kmem_instance/memory9[20]  
    core_instance0/kmem_instance/memory9[21]  
    core_instance0/kmem_instance/memory9[22]  
    core_instance0/kmem_instance/memory9[23]  
    core_instance0/kmem_instance/memory9[24]  
    core_instance0/kmem_instance/memory9[25]  
    core_instance0/kmem_instance/memory9[26]  
    core_instance0/kmem_instance/memory9[27]  
    core_instance0/kmem_instance/memory9[28]  
    core_instance0/kmem_instance/memory9[29]  
    core_instance0/kmem_instance/memory9[30]  
    core_instance0/kmem_instance/memory9[31]  
    core_instance0/kmem_instance/memory9[32]  
    core_instance0/kmem_instance/memory9[33]  
    core_instance0/kmem_instance/memory9[34]  
    core_instance0/kmem_instance/memory9[35]  
    core_instance0/kmem_instance/memory9[36]  
    core_instance0/kmem_instance/memory9[37]  
    core_instance0/kmem_instance/memory9[38]  
    core_instance0/kmem_instance/memory9[39]  
    core_instance0/kmem_instance/memory9[40]  
    core_instance0/kmem_instance/memory9[41]  
    core_instance0/kmem_instance/memory9[42]  
    core_instance0/kmem_instance/memory9[43]  
    core_instance0/kmem_instance/memory9[44]  
    core_instance0/kmem_instance/memory9[45]  
    core_instance0/kmem_instance/memory9[46]  
    core_instance0/kmem_instance/memory9[47]  
    core_instance0/kmem_instance/memory9[48]  
    core_instance0/kmem_instance/memory9[49]  
    core_instance0/kmem_instance/memory9[50]  
    core_instance0/kmem_instance/memory9[51]  
    core_instance0/kmem_instance/memory9[52]  
    core_instance0/kmem_instance/memory9[53]  
    core_instance0/kmem_instance/memory9[54]  
    core_instance0/kmem_instance/memory9[55]  
    core_instance0/kmem_instance/memory9[56]  
    core_instance0/kmem_instance/memory9[57]  
    core_instance0/kmem_instance/memory9[58]  
    core_instance0/kmem_instance/memory9[59]  
    core_instance0/kmem_instance/memory9[60]  
    core_instance0/kmem_instance/memory9[61]  
    core_instance0/kmem_instance/memory9[62]  
    core_instance0/kmem_instance/memory9[63]  
    core_instance0/kmem_instance/memory8[0]  
    core_instance0/kmem_instance/memory8[1]  
    core_instance0/kmem_instance/memory8[2]  
    core_instance0/kmem_instance/memory8[3]  
    core_instance0/kmem_instance/memory8[4]  
    core_instance0/kmem_instance/memory8[5]  
    core_instance0/kmem_instance/memory8[6]  
    core_instance0/kmem_instance/memory8[7]  
    core_instance0/kmem_instance/memory8[8]  
    core_instance0/kmem_instance/memory8[9]  
    core_instance0/kmem_instance/memory8[10]  
    core_instance0/kmem_instance/memory8[11]  
    core_instance0/kmem_instance/memory8[12]  
    core_instance0/kmem_instance/memory8[13]  
    core_instance0/kmem_instance/memory8[14]  
    core_instance0/kmem_instance/memory8[15]  
    core_instance0/kmem_instance/memory8[16]  
    core_instance0/kmem_instance/memory8[17]  
    core_instance0/kmem_instance/memory8[18]  
    core_instance0/kmem_instance/memory8[19]  
    core_instance0/kmem_instance/memory8[20]  
    core_instance0/kmem_instance/memory8[21]  
    core_instance0/kmem_instance/memory8[22]  
    core_instance0/kmem_instance/memory8[23]  
    core_instance0/kmem_instance/memory8[24]  
    core_instance0/kmem_instance/memory8[25]  
    core_instance0/kmem_instance/memory8[26]  
    core_instance0/kmem_instance/memory8[27]  
    core_instance0/kmem_instance/memory8[28]  
    core_instance0/kmem_instance/memory8[29]  
    core_instance0/kmem_instance/memory8[30]  
    core_instance0/kmem_instance/memory8[31]  
    core_instance0/kmem_instance/memory8[32]  
    core_instance0/kmem_instance/memory8[33]  
    core_instance0/kmem_instance/memory8[34]  
    core_instance0/kmem_instance/memory8[35]  
    core_instance0/kmem_instance/memory8[36]  
    core_instance0/kmem_instance/memory8[37]  
    core_instance0/kmem_instance/memory8[38]  
    core_instance0/kmem_instance/memory8[39]  
    core_instance0/kmem_instance/memory8[40]  
    core_instance0/kmem_instance/memory8[41]  
    core_instance0/kmem_instance/memory8[42]  
    core_instance0/kmem_instance/memory8[43]  
    core_instance0/kmem_instance/memory8[44]  
    core_instance0/kmem_instance/memory8[45]  
    core_instance0/kmem_instance/memory8[46]  
    core_instance0/kmem_instance/memory8[47]  
    core_instance0/kmem_instance/memory8[48]  
    core_instance0/kmem_instance/memory8[49]  
    core_instance0/kmem_instance/memory8[50]  
    core_instance0/kmem_instance/memory8[51]  
    core_instance0/kmem_instance/memory8[52]  
    core_instance0/kmem_instance/memory8[53]  
    core_instance0/kmem_instance/memory8[54]  
    core_instance0/kmem_instance/memory8[55]  
    core_instance0/kmem_instance/memory8[56]  
    core_instance0/kmem_instance/memory8[57]  
    core_instance0/kmem_instance/memory8[58]  
    core_instance0/kmem_instance/memory8[59]  
    core_instance0/kmem_instance/memory8[60]  
    core_instance0/kmem_instance/memory8[61]  
    core_instance0/kmem_instance/memory8[62]  
    core_instance0/kmem_instance/memory8[63]  
    core_instance0/kmem_instance/memory7[0]  
    core_instance0/kmem_instance/memory7[1]  
    core_instance0/kmem_instance/memory7[2]  
    core_instance0/kmem_instance/memory7[3]  
    core_instance0/kmem_instance/memory7[4]  
    core_instance0/kmem_instance/memory7[5]  
    core_instance0/kmem_instance/memory7[6]  
    core_instance0/kmem_instance/memory7[7]  
    core_instance0/kmem_instance/memory7[8]  
    core_instance0/kmem_instance/memory7[9]  
    core_instance0/kmem_instance/memory7[10]  
    core_instance0/kmem_instance/memory7[11]  
    core_instance0/kmem_instance/memory7[12]  
    core_instance0/kmem_instance/memory7[13]  
    core_instance0/kmem_instance/memory7[14]  
    core_instance0/kmem_instance/memory7[15]  
    core_instance0/kmem_instance/memory7[16]  
    core_instance0/kmem_instance/memory7[17]  
    core_instance0/kmem_instance/memory7[18]  
    core_instance0/kmem_instance/memory7[19]  
    core_instance0/kmem_instance/memory7[20]  
    core_instance0/kmem_instance/memory7[21]  
    core_instance0/kmem_instance/memory7[22]  
    core_instance0/kmem_instance/memory7[23]  
    core_instance0/kmem_instance/memory7[24]  
    core_instance0/kmem_instance/memory7[25]  
    core_instance0/kmem_instance/memory7[26]  
    core_instance0/kmem_instance/memory7[27]  
    core_instance0/kmem_instance/memory7[28]  
    core_instance0/kmem_instance/memory7[29]  
    core_instance0/kmem_instance/memory7[30]  
    core_instance0/kmem_instance/memory7[31]  
    core_instance0/kmem_instance/memory7[32]  
    core_instance0/kmem_instance/memory7[33]  
    core_instance0/kmem_instance/memory7[34]  
    core_instance0/kmem_instance/memory7[35]  
    core_instance0/kmem_instance/memory7[36]  
    core_instance0/kmem_instance/memory7[37]  
    core_instance0/kmem_instance/memory7[38]  
    core_instance0/kmem_instance/memory7[39]  
    core_instance0/kmem_instance/memory7[40]  
    core_instance0/kmem_instance/memory7[41]  
    core_instance0/kmem_instance/memory7[42]  
    core_instance0/kmem_instance/memory7[43]  
    core_instance0/kmem_instance/memory7[44]  
    core_instance0/kmem_instance/memory7[45]  
    core_instance0/kmem_instance/memory7[46]  
    core_instance0/kmem_instance/memory7[47]  
    core_instance0/kmem_instance/memory7[48]  
    core_instance0/kmem_instance/memory7[49]  
    core_instance0/kmem_instance/memory7[50]  
    core_instance0/kmem_instance/memory7[51]  
    core_instance0/kmem_instance/memory7[52]  
    core_instance0/kmem_instance/memory7[53]  
    core_instance0/kmem_instance/memory7[54]  
    core_instance0/kmem_instance/memory7[55]  
    core_instance0/kmem_instance/memory7[56]  
    core_instance0/kmem_instance/memory7[57]  
    core_instance0/kmem_instance/memory7[58]  
    core_instance0/kmem_instance/memory7[59]  
    core_instance0/kmem_instance/memory7[60]  
    core_instance0/kmem_instance/memory7[61]  
    core_instance0/kmem_instance/memory7[62]  
    core_instance0/kmem_instance/memory7[63]  
    core_instance0/kmem_instance/memory6[0]  
    core_instance0/kmem_instance/memory6[1]  
    core_instance0/kmem_instance/memory6[2]  
    core_instance0/kmem_instance/memory6[3]  
    core_instance0/kmem_instance/memory6[4]  
    core_instance0/kmem_instance/memory6[5]  
    core_instance0/kmem_instance/memory6[6]  
    core_instance0/kmem_instance/memory6[7]  
    core_instance0/kmem_instance/memory6[8]  
    core_instance0/kmem_instance/memory6[9]  
    core_instance0/kmem_instance/memory6[10]  
    core_instance0/kmem_instance/memory6[11]  
    core_instance0/kmem_instance/memory6[12]  
    core_instance0/kmem_instance/memory6[13]  
    core_instance0/kmem_instance/memory6[14]  
    core_instance0/kmem_instance/memory6[15]  
    core_instance0/kmem_instance/memory6[16]  
    core_instance0/kmem_instance/memory6[17]  
    core_instance0/kmem_instance/memory6[18]  
    core_instance0/kmem_instance/memory6[19]  
    core_instance0/kmem_instance/memory6[20]  
    core_instance0/kmem_instance/memory6[21]  
    core_instance0/kmem_instance/memory6[22]  
    core_instance0/kmem_instance/memory6[23]  
    core_instance0/kmem_instance/memory6[24]  
    core_instance0/kmem_instance/memory6[25]  
    core_instance0/kmem_instance/memory6[26]  
    core_instance0/kmem_instance/memory6[27]  
    core_instance0/kmem_instance/memory6[28]  
    core_instance0/kmem_instance/memory6[29]  
    core_instance0/kmem_instance/memory6[30]  
    core_instance0/kmem_instance/memory6[31]  
    core_instance0/kmem_instance/memory6[32]  
    core_instance0/kmem_instance/memory6[33]  
    core_instance0/kmem_instance/memory6[34]  
    core_instance0/kmem_instance/memory6[35]  
    core_instance0/kmem_instance/memory6[36]  
    core_instance0/kmem_instance/memory6[37]  
    core_instance0/kmem_instance/memory6[38]  
    core_instance0/kmem_instance/memory6[39]  
    core_instance0/kmem_instance/memory6[40]  
    core_instance0/kmem_instance/memory6[41]  
    core_instance0/kmem_instance/memory6[42]  
    core_instance0/kmem_instance/memory6[43]  
    core_instance0/kmem_instance/memory6[44]  
    core_instance0/kmem_instance/memory6[45]  
    core_instance0/kmem_instance/memory6[46]  
    core_instance0/kmem_instance/memory6[47]  
    core_instance0/kmem_instance/memory6[48]  
    core_instance0/kmem_instance/memory6[49]  
    core_instance0/kmem_instance/memory6[50]  
    core_instance0/kmem_instance/memory6[51]  
    core_instance0/kmem_instance/memory6[52]  
    core_instance0/kmem_instance/memory6[53]  
    core_instance0/kmem_instance/memory6[54]  
    core_instance0/kmem_instance/memory6[55]  
    core_instance0/kmem_instance/memory6[56]  
    core_instance0/kmem_instance/memory6[57]  
    core_instance0/kmem_instance/memory6[58]  
    core_instance0/kmem_instance/memory6[59]  
    core_instance0/kmem_instance/memory6[60]  
    core_instance0/kmem_instance/memory6[61]  
    core_instance0/kmem_instance/memory6[62]  
    core_instance0/kmem_instance/memory6[63]  
    core_instance0/kmem_instance/memory5[0]  
    core_instance0/kmem_instance/memory5[1]  
    core_instance0/kmem_instance/memory5[2]  
    core_instance0/kmem_instance/memory5[3]  
    core_instance0/kmem_instance/memory5[4]  
    core_instance0/kmem_instance/memory5[5]  
    core_instance0/kmem_instance/memory5[6]  
    core_instance0/kmem_instance/memory5[7]  
    core_instance0/kmem_instance/memory5[8]  
    core_instance0/kmem_instance/memory5[9]  
    core_instance0/kmem_instance/memory5[10]  
    core_instance0/kmem_instance/memory5[11]  
    core_instance0/kmem_instance/memory5[12]  
    core_instance0/kmem_instance/memory5[13]  
    core_instance0/kmem_instance/memory5[14]  
    core_instance0/kmem_instance/memory5[15]  
    core_instance0/kmem_instance/memory5[16]  
    core_instance0/kmem_instance/memory5[17]  
    core_instance0/kmem_instance/memory5[18]  
    core_instance0/kmem_instance/memory5[19]  
    core_instance0/kmem_instance/memory5[20]  
    core_instance0/kmem_instance/memory5[21]  
    core_instance0/kmem_instance/memory5[22]  
    core_instance0/kmem_instance/memory5[23]  
    core_instance0/kmem_instance/memory5[24]  
    core_instance0/kmem_instance/memory5[25]  
    core_instance0/kmem_instance/memory5[26]  
    core_instance0/kmem_instance/memory5[27]  
    core_instance0/kmem_instance/memory5[28]  
    core_instance0/kmem_instance/memory5[29]  
    core_instance0/kmem_instance/memory5[30]  
    core_instance0/kmem_instance/memory5[31]  
    core_instance0/kmem_instance/memory5[32]  
    core_instance0/kmem_instance/memory5[33]  
    core_instance0/kmem_instance/memory5[34]  
    core_instance0/kmem_instance/memory5[35]  
    core_instance0/kmem_instance/memory5[36]  
    core_instance0/kmem_instance/memory5[37]  
    core_instance0/kmem_instance/memory5[38]  
    core_instance0/kmem_instance/memory5[39]  
    core_instance0/kmem_instance/memory5[40]  
    core_instance0/kmem_instance/memory5[41]  
    core_instance0/kmem_instance/memory5[42]  
    core_instance0/kmem_instance/memory5[43]  
    core_instance0/kmem_instance/memory5[44]  
    core_instance0/kmem_instance/memory5[45]  
    core_instance0/kmem_instance/memory5[46]  
    core_instance0/kmem_instance/memory5[47]  
    core_instance0/kmem_instance/memory5[48]  
    core_instance0/kmem_instance/memory5[49]  
    core_instance0/kmem_instance/memory5[50]  
    core_instance0/kmem_instance/memory5[51]  
    core_instance0/kmem_instance/memory5[52]  
    core_instance0/kmem_instance/memory5[53]  
    core_instance0/kmem_instance/memory5[54]  
    core_instance0/kmem_instance/memory5[55]  
    core_instance0/kmem_instance/memory5[56]  
    core_instance0/kmem_instance/memory5[57]  
    core_instance0/kmem_instance/memory5[58]  
    core_instance0/kmem_instance/memory5[59]  
    core_instance0/kmem_instance/memory5[60]  
    core_instance0/kmem_instance/memory5[61]  
    core_instance0/kmem_instance/memory5[62]  
    core_instance0/kmem_instance/memory5[63]  
    core_instance0/kmem_instance/memory4[0]  
    core_instance0/kmem_instance/memory4[1]  
    core_instance0/kmem_instance/memory4[2]  
    core_instance0/kmem_instance/memory4[3]  
    core_instance0/kmem_instance/memory4[4]  
    core_instance0/kmem_instance/memory4[5]  
    core_instance0/kmem_instance/memory4[6]  
    core_instance0/kmem_instance/memory4[7]  
    core_instance0/kmem_instance/memory4[8]  
    core_instance0/kmem_instance/memory4[9]  
    core_instance0/kmem_instance/memory4[10]  
    core_instance0/kmem_instance/memory4[11]  
    core_instance0/kmem_instance/memory4[12]  
    core_instance0/kmem_instance/memory4[13]  
    core_instance0/kmem_instance/memory4[14]  
    core_instance0/kmem_instance/memory4[15]  
    core_instance0/kmem_instance/memory4[16]  
    core_instance0/kmem_instance/memory4[17]  
    core_instance0/kmem_instance/memory4[18]  
    core_instance0/kmem_instance/memory4[19]  
    core_instance0/kmem_instance/memory4[20]  
    core_instance0/kmem_instance/memory4[21]  
    core_instance0/kmem_instance/memory4[22]  
    core_instance0/kmem_instance/memory4[23]  
    core_instance0/kmem_instance/memory4[24]  
    core_instance0/kmem_instance/memory4[25]  
    core_instance0/kmem_instance/memory4[26]  
    core_instance0/kmem_instance/memory4[27]  
    core_instance0/kmem_instance/memory4[28]  
    core_instance0/kmem_instance/memory4[29]  
    core_instance0/kmem_instance/memory4[30]  
    core_instance0/kmem_instance/memory4[31]  
    core_instance0/kmem_instance/memory4[32]  
    core_instance0/kmem_instance/memory4[33]  
    core_instance0/kmem_instance/memory4[34]  
    core_instance0/kmem_instance/memory4[35]  
    core_instance0/kmem_instance/memory4[36]  
    core_instance0/kmem_instance/memory4[37]  
    core_instance0/kmem_instance/memory4[38]  
    core_instance0/kmem_instance/memory4[39]  
    core_instance0/kmem_instance/memory4[40]  
    core_instance0/kmem_instance/memory4[41]  
    core_instance0/kmem_instance/memory4[42]  
    core_instance0/kmem_instance/memory4[43]  
    core_instance0/kmem_instance/memory4[44]  
    core_instance0/kmem_instance/memory4[45]  
    core_instance0/kmem_instance/memory4[46]  
    core_instance0/kmem_instance/memory4[47]  
    core_instance0/kmem_instance/memory4[48]  
    core_instance0/kmem_instance/memory4[49]  
    core_instance0/kmem_instance/memory4[50]  
    core_instance0/kmem_instance/memory4[51]  
    core_instance0/kmem_instance/memory4[52]  
    core_instance0/kmem_instance/memory4[53]  
    core_instance0/kmem_instance/memory4[54]  
    core_instance0/kmem_instance/memory4[55]  
    core_instance0/kmem_instance/memory4[56]  
    core_instance0/kmem_instance/memory4[57]  
    core_instance0/kmem_instance/memory4[58]  
    core_instance0/kmem_instance/memory4[59]  
    core_instance0/kmem_instance/memory4[60]  
    core_instance0/kmem_instance/memory4[61]  
    core_instance0/kmem_instance/memory4[62]  
    core_instance0/kmem_instance/memory4[63]  
    core_instance0/kmem_instance/memory3[0]  
    core_instance0/kmem_instance/memory3[1]  
    core_instance0/kmem_instance/memory3[2]  
    core_instance0/kmem_instance/memory3[3]  
    core_instance0/kmem_instance/memory3[4]  
    core_instance0/kmem_instance/memory3[5]  
    core_instance0/kmem_instance/memory3[6]  
    core_instance0/kmem_instance/memory3[7]  
    core_instance0/kmem_instance/memory3[8]  
    core_instance0/kmem_instance/memory3[9]  
    core_instance0/kmem_instance/memory3[10]  
    core_instance0/kmem_instance/memory3[11]  
    core_instance0/kmem_instance/memory3[12]  
    core_instance0/kmem_instance/memory3[13]  
    core_instance0/kmem_instance/memory3[14]  
    core_instance0/kmem_instance/memory3[15]  
    core_instance0/kmem_instance/memory3[16]  
    core_instance0/kmem_instance/memory3[17]  
    core_instance0/kmem_instance/memory3[18]  
    core_instance0/kmem_instance/memory3[19]  
    core_instance0/kmem_instance/memory3[20]  
    core_instance0/kmem_instance/memory3[21]  
    core_instance0/kmem_instance/memory3[22]  
    core_instance0/kmem_instance/memory3[23]  
    core_instance0/kmem_instance/memory3[24]  
    core_instance0/kmem_instance/memory3[25]  
    core_instance0/kmem_instance/memory3[26]  
    core_instance0/kmem_instance/memory3[27]  
    core_instance0/kmem_instance/memory3[28]  
    core_instance0/kmem_instance/memory3[29]  
    core_instance0/kmem_instance/memory3[30]  
    core_instance0/kmem_instance/memory3[31]  
    core_instance0/kmem_instance/memory3[32]  
    core_instance0/kmem_instance/memory3[33]  
    core_instance0/kmem_instance/memory3[34]  
    core_instance0/kmem_instance/memory3[35]  
    core_instance0/kmem_instance/memory3[36]  
    core_instance0/kmem_instance/memory3[37]  
    core_instance0/kmem_instance/memory3[38]  
    core_instance0/kmem_instance/memory3[39]  
    core_instance0/kmem_instance/memory3[40]  
    core_instance0/kmem_instance/memory3[41]  
    core_instance0/kmem_instance/memory3[42]  
    core_instance0/kmem_instance/memory3[43]  
    core_instance0/kmem_instance/memory3[44]  
    core_instance0/kmem_instance/memory3[45]  
    core_instance0/kmem_instance/memory3[46]  
    core_instance0/kmem_instance/memory3[47]  
    core_instance0/kmem_instance/memory3[48]  
    core_instance0/kmem_instance/memory3[49]  
    core_instance0/kmem_instance/memory3[50]  
    core_instance0/kmem_instance/memory3[51]  
    core_instance0/kmem_instance/memory3[52]  
    core_instance0/kmem_instance/memory3[53]  
    core_instance0/kmem_instance/memory3[54]  
    core_instance0/kmem_instance/memory3[55]  
    core_instance0/kmem_instance/memory3[56]  
    core_instance0/kmem_instance/memory3[57]  
    core_instance0/kmem_instance/memory3[58]  
    core_instance0/kmem_instance/memory3[59]  
    core_instance0/kmem_instance/memory3[60]  
    core_instance0/kmem_instance/memory3[61]  
    core_instance0/kmem_instance/memory3[62]  
    core_instance0/kmem_instance/memory3[63]  
    core_instance0/kmem_instance/memory2[0]  
    core_instance0/kmem_instance/memory2[1]  
    core_instance0/kmem_instance/memory2[2]  
    core_instance0/kmem_instance/memory2[3]  
    core_instance0/kmem_instance/memory2[4]  
    core_instance0/kmem_instance/memory2[5]  
    core_instance0/kmem_instance/memory2[6]  
    core_instance0/kmem_instance/memory2[7]  
    core_instance0/kmem_instance/memory2[8]  
    core_instance0/kmem_instance/memory2[9]  
    core_instance0/kmem_instance/memory2[10]  
    core_instance0/kmem_instance/memory2[11]  
    core_instance0/kmem_instance/memory2[12]  
    core_instance0/kmem_instance/memory2[13]  
    core_instance0/kmem_instance/memory2[14]  
    core_instance0/kmem_instance/memory2[15]  
    core_instance0/kmem_instance/memory2[16]  
    core_instance0/kmem_instance/memory2[17]  
    core_instance0/kmem_instance/memory2[18]  
    core_instance0/kmem_instance/memory2[19]  
    core_instance0/kmem_instance/memory2[20]  
    core_instance0/kmem_instance/memory2[21]  
    core_instance0/kmem_instance/memory2[22]  
    core_instance0/kmem_instance/memory2[23]  
    core_instance0/kmem_instance/memory2[24]  
    core_instance0/kmem_instance/memory2[25]  
    core_instance0/kmem_instance/memory2[26]  
    core_instance0/kmem_instance/memory2[27]  
    core_instance0/kmem_instance/memory2[28]  
    core_instance0/kmem_instance/memory2[29]  
    core_instance0/kmem_instance/memory2[30]  
    core_instance0/kmem_instance/memory2[31]  
    core_instance0/kmem_instance/memory2[32]  
    core_instance0/kmem_instance/memory2[33]  
    core_instance0/kmem_instance/memory2[34]  
    core_instance0/kmem_instance/memory2[35]  
    core_instance0/kmem_instance/memory2[36]  
    core_instance0/kmem_instance/memory2[37]  
    core_instance0/kmem_instance/memory2[38]  
    core_instance0/kmem_instance/memory2[39]  
    core_instance0/kmem_instance/memory2[40]  
    core_instance0/kmem_instance/memory2[41]  
    core_instance0/kmem_instance/memory2[42]  
    core_instance0/kmem_instance/memory2[43]  
    core_instance0/kmem_instance/memory2[44]  
    core_instance0/kmem_instance/memory2[45]  
    core_instance0/kmem_instance/memory2[46]  
    core_instance0/kmem_instance/memory2[47]  
    core_instance0/kmem_instance/memory2[48]  
    core_instance0/kmem_instance/memory2[49]  
    core_instance0/kmem_instance/memory2[50]  
    core_instance0/kmem_instance/memory2[51]  
    core_instance0/kmem_instance/memory2[52]  
    core_instance0/kmem_instance/memory2[53]  
    core_instance0/kmem_instance/memory2[54]  
    core_instance0/kmem_instance/memory2[55]  
    core_instance0/kmem_instance/memory2[56]  
    core_instance0/kmem_instance/memory2[57]  
    core_instance0/kmem_instance/memory2[58]  
    core_instance0/kmem_instance/memory2[59]  
    core_instance0/kmem_instance/memory2[60]  
    core_instance0/kmem_instance/memory2[61]  
    core_instance0/kmem_instance/memory2[62]  
    core_instance0/kmem_instance/memory2[63]  
    core_instance0/kmem_instance/memory1[0]  
    core_instance0/kmem_instance/memory1[1]  
    core_instance0/kmem_instance/memory1[2]  
    core_instance0/kmem_instance/memory1[3]  
    core_instance0/kmem_instance/memory1[4]  
    core_instance0/kmem_instance/memory1[5]  
    core_instance0/kmem_instance/memory1[6]  
    core_instance0/kmem_instance/memory1[7]  
    core_instance0/kmem_instance/memory1[8]  
    core_instance0/kmem_instance/memory1[9]  
    core_instance0/kmem_instance/memory1[10]  
    core_instance0/kmem_instance/memory1[11]  
    core_instance0/kmem_instance/memory1[12]  
    core_instance0/kmem_instance/memory1[13]  
    core_instance0/kmem_instance/memory1[14]  
    core_instance0/kmem_instance/memory1[15]  
    core_instance0/kmem_instance/memory1[16]  
    core_instance0/kmem_instance/memory1[17]  
    core_instance0/kmem_instance/memory1[18]  
    core_instance0/kmem_instance/memory1[19]  
    core_instance0/kmem_instance/memory1[20]  
    core_instance0/kmem_instance/memory1[21]  
    core_instance0/kmem_instance/memory1[22]  
    core_instance0/kmem_instance/memory1[23]  
    core_instance0/kmem_instance/memory1[24]  
    core_instance0/kmem_instance/memory1[25]  
    core_instance0/kmem_instance/memory1[26]  
    core_instance0/kmem_instance/memory1[27]  
    core_instance0/kmem_instance/memory1[28]  
    core_instance0/kmem_instance/memory1[29]  
    core_instance0/kmem_instance/memory1[30]  
    core_instance0/kmem_instance/memory1[31]  
    core_instance0/kmem_instance/memory1[32]  
    core_instance0/kmem_instance/memory1[33]  
    core_instance0/kmem_instance/memory1[34]  
    core_instance0/kmem_instance/memory1[35]  
    core_instance0/kmem_instance/memory1[36]  
    core_instance0/kmem_instance/memory1[37]  
    core_instance0/kmem_instance/memory1[38]  
    core_instance0/kmem_instance/memory1[39]  
    core_instance0/kmem_instance/memory1[40]  
    core_instance0/kmem_instance/memory1[41]  
    core_instance0/kmem_instance/memory1[42]  
    core_instance0/kmem_instance/memory1[43]  
    core_instance0/kmem_instance/memory1[44]  
    core_instance0/kmem_instance/memory1[45]  
    core_instance0/kmem_instance/memory1[46]  
    core_instance0/kmem_instance/memory1[47]  
    core_instance0/kmem_instance/memory1[48]  
    core_instance0/kmem_instance/memory1[49]  
    core_instance0/kmem_instance/memory1[50]  
    core_instance0/kmem_instance/memory1[51]  
    core_instance0/kmem_instance/memory1[52]  
    core_instance0/kmem_instance/memory1[53]  
    core_instance0/kmem_instance/memory1[54]  
    core_instance0/kmem_instance/memory1[55]  
    core_instance0/kmem_instance/memory1[56]  
    core_instance0/kmem_instance/memory1[57]  
    core_instance0/kmem_instance/memory1[58]  
    core_instance0/kmem_instance/memory1[59]  
    core_instance0/kmem_instance/memory1[60]  
    core_instance0/kmem_instance/memory1[61]  
    core_instance0/kmem_instance/memory1[62]  
    core_instance0/kmem_instance/memory1[63]  
    core_instance0/kmem_instance/memory0[0]  
    core_instance0/kmem_instance/memory0[1]  
    core_instance0/kmem_instance/memory0[2]  
    core_instance0/kmem_instance/memory0[3]  
    core_instance0/kmem_instance/memory0[4]  
    core_instance0/kmem_instance/memory0[5]  
    core_instance0/kmem_instance/memory0[6]  
    core_instance0/kmem_instance/memory0[7]  
    core_instance0/kmem_instance/memory0[8]  
    core_instance0/kmem_instance/memory0[9]  
    core_instance0/kmem_instance/memory0[10]  
    core_instance0/kmem_instance/memory0[11]  
    core_instance0/kmem_instance/memory0[12]  
    core_instance0/kmem_instance/memory0[13]  
    core_instance0/kmem_instance/memory0[14]  
    core_instance0/kmem_instance/memory0[15]  
    core_instance0/kmem_instance/memory0[16]  
    core_instance0/kmem_instance/memory0[17]  
    core_instance0/kmem_instance/memory0[18]  
    core_instance0/kmem_instance/memory0[19]  
    core_instance0/kmem_instance/memory0[20]  
    core_instance0/kmem_instance/memory0[21]  
    core_instance0/kmem_instance/memory0[22]  
    core_instance0/kmem_instance/memory0[23]  
    core_instance0/kmem_instance/memory0[24]  
    core_instance0/kmem_instance/memory0[25]  
    core_instance0/kmem_instance/memory0[26]  
    core_instance0/kmem_instance/memory0[27]  
    core_instance0/kmem_instance/memory0[28]  
    core_instance0/kmem_instance/memory0[29]  
    core_instance0/kmem_instance/memory0[30]  
    core_instance0/kmem_instance/memory0[31]  
    core_instance0/kmem_instance/memory0[32]  
    core_instance0/kmem_instance/memory0[33]  
    core_instance0/kmem_instance/memory0[34]  
    core_instance0/kmem_instance/memory0[35]  
    core_instance0/kmem_instance/memory0[36]  
    core_instance0/kmem_instance/memory0[37]  
    core_instance0/kmem_instance/memory0[38]  
    core_instance0/kmem_instance/memory0[39]  
    core_instance0/kmem_instance/memory0[40]  
    core_instance0/kmem_instance/memory0[41]  
    core_instance0/kmem_instance/memory0[42]  
    core_instance0/kmem_instance/memory0[43]  
    core_instance0/kmem_instance/memory0[44]  
    core_instance0/kmem_instance/memory0[45]  
    core_instance0/kmem_instance/memory0[46]  
    core_instance0/kmem_instance/memory0[47]  
    core_instance0/kmem_instance/memory0[48]  
    core_instance0/kmem_instance/memory0[49]  
    core_instance0/kmem_instance/memory0[50]  
    core_instance0/kmem_instance/memory0[51]  
    core_instance0/kmem_instance/memory0[52]  
    core_instance0/kmem_instance/memory0[53]  
    core_instance0/kmem_instance/memory0[54]  
    core_instance0/kmem_instance/memory0[55]  
    core_instance0/kmem_instance/memory0[56]  
    core_instance0/kmem_instance/memory0[57]  
    core_instance0/kmem_instance/memory0[58]  
    core_instance0/kmem_instance/memory0[59]  
    core_instance0/kmem_instance/memory0[60]  
    core_instance0/kmem_instance/memory0[61]  
    core_instance0/kmem_instance/memory0[62]  
    core_instance0/kmem_instance/memory0[63]  
    core_instance0/kmem_instance/N226  
    core_instance0/kmem_instance/N225  
    core_instance0/kmem_instance/N224  
    core_instance0/kmem_instance/N223  
    core_instance0/kmem_instance/N222  
    core_instance0/kmem_instance/N221  
    core_instance0/kmem_instance/N220  
    core_instance0/kmem_instance/N219  
    core_instance0/kmem_instance/N218  
    core_instance0/kmem_instance/N217  
    core_instance0/kmem_instance/N216  
    core_instance0/kmem_instance/N215  
    core_instance0/kmem_instance/N214  
    core_instance0/kmem_instance/N213  
    core_instance0/kmem_instance/N212  
    core_instance0/kmem_instance/N211  
    core_instance0/kmem_instance/N210  
    core_instance0/kmem_instance/N209  
    core_instance0/kmem_instance/N208  
    core_instance0/kmem_instance/N207  
    core_instance0/kmem_instance/N206  
    core_instance0/kmem_instance/N205  
    core_instance0/kmem_instance/N204  
    core_instance0/kmem_instance/N203  
    core_instance0/kmem_instance/N202  
    core_instance0/kmem_instance/N201  
    core_instance0/kmem_instance/N200  
    core_instance0/kmem_instance/N199  
    core_instance0/kmem_instance/N198  
    core_instance0/kmem_instance/N197  
    core_instance0/kmem_instance/N196  
    core_instance0/kmem_instance/N195  
    core_instance0/kmem_instance/N194  
    core_instance0/kmem_instance/N193  
    core_instance0/kmem_instance/N192  
    core_instance0/kmem_instance/N191  
    core_instance0/kmem_instance/N190  
    core_instance0/kmem_instance/N189  
    core_instance0/kmem_instance/N188  
    core_instance0/kmem_instance/N187  
    core_instance0/kmem_instance/N186  
    core_instance0/kmem_instance/N185  
    core_instance0/kmem_instance/N184  
    core_instance0/kmem_instance/N183  
    core_instance0/kmem_instance/N182  
    core_instance0/kmem_instance/N181  
    core_instance0/kmem_instance/N180  
    core_instance0/kmem_instance/N179  
    core_instance0/kmem_instance/N178  
    core_instance0/kmem_instance/N177  
    core_instance0/kmem_instance/N176  
    core_instance0/kmem_instance/N175  
    core_instance0/kmem_instance/N174  
    core_instance0/kmem_instance/N173  
    core_instance0/kmem_instance/N172  
    core_instance0/kmem_instance/N171  
    core_instance0/kmem_instance/N170  
    core_instance0/kmem_instance/N169  
    core_instance0/kmem_instance/N168  
    core_instance0/kmem_instance/N167  
    core_instance0/kmem_instance/N166  
    core_instance0/kmem_instance/N165  
    core_instance0/kmem_instance/N164  
    core_instance0/kmem_instance/N163  
    core_instance0/kmem_instance/N162  
    core_instance0/kmem_instance/N161  
    core_instance0/kmem_instance/N160  
    core_instance0/kmem_instance/N159  
    core_instance0/kmem_instance/N158  
    core_instance0/kmem_instance/N157  
    core_instance0/kmem_instance/N156  
    core_instance0/kmem_instance/N155  
    core_instance0/kmem_instance/N154  
    core_instance0/kmem_instance/N153  
    core_instance0/kmem_instance/N152  
    core_instance0/kmem_instance/N151  
    core_instance0/kmem_instance/N150  
    core_instance0/kmem_instance/N149  
    core_instance0/kmem_instance/N148  
    core_instance0/kmem_instance/N147  
    core_instance0/kmem_instance/N146  
    core_instance0/kmem_instance/N145  
    core_instance0/kmem_instance/N144  
    core_instance0/kmem_instance/N143  
    core_instance0/kmem_instance/N142  
    core_instance0/kmem_instance/N141  
    core_instance0/kmem_instance/N140  
    core_instance0/kmem_instance/N139  
    core_instance0/kmem_instance/N138  
    core_instance0/kmem_instance/N137  
    core_instance0/kmem_instance/N136  
    core_instance0/kmem_instance/N135  
    core_instance0/kmem_instance/N134  
    core_instance0/kmem_instance/N133  
    core_instance0/kmem_instance/N132  
    core_instance0/kmem_instance/N131  
    core_instance0/kmem_instance/N130  
    core_instance0/kmem_instance/N129  
    core_instance0/kmem_instance/N128  
    core_instance0/kmem_instance/N127  
    core_instance0/kmem_instance/N126  
    core_instance0/kmem_instance/N125  
    core_instance0/kmem_instance/N124  
    core_instance0/kmem_instance/N123  
    core_instance0/kmem_instance/N122  
    core_instance0/kmem_instance/N121  
    core_instance0/kmem_instance/N120  
    core_instance0/kmem_instance/N119  
    core_instance0/kmem_instance/N118  
    core_instance0/kmem_instance/N117  
    core_instance0/kmem_instance/N116  
    core_instance0/kmem_instance/N115  
    core_instance0/kmem_instance/N114  
    core_instance0/kmem_instance/N113  
    core_instance0/kmem_instance/N112  
    core_instance0/kmem_instance/N111  
    core_instance0/kmem_instance/N110  
    core_instance0/kmem_instance/N109  
    core_instance0/kmem_instance/N108  
    core_instance0/kmem_instance/N107  
    core_instance0/kmem_instance/N106  
    core_instance0/kmem_instance/N105  
    core_instance0/kmem_instance/N104  
    core_instance0/kmem_instance/N103  
    core_instance0/kmem_instance/N102  
    core_instance0/kmem_instance/N101  
    core_instance0/kmem_instance/N100  
    core_instance0/kmem_instance/N99  
    core_instance0/kmem_instance/N98  
    core_instance0/kmem_instance/N97  
    core_instance0/kmem_instance/N96  
    core_instance0/kmem_instance/N95  
    core_instance0/kmem_instance/N94  
    core_instance0/kmem_instance/N93  
    core_instance0/kmem_instance/N92  
    core_instance0/kmem_instance/N91  
    core_instance0/kmem_instance/N90  
    core_instance0/kmem_instance/N89  
    core_instance0/kmem_instance/N88  
    core_instance0/kmem_instance/N87  
    core_instance0/kmem_instance/N86  
    core_instance0/kmem_instance/N85  
    core_instance0/kmem_instance/N84  
    core_instance0/kmem_instance/N83  
    core_instance0/kmem_instance/N82  
    core_instance0/kmem_instance/N81  
    core_instance0/kmem_instance/N80  
    core_instance0/kmem_instance/N79  
    core_instance0/kmem_instance/N78  
    core_instance0/kmem_instance/N77  
    core_instance0/kmem_instance/N76  
    core_instance0/kmem_instance/N75  
    core_instance0/kmem_instance/N74  
    core_instance0/kmem_instance/N73  
    core_instance0/kmem_instance/N72  
    core_instance0/kmem_instance/N71  
    core_instance0/kmem_instance/N70  
    core_instance0/kmem_instance/N69  
    core_instance0/kmem_instance/N68  
    core_instance0/kmem_instance/N67  
    core_instance0/kmem_instance/N66  
    core_instance0/kmem_instance/N65  
    core_instance0/kmem_instance/N64  
    core_instance0/kmem_instance/N63  
    core_instance0/kmem_instance/N62  
    core_instance0/kmem_instance/N61  
    core_instance0/kmem_instance/N60  
    core_instance0/kmem_instance/N59  
    core_instance0/kmem_instance/N58  
    core_instance0/kmem_instance/N57  
    core_instance0/kmem_instance/N56  
    core_instance0/kmem_instance/N55  
    core_instance0/kmem_instance/N54  
    core_instance0/kmem_instance/N53  
    core_instance0/kmem_instance/N52  
    core_instance0/kmem_instance/N51  
    core_instance0/kmem_instance/N50  
    core_instance0/kmem_instance/N49  
    core_instance0/kmem_instance/N48  
    core_instance0/kmem_instance/N47  
    core_instance0/kmem_instance/N46  
    core_instance0/kmem_instance/N45  
    core_instance0/kmem_instance/N44  
    core_instance0/kmem_instance/N43  
    core_instance0/kmem_instance/N42  
    core_instance0/kmem_instance/N41  
    core_instance0/kmem_instance/N40  
    core_instance0/kmem_instance/N39  
    core_instance0/kmem_instance/N38  
    core_instance0/kmem_instance/N37  
    core_instance0/kmem_instance/N36  
    core_instance0/kmem_instance/N35  
    core_instance0/kmem_instance/N34  
    core_instance0/kmem_instance/N33  
    core_instance0/kmem_instance/N32  
    core_instance0/kmem_instance/N31  
    core_instance0/kmem_instance/N30  
    core_instance0/kmem_instance/N29  
    core_instance0/kmem_instance/N28  
    core_instance0/kmem_instance/N27  
    core_instance0/kmem_instance/N26  
    core_instance0/kmem_instance/N25  
    core_instance0/kmem_instance/N24  
    core_instance0/kmem_instance/N23  
    core_instance0/kmem_instance/N22  
    core_instance0/kmem_instance/N21  
    core_instance0/kmem_instance/N20  
    core_instance0/kmem_instance/N19  
    core_instance0/kmem_instance/N18  
    core_instance0/kmem_instance/N17  
    core_instance0/kmem_instance/N16  
    core_instance0/kmem_instance/N15  
    core_instance0/kmem_instance/N14  
    core_instance0/kmem_instance/N13  
    core_instance0/kmem_instance/N12  
    core_instance0/kmem_instance/N11  
    core_instance0/kmem_instance/N10  
    core_instance0/kmem_instance/N9  
    core_instance0/kmem_instance/N8  
    core_instance0/kmem_instance/N7  
    core_instance0/kmem_instance/N6  
    core_instance0/kmem_instance/N5  
    core_instance0/kmem_instance/N4  
    core_instance0/kmem_instance/N3  
    core_instance0/kmem_instance/N2  
    core_instance0/kmem_instance/N1  
    core_instance0/kmem_instance/N0  
    core_instance0/qmem_instance/C4700/CONTROL16  
    core_instance0/qmem_instance/C4700/CONTROL15  
    core_instance0/qmem_instance/C4700/CONTROL14  
    core_instance0/qmem_instance/C4700/CONTROL13  
    core_instance0/qmem_instance/C4700/CONTROL12  
    core_instance0/qmem_instance/C4700/CONTROL11  
    core_instance0/qmem_instance/C4700/CONTROL10  
    core_instance0/qmem_instance/C4700/CONTROL9  
    core_instance0/qmem_instance/C4700/CONTROL8  
    core_instance0/qmem_instance/C4700/CONTROL7  
    core_instance0/qmem_instance/C4700/CONTROL6  
    core_instance0/qmem_instance/C4700/CONTROL5  
    core_instance0/qmem_instance/C4700/CONTROL4  
    core_instance0/qmem_instance/C4700/CONTROL3  
    core_instance0/qmem_instance/C4700/DATA16  
    core_instance0/qmem_instance/C4700/DATA15  
    core_instance0/qmem_instance/C4700/DATA14  
    core_instance0/qmem_instance/C4700/DATA13  
    core_instance0/qmem_instance/C4700/DATA12  
    core_instance0/qmem_instance/C4700/DATA11  
    core_instance0/qmem_instance/C4700/DATA10  
    core_instance0/qmem_instance/C4700/DATA9  
    core_instance0/qmem_instance/C4700/DATA8  
    core_instance0/qmem_instance/C4700/DATA7  
    core_instance0/qmem_instance/C4700/DATA6  
    core_instance0/qmem_instance/C4700/DATA5  
    core_instance0/qmem_instance/C4700/DATA4  
    core_instance0/qmem_instance/C4700/DATA3  
    core_instance0/qmem_instance/C4699/CONTROL16  
    core_instance0/qmem_instance/C4699/CONTROL15  
    core_instance0/qmem_instance/C4699/CONTROL14  
    core_instance0/qmem_instance/C4699/CONTROL13  
    core_instance0/qmem_instance/C4699/CONTROL12  
    core_instance0/qmem_instance/C4699/CONTROL11  
    core_instance0/qmem_instance/C4699/CONTROL10  
    core_instance0/qmem_instance/C4699/CONTROL9  
    core_instance0/qmem_instance/C4699/CONTROL8  
    core_instance0/qmem_instance/C4699/CONTROL7  
    core_instance0/qmem_instance/C4699/CONTROL6  
    core_instance0/qmem_instance/C4699/CONTROL5  
    core_instance0/qmem_instance/C4699/CONTROL4  
    core_instance0/qmem_instance/C4699/CONTROL3  
    core_instance0/qmem_instance/C4699/DATA16  
    core_instance0/qmem_instance/C4699/DATA15  
    core_instance0/qmem_instance/C4699/DATA14  
    core_instance0/qmem_instance/C4699/DATA13  
    core_instance0/qmem_instance/C4699/DATA12  
    core_instance0/qmem_instance/C4699/DATA11  
    core_instance0/qmem_instance/C4699/DATA10  
    core_instance0/qmem_instance/C4699/DATA9  
    core_instance0/qmem_instance/C4699/DATA8  
    core_instance0/qmem_instance/C4699/DATA7  
    core_instance0/qmem_instance/C4699/DATA6  
    core_instance0/qmem_instance/C4699/DATA5  
    core_instance0/qmem_instance/C4699/DATA4  
    core_instance0/qmem_instance/C4699/DATA3  
    core_instance0/qmem_instance/C4698/CONTROL16  
    core_instance0/qmem_instance/C4698/CONTROL15  
    core_instance0/qmem_instance/C4698/CONTROL14  
    core_instance0/qmem_instance/C4698/CONTROL13  
    core_instance0/qmem_instance/C4698/CONTROL12  
    core_instance0/qmem_instance/C4698/CONTROL11  
    core_instance0/qmem_instance/C4698/CONTROL10  
    core_instance0/qmem_instance/C4698/CONTROL9  
    core_instance0/qmem_instance/C4698/CONTROL8  
    core_instance0/qmem_instance/C4698/CONTROL7  
    core_instance0/qmem_instance/C4698/CONTROL6  
    core_instance0/qmem_instance/C4698/CONTROL5  
    core_instance0/qmem_instance/C4698/CONTROL4  
    core_instance0/qmem_instance/C4698/CONTROL3  
    core_instance0/qmem_instance/C4698/DATA16  
    core_instance0/qmem_instance/C4698/DATA15  
    core_instance0/qmem_instance/C4698/DATA14  
    core_instance0/qmem_instance/C4698/DATA13  
    core_instance0/qmem_instance/C4698/DATA12  
    core_instance0/qmem_instance/C4698/DATA11  
    core_instance0/qmem_instance/C4698/DATA10  
    core_instance0/qmem_instance/C4698/DATA9  
    core_instance0/qmem_instance/C4698/DATA8  
    core_instance0/qmem_instance/C4698/DATA7  
    core_instance0/qmem_instance/C4698/DATA6  
    core_instance0/qmem_instance/C4698/DATA5  
    core_instance0/qmem_instance/C4698/DATA4  
    core_instance0/qmem_instance/C4698/DATA3  
    core_instance0/qmem_instance/C4697/CONTROL16  
    core_instance0/qmem_instance/C4697/CONTROL15  
    core_instance0/qmem_instance/C4697/CONTROL14  
    core_instance0/qmem_instance/C4697/CONTROL13  
    core_instance0/qmem_instance/C4697/CONTROL12  
    core_instance0/qmem_instance/C4697/CONTROL11  
    core_instance0/qmem_instance/C4697/CONTROL10  
    core_instance0/qmem_instance/C4697/CONTROL9  
    core_instance0/qmem_instance/C4697/CONTROL8  
    core_instance0/qmem_instance/C4697/CONTROL7  
    core_instance0/qmem_instance/C4697/CONTROL6  
    core_instance0/qmem_instance/C4697/CONTROL5  
    core_instance0/qmem_instance/C4697/CONTROL4  
    core_instance0/qmem_instance/C4697/CONTROL3  
    core_instance0/qmem_instance/C4697/DATA16  
    core_instance0/qmem_instance/C4697/DATA15  
    core_instance0/qmem_instance/C4697/DATA14  
    core_instance0/qmem_instance/C4697/DATA13  
    core_instance0/qmem_instance/C4697/DATA12  
    core_instance0/qmem_instance/C4697/DATA11  
    core_instance0/qmem_instance/C4697/DATA10  
    core_instance0/qmem_instance/C4697/DATA9  
    core_instance0/qmem_instance/C4697/DATA8  
    core_instance0/qmem_instance/C4697/DATA7  
    core_instance0/qmem_instance/C4697/DATA6  
    core_instance0/qmem_instance/C4697/DATA5  
    core_instance0/qmem_instance/C4697/DATA4  
    core_instance0/qmem_instance/C4697/DATA3  
    core_instance0/qmem_instance/C4696/CONTROL16  
    core_instance0/qmem_instance/C4696/CONTROL15  
    core_instance0/qmem_instance/C4696/CONTROL14  
    core_instance0/qmem_instance/C4696/CONTROL13  
    core_instance0/qmem_instance/C4696/CONTROL12  
    core_instance0/qmem_instance/C4696/CONTROL11  
    core_instance0/qmem_instance/C4696/CONTROL10  
    core_instance0/qmem_instance/C4696/CONTROL9  
    core_instance0/qmem_instance/C4696/CONTROL8  
    core_instance0/qmem_instance/C4696/CONTROL7  
    core_instance0/qmem_instance/C4696/CONTROL6  
    core_instance0/qmem_instance/C4696/CONTROL5  
    core_instance0/qmem_instance/C4696/CONTROL4  
    core_instance0/qmem_instance/C4696/CONTROL3  
    core_instance0/qmem_instance/C4696/DATA16  
    core_instance0/qmem_instance/C4696/DATA15  
    core_instance0/qmem_instance/C4696/DATA14  
    core_instance0/qmem_instance/C4696/DATA13  
    core_instance0/qmem_instance/C4696/DATA12  
    core_instance0/qmem_instance/C4696/DATA11  
    core_instance0/qmem_instance/C4696/DATA10  
    core_instance0/qmem_instance/C4696/DATA9  
    core_instance0/qmem_instance/C4696/DATA8  
    core_instance0/qmem_instance/C4696/DATA7  
    core_instance0/qmem_instance/C4696/DATA6  
    core_instance0/qmem_instance/C4696/DATA5  
    core_instance0/qmem_instance/C4696/DATA4  
    core_instance0/qmem_instance/C4696/DATA3  
    core_instance0/qmem_instance/C4695/CONTROL16  
    core_instance0/qmem_instance/C4695/CONTROL15  
    core_instance0/qmem_instance/C4695/CONTROL14  
    core_instance0/qmem_instance/C4695/CONTROL13  
    core_instance0/qmem_instance/C4695/CONTROL12  
    core_instance0/qmem_instance/C4695/CONTROL11  
    core_instance0/qmem_instance/C4695/CONTROL10  
    core_instance0/qmem_instance/C4695/CONTROL9  
    core_instance0/qmem_instance/C4695/CONTROL8  
    core_instance0/qmem_instance/C4695/CONTROL7  
    core_instance0/qmem_instance/C4695/CONTROL6  
    core_instance0/qmem_instance/C4695/CONTROL5  
    core_instance0/qmem_instance/C4695/CONTROL4  
    core_instance0/qmem_instance/C4695/CONTROL3  
    core_instance0/qmem_instance/C4695/DATA16  
    core_instance0/qmem_instance/C4695/DATA15  
    core_instance0/qmem_instance/C4695/DATA14  
    core_instance0/qmem_instance/C4695/DATA13  
    core_instance0/qmem_instance/C4695/DATA12  
    core_instance0/qmem_instance/C4695/DATA11  
    core_instance0/qmem_instance/C4695/DATA10  
    core_instance0/qmem_instance/C4695/DATA9  
    core_instance0/qmem_instance/C4695/DATA8  
    core_instance0/qmem_instance/C4695/DATA7  
    core_instance0/qmem_instance/C4695/DATA6  
    core_instance0/qmem_instance/C4695/DATA5  
    core_instance0/qmem_instance/C4695/DATA4  
    core_instance0/qmem_instance/C4695/DATA3  
    core_instance0/qmem_instance/C4694/CONTROL16  
    core_instance0/qmem_instance/C4694/CONTROL15  
    core_instance0/qmem_instance/C4694/CONTROL14  
    core_instance0/qmem_instance/C4694/CONTROL13  
    core_instance0/qmem_instance/C4694/CONTROL12  
    core_instance0/qmem_instance/C4694/CONTROL11  
    core_instance0/qmem_instance/C4694/CONTROL10  
    core_instance0/qmem_instance/C4694/CONTROL9  
    core_instance0/qmem_instance/C4694/CONTROL8  
    core_instance0/qmem_instance/C4694/CONTROL7  
    core_instance0/qmem_instance/C4694/CONTROL6  
    core_instance0/qmem_instance/C4694/CONTROL5  
    core_instance0/qmem_instance/C4694/CONTROL4  
    core_instance0/qmem_instance/C4694/CONTROL3  
    core_instance0/qmem_instance/C4694/DATA16  
    core_instance0/qmem_instance/C4694/DATA15  
    core_instance0/qmem_instance/C4694/DATA14  
    core_instance0/qmem_instance/C4694/DATA13  
    core_instance0/qmem_instance/C4694/DATA12  
    core_instance0/qmem_instance/C4694/DATA11  
    core_instance0/qmem_instance/C4694/DATA10  
    core_instance0/qmem_instance/C4694/DATA9  
    core_instance0/qmem_instance/C4694/DATA8  
    core_instance0/qmem_instance/C4694/DATA7  
    core_instance0/qmem_instance/C4694/DATA6  
    core_instance0/qmem_instance/C4694/DATA5  
    core_instance0/qmem_instance/C4694/DATA4  
    core_instance0/qmem_instance/C4694/DATA3  
    core_instance0/qmem_instance/C4693/CONTROL16  
    core_instance0/qmem_instance/C4693/CONTROL15  
    core_instance0/qmem_instance/C4693/CONTROL14  
    core_instance0/qmem_instance/C4693/CONTROL13  
    core_instance0/qmem_instance/C4693/CONTROL12  
    core_instance0/qmem_instance/C4693/CONTROL11  
    core_instance0/qmem_instance/C4693/CONTROL10  
    core_instance0/qmem_instance/C4693/CONTROL9  
    core_instance0/qmem_instance/C4693/CONTROL8  
    core_instance0/qmem_instance/C4693/CONTROL7  
    core_instance0/qmem_instance/C4693/CONTROL6  
    core_instance0/qmem_instance/C4693/CONTROL5  
    core_instance0/qmem_instance/C4693/CONTROL4  
    core_instance0/qmem_instance/C4693/CONTROL3  
    core_instance0/qmem_instance/C4693/DATA16  
    core_instance0/qmem_instance/C4693/DATA15  
    core_instance0/qmem_instance/C4693/DATA14  
    core_instance0/qmem_instance/C4693/DATA13  
    core_instance0/qmem_instance/C4693/DATA12  
    core_instance0/qmem_instance/C4693/DATA11  
    core_instance0/qmem_instance/C4693/DATA10  
    core_instance0/qmem_instance/C4693/DATA9  
    core_instance0/qmem_instance/C4693/DATA8  
    core_instance0/qmem_instance/C4693/DATA7  
    core_instance0/qmem_instance/C4693/DATA6  
    core_instance0/qmem_instance/C4693/DATA5  
    core_instance0/qmem_instance/C4693/DATA4  
    core_instance0/qmem_instance/C4693/DATA3  
    core_instance0/qmem_instance/C4692/CONTROL16  
    core_instance0/qmem_instance/C4692/CONTROL15  
    core_instance0/qmem_instance/C4692/CONTROL14  
    core_instance0/qmem_instance/C4692/CONTROL13  
    core_instance0/qmem_instance/C4692/CONTROL12  
    core_instance0/qmem_instance/C4692/CONTROL11  
    core_instance0/qmem_instance/C4692/CONTROL10  
    core_instance0/qmem_instance/C4692/CONTROL9  
    core_instance0/qmem_instance/C4692/CONTROL8  
    core_instance0/qmem_instance/C4692/CONTROL7  
    core_instance0/qmem_instance/C4692/CONTROL6  
    core_instance0/qmem_instance/C4692/CONTROL5  
    core_instance0/qmem_instance/C4692/CONTROL4  
    core_instance0/qmem_instance/C4692/CONTROL3  
    core_instance0/qmem_instance/C4692/DATA16  
    core_instance0/qmem_instance/C4692/DATA15  
    core_instance0/qmem_instance/C4692/DATA14  
    core_instance0/qmem_instance/C4692/DATA13  
    core_instance0/qmem_instance/C4692/DATA12  
    core_instance0/qmem_instance/C4692/DATA11  
    core_instance0/qmem_instance/C4692/DATA10  
    core_instance0/qmem_instance/C4692/DATA9  
    core_instance0/qmem_instance/C4692/DATA8  
    core_instance0/qmem_instance/C4692/DATA7  
    core_instance0/qmem_instance/C4692/DATA6  
    core_instance0/qmem_instance/C4692/DATA5  
    core_instance0/qmem_instance/C4692/DATA4  
    core_instance0/qmem_instance/C4692/DATA3  
    core_instance0/qmem_instance/C4691/CONTROL16  
    core_instance0/qmem_instance/C4691/CONTROL15  
    core_instance0/qmem_instance/C4691/CONTROL14  
    core_instance0/qmem_instance/C4691/CONTROL13  
    core_instance0/qmem_instance/C4691/CONTROL12  
    core_instance0/qmem_instance/C4691/CONTROL11  
    core_instance0/qmem_instance/C4691/CONTROL10  
    core_instance0/qmem_instance/C4691/CONTROL9  
    core_instance0/qmem_instance/C4691/CONTROL8  
    core_instance0/qmem_instance/C4691/CONTROL7  
    core_instance0/qmem_instance/C4691/CONTROL6  
    core_instance0/qmem_instance/C4691/CONTROL5  
    core_instance0/qmem_instance/C4691/CONTROL4  
    core_instance0/qmem_instance/C4691/CONTROL3  
    core_instance0/qmem_instance/C4691/DATA16  
    core_instance0/qmem_instance/C4691/DATA15  
    core_instance0/qmem_instance/C4691/DATA14  
    core_instance0/qmem_instance/C4691/DATA13  
    core_instance0/qmem_instance/C4691/DATA12  
    core_instance0/qmem_instance/C4691/DATA11  
    core_instance0/qmem_instance/C4691/DATA10  
    core_instance0/qmem_instance/C4691/DATA9  
    core_instance0/qmem_instance/C4691/DATA8  
    core_instance0/qmem_instance/C4691/DATA7  
    core_instance0/qmem_instance/C4691/DATA6  
    core_instance0/qmem_instance/C4691/DATA5  
    core_instance0/qmem_instance/C4691/DATA4  
    core_instance0/qmem_instance/C4691/DATA3  
    core_instance0/qmem_instance/C4690/CONTROL16  
    core_instance0/qmem_instance/C4690/CONTROL15  
    core_instance0/qmem_instance/C4690/CONTROL14  
    core_instance0/qmem_instance/C4690/CONTROL13  
    core_instance0/qmem_instance/C4690/CONTROL12  
    core_instance0/qmem_instance/C4690/CONTROL11  
    core_instance0/qmem_instance/C4690/CONTROL10  
    core_instance0/qmem_instance/C4690/CONTROL9  
    core_instance0/qmem_instance/C4690/CONTROL8  
    core_instance0/qmem_instance/C4690/CONTROL7  
    core_instance0/qmem_instance/C4690/CONTROL6  
    core_instance0/qmem_instance/C4690/CONTROL5  
    core_instance0/qmem_instance/C4690/CONTROL4  
    core_instance0/qmem_instance/C4690/CONTROL3  
    core_instance0/qmem_instance/C4690/DATA16  
    core_instance0/qmem_instance/C4690/DATA15  
    core_instance0/qmem_instance/C4690/DATA14  
    core_instance0/qmem_instance/C4690/DATA13  
    core_instance0/qmem_instance/C4690/DATA12  
    core_instance0/qmem_instance/C4690/DATA11  
    core_instance0/qmem_instance/C4690/DATA10  
    core_instance0/qmem_instance/C4690/DATA9  
    core_instance0/qmem_instance/C4690/DATA8  
    core_instance0/qmem_instance/C4690/DATA7  
    core_instance0/qmem_instance/C4690/DATA6  
    core_instance0/qmem_instance/C4690/DATA5  
    core_instance0/qmem_instance/C4690/DATA4  
    core_instance0/qmem_instance/C4690/DATA3  
    core_instance0/qmem_instance/C4689/CONTROL16  
    core_instance0/qmem_instance/C4689/CONTROL15  
    core_instance0/qmem_instance/C4689/CONTROL14  
    core_instance0/qmem_instance/C4689/CONTROL13  
    core_instance0/qmem_instance/C4689/CONTROL12  
    core_instance0/qmem_instance/C4689/CONTROL11  
    core_instance0/qmem_instance/C4689/CONTROL10  
    core_instance0/qmem_instance/C4689/CONTROL9  
    core_instance0/qmem_instance/C4689/CONTROL8  
    core_instance0/qmem_instance/C4689/CONTROL7  
    core_instance0/qmem_instance/C4689/CONTROL6  
    core_instance0/qmem_instance/C4689/CONTROL5  
    core_instance0/qmem_instance/C4689/CONTROL4  
    core_instance0/qmem_instance/C4689/CONTROL3  
    core_instance0/qmem_instance/C4689/DATA16  
    core_instance0/qmem_instance/C4689/DATA15  
    core_instance0/qmem_instance/C4689/DATA14  
    core_instance0/qmem_instance/C4689/DATA13  
    core_instance0/qmem_instance/C4689/DATA12  
    core_instance0/qmem_instance/C4689/DATA11  
    core_instance0/qmem_instance/C4689/DATA10  
    core_instance0/qmem_instance/C4689/DATA9  
    core_instance0/qmem_instance/C4689/DATA8  
    core_instance0/qmem_instance/C4689/DATA7  
    core_instance0/qmem_instance/C4689/DATA6  
    core_instance0/qmem_instance/C4689/DATA5  
    core_instance0/qmem_instance/C4689/DATA4  
    core_instance0/qmem_instance/C4689/DATA3  
    core_instance0/qmem_instance/C4688/CONTROL16  
    core_instance0/qmem_instance/C4688/CONTROL15  
    core_instance0/qmem_instance/C4688/CONTROL14  
    core_instance0/qmem_instance/C4688/CONTROL13  
    core_instance0/qmem_instance/C4688/CONTROL12  
    core_instance0/qmem_instance/C4688/CONTROL11  
    core_instance0/qmem_instance/C4688/CONTROL10  
    core_instance0/qmem_instance/C4688/CONTROL9  
    core_instance0/qmem_instance/C4688/CONTROL8  
    core_instance0/qmem_instance/C4688/CONTROL7  
    core_instance0/qmem_instance/C4688/CONTROL6  
    core_instance0/qmem_instance/C4688/CONTROL5  
    core_instance0/qmem_instance/C4688/CONTROL4  
    core_instance0/qmem_instance/C4688/CONTROL3  
    core_instance0/qmem_instance/C4688/DATA16  
    core_instance0/qmem_instance/C4688/DATA15  
    core_instance0/qmem_instance/C4688/DATA14  
    core_instance0/qmem_instance/C4688/DATA13  
    core_instance0/qmem_instance/C4688/DATA12  
    core_instance0/qmem_instance/C4688/DATA11  
    core_instance0/qmem_instance/C4688/DATA10  
    core_instance0/qmem_instance/C4688/DATA9  
    core_instance0/qmem_instance/C4688/DATA8  
    core_instance0/qmem_instance/C4688/DATA7  
    core_instance0/qmem_instance/C4688/DATA6  
    core_instance0/qmem_instance/C4688/DATA5  
    core_instance0/qmem_instance/C4688/DATA4  
    core_instance0/qmem_instance/C4688/DATA3  
    core_instance0/qmem_instance/C4687/CONTROL16  
    core_instance0/qmem_instance/C4687/CONTROL15  
    core_instance0/qmem_instance/C4687/CONTROL14  
    core_instance0/qmem_instance/C4687/CONTROL13  
    core_instance0/qmem_instance/C4687/CONTROL12  
    core_instance0/qmem_instance/C4687/CONTROL11  
    core_instance0/qmem_instance/C4687/CONTROL10  
    core_instance0/qmem_instance/C4687/CONTROL9  
    core_instance0/qmem_instance/C4687/CONTROL8  
    core_instance0/qmem_instance/C4687/CONTROL7  
    core_instance0/qmem_instance/C4687/CONTROL6  
    core_instance0/qmem_instance/C4687/CONTROL5  
    core_instance0/qmem_instance/C4687/CONTROL4  
    core_instance0/qmem_instance/C4687/CONTROL3  
    core_instance0/qmem_instance/C4687/DATA16  
    core_instance0/qmem_instance/C4687/DATA15  
    core_instance0/qmem_instance/C4687/DATA14  
    core_instance0/qmem_instance/C4687/DATA13  
    core_instance0/qmem_instance/C4687/DATA12  
    core_instance0/qmem_instance/C4687/DATA11  
    core_instance0/qmem_instance/C4687/DATA10  
    core_instance0/qmem_instance/C4687/DATA9  
    core_instance0/qmem_instance/C4687/DATA8  
    core_instance0/qmem_instance/C4687/DATA7  
    core_instance0/qmem_instance/C4687/DATA6  
    core_instance0/qmem_instance/C4687/DATA5  
    core_instance0/qmem_instance/C4687/DATA4  
    core_instance0/qmem_instance/C4687/DATA3  
    core_instance0/qmem_instance/C4686/CONTROL16  
    core_instance0/qmem_instance/C4686/CONTROL15  
    core_instance0/qmem_instance/C4686/CONTROL14  
    core_instance0/qmem_instance/C4686/CONTROL13  
    core_instance0/qmem_instance/C4686/CONTROL12  
    core_instance0/qmem_instance/C4686/CONTROL11  
    core_instance0/qmem_instance/C4686/CONTROL10  
    core_instance0/qmem_instance/C4686/CONTROL9  
    core_instance0/qmem_instance/C4686/CONTROL8  
    core_instance0/qmem_instance/C4686/CONTROL7  
    core_instance0/qmem_instance/C4686/CONTROL6  
    core_instance0/qmem_instance/C4686/CONTROL5  
    core_instance0/qmem_instance/C4686/CONTROL4  
    core_instance0/qmem_instance/C4686/CONTROL3  
    core_instance0/qmem_instance/C4686/DATA16  
    core_instance0/qmem_instance/C4686/DATA15  
    core_instance0/qmem_instance/C4686/DATA14  
    core_instance0/qmem_instance/C4686/DATA13  
    core_instance0/qmem_instance/C4686/DATA12  
    core_instance0/qmem_instance/C4686/DATA11  
    core_instance0/qmem_instance/C4686/DATA10  
    core_instance0/qmem_instance/C4686/DATA9  
    core_instance0/qmem_instance/C4686/DATA8  
    core_instance0/qmem_instance/C4686/DATA7  
    core_instance0/qmem_instance/C4686/DATA6  
    core_instance0/qmem_instance/C4686/DATA5  
    core_instance0/qmem_instance/C4686/DATA4  
    core_instance0/qmem_instance/C4686/DATA3  
    core_instance0/qmem_instance/C4685/CONTROL16  
    core_instance0/qmem_instance/C4685/CONTROL15  
    core_instance0/qmem_instance/C4685/CONTROL14  
    core_instance0/qmem_instance/C4685/CONTROL13  
    core_instance0/qmem_instance/C4685/CONTROL12  
    core_instance0/qmem_instance/C4685/CONTROL11  
    core_instance0/qmem_instance/C4685/CONTROL10  
    core_instance0/qmem_instance/C4685/CONTROL9  
    core_instance0/qmem_instance/C4685/CONTROL8  
    core_instance0/qmem_instance/C4685/CONTROL7  
    core_instance0/qmem_instance/C4685/CONTROL6  
    core_instance0/qmem_instance/C4685/CONTROL5  
    core_instance0/qmem_instance/C4685/CONTROL4  
    core_instance0/qmem_instance/C4685/CONTROL3  
    core_instance0/qmem_instance/C4685/DATA16  
    core_instance0/qmem_instance/C4685/DATA15  
    core_instance0/qmem_instance/C4685/DATA14  
    core_instance0/qmem_instance/C4685/DATA13  
    core_instance0/qmem_instance/C4685/DATA12  
    core_instance0/qmem_instance/C4685/DATA11  
    core_instance0/qmem_instance/C4685/DATA10  
    core_instance0/qmem_instance/C4685/DATA9  
    core_instance0/qmem_instance/C4685/DATA8  
    core_instance0/qmem_instance/C4685/DATA7  
    core_instance0/qmem_instance/C4685/DATA6  
    core_instance0/qmem_instance/C4685/DATA5  
    core_instance0/qmem_instance/C4685/DATA4  
    core_instance0/qmem_instance/C4685/DATA3  
    core_instance0/qmem_instance/memory15[0]  
    core_instance0/qmem_instance/memory15[1]  
    core_instance0/qmem_instance/memory15[2]  
    core_instance0/qmem_instance/memory15[3]  
    core_instance0/qmem_instance/memory15[4]  
    core_instance0/qmem_instance/memory15[5]  
    core_instance0/qmem_instance/memory15[6]  
    core_instance0/qmem_instance/memory15[7]  
    core_instance0/qmem_instance/memory15[8]  
    core_instance0/qmem_instance/memory15[9]  
    core_instance0/qmem_instance/memory15[10]  
    core_instance0/qmem_instance/memory15[11]  
    core_instance0/qmem_instance/memory15[12]  
    core_instance0/qmem_instance/memory15[13]  
    core_instance0/qmem_instance/memory15[14]  
    core_instance0/qmem_instance/memory15[15]  
    core_instance0/qmem_instance/memory15[16]  
    core_instance0/qmem_instance/memory15[17]  
    core_instance0/qmem_instance/memory15[18]  
    core_instance0/qmem_instance/memory15[19]  
    core_instance0/qmem_instance/memory15[20]  
    core_instance0/qmem_instance/memory15[21]  
    core_instance0/qmem_instance/memory15[22]  
    core_instance0/qmem_instance/memory15[23]  
    core_instance0/qmem_instance/memory15[24]  
    core_instance0/qmem_instance/memory15[25]  
    core_instance0/qmem_instance/memory15[26]  
    core_instance0/qmem_instance/memory15[27]  
    core_instance0/qmem_instance/memory15[28]  
    core_instance0/qmem_instance/memory15[29]  
    core_instance0/qmem_instance/memory15[30]  
    core_instance0/qmem_instance/memory15[31]  
    core_instance0/qmem_instance/memory15[32]  
    core_instance0/qmem_instance/memory15[33]  
    core_instance0/qmem_instance/memory15[34]  
    core_instance0/qmem_instance/memory15[35]  
    core_instance0/qmem_instance/memory15[36]  
    core_instance0/qmem_instance/memory15[37]  
    core_instance0/qmem_instance/memory15[38]  
    core_instance0/qmem_instance/memory15[39]  
    core_instance0/qmem_instance/memory15[40]  
    core_instance0/qmem_instance/memory15[41]  
    core_instance0/qmem_instance/memory15[42]  
    core_instance0/qmem_instance/memory15[43]  
    core_instance0/qmem_instance/memory15[44]  
    core_instance0/qmem_instance/memory15[45]  
    core_instance0/qmem_instance/memory15[46]  
    core_instance0/qmem_instance/memory15[47]  
    core_instance0/qmem_instance/memory15[48]  
    core_instance0/qmem_instance/memory15[49]  
    core_instance0/qmem_instance/memory15[50]  
    core_instance0/qmem_instance/memory15[51]  
    core_instance0/qmem_instance/memory15[52]  
    core_instance0/qmem_instance/memory15[53]  
    core_instance0/qmem_instance/memory15[54]  
    core_instance0/qmem_instance/memory15[55]  
    core_instance0/qmem_instance/memory15[56]  
    core_instance0/qmem_instance/memory15[57]  
    core_instance0/qmem_instance/memory15[58]  
    core_instance0/qmem_instance/memory15[59]  
    core_instance0/qmem_instance/memory15[60]  
    core_instance0/qmem_instance/memory15[61]  
    core_instance0/qmem_instance/memory15[62]  
    core_instance0/qmem_instance/memory15[63]  
    core_instance0/qmem_instance/memory14[0]  
    core_instance0/qmem_instance/memory14[1]  
    core_instance0/qmem_instance/memory14[2]  
    core_instance0/qmem_instance/memory14[3]  
    core_instance0/qmem_instance/memory14[4]  
    core_instance0/qmem_instance/memory14[5]  
    core_instance0/qmem_instance/memory14[6]  
    core_instance0/qmem_instance/memory14[7]  
    core_instance0/qmem_instance/memory14[8]  
    core_instance0/qmem_instance/memory14[9]  
    core_instance0/qmem_instance/memory14[10]  
    core_instance0/qmem_instance/memory14[11]  
    core_instance0/qmem_instance/memory14[12]  
    core_instance0/qmem_instance/memory14[13]  
    core_instance0/qmem_instance/memory14[14]  
    core_instance0/qmem_instance/memory14[15]  
    core_instance0/qmem_instance/memory14[16]  
    core_instance0/qmem_instance/memory14[17]  
    core_instance0/qmem_instance/memory14[18]  
    core_instance0/qmem_instance/memory14[19]  
    core_instance0/qmem_instance/memory14[20]  
    core_instance0/qmem_instance/memory14[21]  
    core_instance0/qmem_instance/memory14[22]  
    core_instance0/qmem_instance/memory14[23]  
    core_instance0/qmem_instance/memory14[24]  
    core_instance0/qmem_instance/memory14[25]  
    core_instance0/qmem_instance/memory14[26]  
    core_instance0/qmem_instance/memory14[27]  
    core_instance0/qmem_instance/memory14[28]  
    core_instance0/qmem_instance/memory14[29]  
    core_instance0/qmem_instance/memory14[30]  
    core_instance0/qmem_instance/memory14[31]  
    core_instance0/qmem_instance/memory14[32]  
    core_instance0/qmem_instance/memory14[33]  
    core_instance0/qmem_instance/memory14[34]  
    core_instance0/qmem_instance/memory14[35]  
    core_instance0/qmem_instance/memory14[36]  
    core_instance0/qmem_instance/memory14[37]  
    core_instance0/qmem_instance/memory14[38]  
    core_instance0/qmem_instance/memory14[39]  
    core_instance0/qmem_instance/memory14[40]  
    core_instance0/qmem_instance/memory14[41]  
    core_instance0/qmem_instance/memory14[42]  
    core_instance0/qmem_instance/memory14[43]  
    core_instance0/qmem_instance/memory14[44]  
    core_instance0/qmem_instance/memory14[45]  
    core_instance0/qmem_instance/memory14[46]  
    core_instance0/qmem_instance/memory14[47]  
    core_instance0/qmem_instance/memory14[48]  
    core_instance0/qmem_instance/memory14[49]  
    core_instance0/qmem_instance/memory14[50]  
    core_instance0/qmem_instance/memory14[51]  
    core_instance0/qmem_instance/memory14[52]  
    core_instance0/qmem_instance/memory14[53]  
    core_instance0/qmem_instance/memory14[54]  
    core_instance0/qmem_instance/memory14[55]  
    core_instance0/qmem_instance/memory14[56]  
    core_instance0/qmem_instance/memory14[57]  
    core_instance0/qmem_instance/memory14[58]  
    core_instance0/qmem_instance/memory14[59]  
    core_instance0/qmem_instance/memory14[60]  
    core_instance0/qmem_instance/memory14[61]  
    core_instance0/qmem_instance/memory14[62]  
    core_instance0/qmem_instance/memory14[63]  
    core_instance0/qmem_instance/memory13[0]  
    core_instance0/qmem_instance/memory13[1]  
    core_instance0/qmem_instance/memory13[2]  
    core_instance0/qmem_instance/memory13[3]  
    core_instance0/qmem_instance/memory13[4]  
    core_instance0/qmem_instance/memory13[5]  
    core_instance0/qmem_instance/memory13[6]  
    core_instance0/qmem_instance/memory13[7]  
    core_instance0/qmem_instance/memory13[8]  
    core_instance0/qmem_instance/memory13[9]  
    core_instance0/qmem_instance/memory13[10]  
    core_instance0/qmem_instance/memory13[11]  
    core_instance0/qmem_instance/memory13[12]  
    core_instance0/qmem_instance/memory13[13]  
    core_instance0/qmem_instance/memory13[14]  
    core_instance0/qmem_instance/memory13[15]  
    core_instance0/qmem_instance/memory13[16]  
    core_instance0/qmem_instance/memory13[17]  
    core_instance0/qmem_instance/memory13[18]  
    core_instance0/qmem_instance/memory13[19]  
    core_instance0/qmem_instance/memory13[20]  
    core_instance0/qmem_instance/memory13[21]  
    core_instance0/qmem_instance/memory13[22]  
    core_instance0/qmem_instance/memory13[23]  
    core_instance0/qmem_instance/memory13[24]  
    core_instance0/qmem_instance/memory13[25]  
    core_instance0/qmem_instance/memory13[26]  
    core_instance0/qmem_instance/memory13[27]  
    core_instance0/qmem_instance/memory13[28]  
    core_instance0/qmem_instance/memory13[29]  
    core_instance0/qmem_instance/memory13[30]  
    core_instance0/qmem_instance/memory13[31]  
    core_instance0/qmem_instance/memory13[32]  
    core_instance0/qmem_instance/memory13[33]  
    core_instance0/qmem_instance/memory13[34]  
    core_instance0/qmem_instance/memory13[35]  
    core_instance0/qmem_instance/memory13[36]  
    core_instance0/qmem_instance/memory13[37]  
    core_instance0/qmem_instance/memory13[38]  
    core_instance0/qmem_instance/memory13[39]  
    core_instance0/qmem_instance/memory13[40]  
    core_instance0/qmem_instance/memory13[41]  
    core_instance0/qmem_instance/memory13[42]  
    core_instance0/qmem_instance/memory13[43]  
    core_instance0/qmem_instance/memory13[44]  
    core_instance0/qmem_instance/memory13[45]  
    core_instance0/qmem_instance/memory13[46]  
    core_instance0/qmem_instance/memory13[47]  
    core_instance0/qmem_instance/memory13[48]  
    core_instance0/qmem_instance/memory13[49]  
    core_instance0/qmem_instance/memory13[50]  
    core_instance0/qmem_instance/memory13[51]  
    core_instance0/qmem_instance/memory13[52]  
    core_instance0/qmem_instance/memory13[53]  
    core_instance0/qmem_instance/memory13[54]  
    core_instance0/qmem_instance/memory13[55]  
    core_instance0/qmem_instance/memory13[56]  
    core_instance0/qmem_instance/memory13[57]  
    core_instance0/qmem_instance/memory13[58]  
    core_instance0/qmem_instance/memory13[59]  
    core_instance0/qmem_instance/memory13[60]  
    core_instance0/qmem_instance/memory13[61]  
    core_instance0/qmem_instance/memory13[62]  
    core_instance0/qmem_instance/memory13[63]  
    core_instance0/qmem_instance/memory12[0]  
    core_instance0/qmem_instance/memory12[1]  
    core_instance0/qmem_instance/memory12[2]  
    core_instance0/qmem_instance/memory12[3]  
    core_instance0/qmem_instance/memory12[4]  
    core_instance0/qmem_instance/memory12[5]  
    core_instance0/qmem_instance/memory12[6]  
    core_instance0/qmem_instance/memory12[7]  
    core_instance0/qmem_instance/memory12[8]  
    core_instance0/qmem_instance/memory12[9]  
    core_instance0/qmem_instance/memory12[10]  
    core_instance0/qmem_instance/memory12[11]  
    core_instance0/qmem_instance/memory12[12]  
    core_instance0/qmem_instance/memory12[13]  
    core_instance0/qmem_instance/memory12[14]  
    core_instance0/qmem_instance/memory12[15]  
    core_instance0/qmem_instance/memory12[16]  
    core_instance0/qmem_instance/memory12[17]  
    core_instance0/qmem_instance/memory12[18]  
    core_instance0/qmem_instance/memory12[19]  
    core_instance0/qmem_instance/memory12[20]  
    core_instance0/qmem_instance/memory12[21]  
    core_instance0/qmem_instance/memory12[22]  
    core_instance0/qmem_instance/memory12[23]  
    core_instance0/qmem_instance/memory12[24]  
    core_instance0/qmem_instance/memory12[25]  
    core_instance0/qmem_instance/memory12[26]  
    core_instance0/qmem_instance/memory12[27]  
    core_instance0/qmem_instance/memory12[28]  
    core_instance0/qmem_instance/memory12[29]  
    core_instance0/qmem_instance/memory12[30]  
    core_instance0/qmem_instance/memory12[31]  
    core_instance0/qmem_instance/memory12[32]  
    core_instance0/qmem_instance/memory12[33]  
    core_instance0/qmem_instance/memory12[34]  
    core_instance0/qmem_instance/memory12[35]  
    core_instance0/qmem_instance/memory12[36]  
    core_instance0/qmem_instance/memory12[37]  
    core_instance0/qmem_instance/memory12[38]  
    core_instance0/qmem_instance/memory12[39]  
    core_instance0/qmem_instance/memory12[40]  
    core_instance0/qmem_instance/memory12[41]  
    core_instance0/qmem_instance/memory12[42]  
    core_instance0/qmem_instance/memory12[43]  
    core_instance0/qmem_instance/memory12[44]  
    core_instance0/qmem_instance/memory12[45]  
    core_instance0/qmem_instance/memory12[46]  
    core_instance0/qmem_instance/memory12[47]  
    core_instance0/qmem_instance/memory12[48]  
    core_instance0/qmem_instance/memory12[49]  
    core_instance0/qmem_instance/memory12[50]  
    core_instance0/qmem_instance/memory12[51]  
    core_instance0/qmem_instance/memory12[52]  
    core_instance0/qmem_instance/memory12[53]  
    core_instance0/qmem_instance/memory12[54]  
    core_instance0/qmem_instance/memory12[55]  
    core_instance0/qmem_instance/memory12[56]  
    core_instance0/qmem_instance/memory12[57]  
    core_instance0/qmem_instance/memory12[58]  
    core_instance0/qmem_instance/memory12[59]  
    core_instance0/qmem_instance/memory12[60]  
    core_instance0/qmem_instance/memory12[61]  
    core_instance0/qmem_instance/memory12[62]  
    core_instance0/qmem_instance/memory12[63]  
    core_instance0/qmem_instance/memory11[0]  
    core_instance0/qmem_instance/memory11[1]  
    core_instance0/qmem_instance/memory11[2]  
    core_instance0/qmem_instance/memory11[3]  
    core_instance0/qmem_instance/memory11[4]  
    core_instance0/qmem_instance/memory11[5]  
    core_instance0/qmem_instance/memory11[6]  
    core_instance0/qmem_instance/memory11[7]  
    core_instance0/qmem_instance/memory11[8]  
    core_instance0/qmem_instance/memory11[9]  
    core_instance0/qmem_instance/memory11[10]  
    core_instance0/qmem_instance/memory11[11]  
    core_instance0/qmem_instance/memory11[12]  
    core_instance0/qmem_instance/memory11[13]  
    core_instance0/qmem_instance/memory11[14]  
    core_instance0/qmem_instance/memory11[15]  
    core_instance0/qmem_instance/memory11[16]  
    core_instance0/qmem_instance/memory11[17]  
    core_instance0/qmem_instance/memory11[18]  
    core_instance0/qmem_instance/memory11[19]  
    core_instance0/qmem_instance/memory11[20]  
    core_instance0/qmem_instance/memory11[21]  
    core_instance0/qmem_instance/memory11[22]  
    core_instance0/qmem_instance/memory11[23]  
    core_instance0/qmem_instance/memory11[24]  
    core_instance0/qmem_instance/memory11[25]  
    core_instance0/qmem_instance/memory11[26]  
    core_instance0/qmem_instance/memory11[27]  
    core_instance0/qmem_instance/memory11[28]  
    core_instance0/qmem_instance/memory11[29]  
    core_instance0/qmem_instance/memory11[30]  
    core_instance0/qmem_instance/memory11[31]  
    core_instance0/qmem_instance/memory11[32]  
    core_instance0/qmem_instance/memory11[33]  
    core_instance0/qmem_instance/memory11[34]  
    core_instance0/qmem_instance/memory11[35]  
    core_instance0/qmem_instance/memory11[36]  
    core_instance0/qmem_instance/memory11[37]  
    core_instance0/qmem_instance/memory11[38]  
    core_instance0/qmem_instance/memory11[39]  
    core_instance0/qmem_instance/memory11[40]  
    core_instance0/qmem_instance/memory11[41]  
    core_instance0/qmem_instance/memory11[42]  
    core_instance0/qmem_instance/memory11[43]  
    core_instance0/qmem_instance/memory11[44]  
    core_instance0/qmem_instance/memory11[45]  
    core_instance0/qmem_instance/memory11[46]  
    core_instance0/qmem_instance/memory11[47]  
    core_instance0/qmem_instance/memory11[48]  
    core_instance0/qmem_instance/memory11[49]  
    core_instance0/qmem_instance/memory11[50]  
    core_instance0/qmem_instance/memory11[51]  
    core_instance0/qmem_instance/memory11[52]  
    core_instance0/qmem_instance/memory11[53]  
    core_instance0/qmem_instance/memory11[54]  
    core_instance0/qmem_instance/memory11[55]  
    core_instance0/qmem_instance/memory11[56]  
    core_instance0/qmem_instance/memory11[57]  
    core_instance0/qmem_instance/memory11[58]  
    core_instance0/qmem_instance/memory11[59]  
    core_instance0/qmem_instance/memory11[60]  
    core_instance0/qmem_instance/memory11[61]  
    core_instance0/qmem_instance/memory11[62]  
    core_instance0/qmem_instance/memory11[63]  
    core_instance0/qmem_instance/memory10[0]  
    core_instance0/qmem_instance/memory10[1]  
    core_instance0/qmem_instance/memory10[2]  
    core_instance0/qmem_instance/memory10[3]  
    core_instance0/qmem_instance/memory10[4]  
    core_instance0/qmem_instance/memory10[5]  
    core_instance0/qmem_instance/memory10[6]  
    core_instance0/qmem_instance/memory10[7]  
    core_instance0/qmem_instance/memory10[8]  
    core_instance0/qmem_instance/memory10[9]  
    core_instance0/qmem_instance/memory10[10]  
    core_instance0/qmem_instance/memory10[11]  
    core_instance0/qmem_instance/memory10[12]  
    core_instance0/qmem_instance/memory10[13]  
    core_instance0/qmem_instance/memory10[14]  
    core_instance0/qmem_instance/memory10[15]  
    core_instance0/qmem_instance/memory10[16]  
    core_instance0/qmem_instance/memory10[17]  
    core_instance0/qmem_instance/memory10[18]  
    core_instance0/qmem_instance/memory10[19]  
    core_instance0/qmem_instance/memory10[20]  
    core_instance0/qmem_instance/memory10[21]  
    core_instance0/qmem_instance/memory10[22]  
    core_instance0/qmem_instance/memory10[23]  
    core_instance0/qmem_instance/memory10[24]  
    core_instance0/qmem_instance/memory10[25]  
    core_instance0/qmem_instance/memory10[26]  
    core_instance0/qmem_instance/memory10[27]  
    core_instance0/qmem_instance/memory10[28]  
    core_instance0/qmem_instance/memory10[29]  
    core_instance0/qmem_instance/memory10[30]  
    core_instance0/qmem_instance/memory10[31]  
    core_instance0/qmem_instance/memory10[32]  
    core_instance0/qmem_instance/memory10[33]  
    core_instance0/qmem_instance/memory10[34]  
    core_instance0/qmem_instance/memory10[35]  
    core_instance0/qmem_instance/memory10[36]  
    core_instance0/qmem_instance/memory10[37]  
    core_instance0/qmem_instance/memory10[38]  
    core_instance0/qmem_instance/memory10[39]  
    core_instance0/qmem_instance/memory10[40]  
    core_instance0/qmem_instance/memory10[41]  
    core_instance0/qmem_instance/memory10[42]  
    core_instance0/qmem_instance/memory10[43]  
    core_instance0/qmem_instance/memory10[44]  
    core_instance0/qmem_instance/memory10[45]  
    core_instance0/qmem_instance/memory10[46]  
    core_instance0/qmem_instance/memory10[47]  
    core_instance0/qmem_instance/memory10[48]  
    core_instance0/qmem_instance/memory10[49]  
    core_instance0/qmem_instance/memory10[50]  
    core_instance0/qmem_instance/memory10[51]  
    core_instance0/qmem_instance/memory10[52]  
    core_instance0/qmem_instance/memory10[53]  
    core_instance0/qmem_instance/memory10[54]  
    core_instance0/qmem_instance/memory10[55]  
    core_instance0/qmem_instance/memory10[56]  
    core_instance0/qmem_instance/memory10[57]  
    core_instance0/qmem_instance/memory10[58]  
    core_instance0/qmem_instance/memory10[59]  
    core_instance0/qmem_instance/memory10[60]  
    core_instance0/qmem_instance/memory10[61]  
    core_instance0/qmem_instance/memory10[62]  
    core_instance0/qmem_instance/memory10[63]  
    core_instance0/qmem_instance/memory9[0]  
    core_instance0/qmem_instance/memory9[1]  
    core_instance0/qmem_instance/memory9[2]  
    core_instance0/qmem_instance/memory9[3]  
    core_instance0/qmem_instance/memory9[4]  
    core_instance0/qmem_instance/memory9[5]  
    core_instance0/qmem_instance/memory9[6]  
    core_instance0/qmem_instance/memory9[7]  
    core_instance0/qmem_instance/memory9[8]  
    core_instance0/qmem_instance/memory9[9]  
    core_instance0/qmem_instance/memory9[10]  
    core_instance0/qmem_instance/memory9[11]  
    core_instance0/qmem_instance/memory9[12]  
    core_instance0/qmem_instance/memory9[13]  
    core_instance0/qmem_instance/memory9[14]  
    core_instance0/qmem_instance/memory9[15]  
    core_instance0/qmem_instance/memory9[16]  
    core_instance0/qmem_instance/memory9[17]  
    core_instance0/qmem_instance/memory9[18]  
    core_instance0/qmem_instance/memory9[19]  
    core_instance0/qmem_instance/memory9[20]  
    core_instance0/qmem_instance/memory9[21]  
    core_instance0/qmem_instance/memory9[22]  
    core_instance0/qmem_instance/memory9[23]  
    core_instance0/qmem_instance/memory9[24]  
    core_instance0/qmem_instance/memory9[25]  
    core_instance0/qmem_instance/memory9[26]  
    core_instance0/qmem_instance/memory9[27]  
    core_instance0/qmem_instance/memory9[28]  
    core_instance0/qmem_instance/memory9[29]  
    core_instance0/qmem_instance/memory9[30]  
    core_instance0/qmem_instance/memory9[31]  
    core_instance0/qmem_instance/memory9[32]  
    core_instance0/qmem_instance/memory9[33]  
    core_instance0/qmem_instance/memory9[34]  
    core_instance0/qmem_instance/memory9[35]  
    core_instance0/qmem_instance/memory9[36]  
    core_instance0/qmem_instance/memory9[37]  
    core_instance0/qmem_instance/memory9[38]  
    core_instance0/qmem_instance/memory9[39]  
    core_instance0/qmem_instance/memory9[40]  
    core_instance0/qmem_instance/memory9[41]  
    core_instance0/qmem_instance/memory9[42]  
    core_instance0/qmem_instance/memory9[43]  
    core_instance0/qmem_instance/memory9[44]  
    core_instance0/qmem_instance/memory9[45]  
    core_instance0/qmem_instance/memory9[46]  
    core_instance0/qmem_instance/memory9[47]  
    core_instance0/qmem_instance/memory9[48]  
    core_instance0/qmem_instance/memory9[49]  
    core_instance0/qmem_instance/memory9[50]  
    core_instance0/qmem_instance/memory9[51]  
    core_instance0/qmem_instance/memory9[52]  
    core_instance0/qmem_instance/memory9[53]  
    core_instance0/qmem_instance/memory9[54]  
    core_instance0/qmem_instance/memory9[55]  
    core_instance0/qmem_instance/memory9[56]  
    core_instance0/qmem_instance/memory9[57]  
    core_instance0/qmem_instance/memory9[58]  
    core_instance0/qmem_instance/memory9[59]  
    core_instance0/qmem_instance/memory9[60]  
    core_instance0/qmem_instance/memory9[61]  
    core_instance0/qmem_instance/memory9[62]  
    core_instance0/qmem_instance/memory9[63]  
    core_instance0/qmem_instance/memory8[0]  
    core_instance0/qmem_instance/memory8[1]  
    core_instance0/qmem_instance/memory8[2]  
    core_instance0/qmem_instance/memory8[3]  
    core_instance0/qmem_instance/memory8[4]  
    core_instance0/qmem_instance/memory8[5]  
    core_instance0/qmem_instance/memory8[6]  
    core_instance0/qmem_instance/memory8[7]  
    core_instance0/qmem_instance/memory8[8]  
    core_instance0/qmem_instance/memory8[9]  
    core_instance0/qmem_instance/memory8[10]  
    core_instance0/qmem_instance/memory8[11]  
    core_instance0/qmem_instance/memory8[12]  
    core_instance0/qmem_instance/memory8[13]  
    core_instance0/qmem_instance/memory8[14]  
    core_instance0/qmem_instance/memory8[15]  
    core_instance0/qmem_instance/memory8[16]  
    core_instance0/qmem_instance/memory8[17]  
    core_instance0/qmem_instance/memory8[18]  
    core_instance0/qmem_instance/memory8[19]  
    core_instance0/qmem_instance/memory8[20]  
    core_instance0/qmem_instance/memory8[21]  
    core_instance0/qmem_instance/memory8[22]  
    core_instance0/qmem_instance/memory8[23]  
    core_instance0/qmem_instance/memory8[24]  
    core_instance0/qmem_instance/memory8[25]  
    core_instance0/qmem_instance/memory8[26]  
    core_instance0/qmem_instance/memory8[27]  
    core_instance0/qmem_instance/memory8[28]  
    core_instance0/qmem_instance/memory8[29]  
    core_instance0/qmem_instance/memory8[30]  
    core_instance0/qmem_instance/memory8[31]  
    core_instance0/qmem_instance/memory8[32]  
    core_instance0/qmem_instance/memory8[33]  
    core_instance0/qmem_instance/memory8[34]  
    core_instance0/qmem_instance/memory8[35]  
    core_instance0/qmem_instance/memory8[36]  
    core_instance0/qmem_instance/memory8[37]  
    core_instance0/qmem_instance/memory8[38]  
    core_instance0/qmem_instance/memory8[39]  
    core_instance0/qmem_instance/memory8[40]  
    core_instance0/qmem_instance/memory8[41]  
    core_instance0/qmem_instance/memory8[42]  
    core_instance0/qmem_instance/memory8[43]  
    core_instance0/qmem_instance/memory8[44]  
    core_instance0/qmem_instance/memory8[45]  
    core_instance0/qmem_instance/memory8[46]  
    core_instance0/qmem_instance/memory8[47]  
    core_instance0/qmem_instance/memory8[48]  
    core_instance0/qmem_instance/memory8[49]  
    core_instance0/qmem_instance/memory8[50]  
    core_instance0/qmem_instance/memory8[51]  
    core_instance0/qmem_instance/memory8[52]  
    core_instance0/qmem_instance/memory8[53]  
    core_instance0/qmem_instance/memory8[54]  
    core_instance0/qmem_instance/memory8[55]  
    core_instance0/qmem_instance/memory8[56]  
    core_instance0/qmem_instance/memory8[57]  
    core_instance0/qmem_instance/memory8[58]  
    core_instance0/qmem_instance/memory8[59]  
    core_instance0/qmem_instance/memory8[60]  
    core_instance0/qmem_instance/memory8[61]  
    core_instance0/qmem_instance/memory8[62]  
    core_instance0/qmem_instance/memory8[63]  
    core_instance0/qmem_instance/memory7[0]  
    core_instance0/qmem_instance/memory7[1]  
    core_instance0/qmem_instance/memory7[2]  
    core_instance0/qmem_instance/memory7[3]  
    core_instance0/qmem_instance/memory7[4]  
    core_instance0/qmem_instance/memory7[5]  
    core_instance0/qmem_instance/memory7[6]  
    core_instance0/qmem_instance/memory7[7]  
    core_instance0/qmem_instance/memory7[8]  
    core_instance0/qmem_instance/memory7[9]  
    core_instance0/qmem_instance/memory7[10]  
    core_instance0/qmem_instance/memory7[11]  
    core_instance0/qmem_instance/memory7[12]  
    core_instance0/qmem_instance/memory7[13]  
    core_instance0/qmem_instance/memory7[14]  
    core_instance0/qmem_instance/memory7[15]  
    core_instance0/qmem_instance/memory7[16]  
    core_instance0/qmem_instance/memory7[17]  
    core_instance0/qmem_instance/memory7[18]  
    core_instance0/qmem_instance/memory7[19]  
    core_instance0/qmem_instance/memory7[20]  
    core_instance0/qmem_instance/memory7[21]  
    core_instance0/qmem_instance/memory7[22]  
    core_instance0/qmem_instance/memory7[23]  
    core_instance0/qmem_instance/memory7[24]  
    core_instance0/qmem_instance/memory7[25]  
    core_instance0/qmem_instance/memory7[26]  
    core_instance0/qmem_instance/memory7[27]  
    core_instance0/qmem_instance/memory7[28]  
    core_instance0/qmem_instance/memory7[29]  
    core_instance0/qmem_instance/memory7[30]  
    core_instance0/qmem_instance/memory7[31]  
    core_instance0/qmem_instance/memory7[32]  
    core_instance0/qmem_instance/memory7[33]  
    core_instance0/qmem_instance/memory7[34]  
    core_instance0/qmem_instance/memory7[35]  
    core_instance0/qmem_instance/memory7[36]  
    core_instance0/qmem_instance/memory7[37]  
    core_instance0/qmem_instance/memory7[38]  
    core_instance0/qmem_instance/memory7[39]  
    core_instance0/qmem_instance/memory7[40]  
    core_instance0/qmem_instance/memory7[41]  
    core_instance0/qmem_instance/memory7[42]  
    core_instance0/qmem_instance/memory7[43]  
    core_instance0/qmem_instance/memory7[44]  
    core_instance0/qmem_instance/memory7[45]  
    core_instance0/qmem_instance/memory7[46]  
    core_instance0/qmem_instance/memory7[47]  
    core_instance0/qmem_instance/memory7[48]  
    core_instance0/qmem_instance/memory7[49]  
    core_instance0/qmem_instance/memory7[50]  
    core_instance0/qmem_instance/memory7[51]  
    core_instance0/qmem_instance/memory7[52]  
    core_instance0/qmem_instance/memory7[53]  
    core_instance0/qmem_instance/memory7[54]  
    core_instance0/qmem_instance/memory7[55]  
    core_instance0/qmem_instance/memory7[56]  
    core_instance0/qmem_instance/memory7[57]  
    core_instance0/qmem_instance/memory7[58]  
    core_instance0/qmem_instance/memory7[59]  
    core_instance0/qmem_instance/memory7[60]  
    core_instance0/qmem_instance/memory7[61]  
    core_instance0/qmem_instance/memory7[62]  
    core_instance0/qmem_instance/memory7[63]  
    core_instance0/qmem_instance/memory6[0]  
    core_instance0/qmem_instance/memory6[1]  
    core_instance0/qmem_instance/memory6[2]  
    core_instance0/qmem_instance/memory6[3]  
    core_instance0/qmem_instance/memory6[4]  
    core_instance0/qmem_instance/memory6[5]  
    core_instance0/qmem_instance/memory6[6]  
    core_instance0/qmem_instance/memory6[7]  
    core_instance0/qmem_instance/memory6[8]  
    core_instance0/qmem_instance/memory6[9]  
    core_instance0/qmem_instance/memory6[10]  
    core_instance0/qmem_instance/memory6[11]  
    core_instance0/qmem_instance/memory6[12]  
    core_instance0/qmem_instance/memory6[13]  
    core_instance0/qmem_instance/memory6[14]  
    core_instance0/qmem_instance/memory6[15]  
    core_instance0/qmem_instance/memory6[16]  
    core_instance0/qmem_instance/memory6[17]  
    core_instance0/qmem_instance/memory6[18]  
    core_instance0/qmem_instance/memory6[19]  
    core_instance0/qmem_instance/memory6[20]  
    core_instance0/qmem_instance/memory6[21]  
    core_instance0/qmem_instance/memory6[22]  
    core_instance0/qmem_instance/memory6[23]  
    core_instance0/qmem_instance/memory6[24]  
    core_instance0/qmem_instance/memory6[25]  
    core_instance0/qmem_instance/memory6[26]  
    core_instance0/qmem_instance/memory6[27]  
    core_instance0/qmem_instance/memory6[28]  
    core_instance0/qmem_instance/memory6[29]  
    core_instance0/qmem_instance/memory6[30]  
    core_instance0/qmem_instance/memory6[31]  
    core_instance0/qmem_instance/memory6[32]  
    core_instance0/qmem_instance/memory6[33]  
    core_instance0/qmem_instance/memory6[34]  
    core_instance0/qmem_instance/memory6[35]  
    core_instance0/qmem_instance/memory6[36]  
    core_instance0/qmem_instance/memory6[37]  
    core_instance0/qmem_instance/memory6[38]  
    core_instance0/qmem_instance/memory6[39]  
    core_instance0/qmem_instance/memory6[40]  
    core_instance0/qmem_instance/memory6[41]  
    core_instance0/qmem_instance/memory6[42]  
    core_instance0/qmem_instance/memory6[43]  
    core_instance0/qmem_instance/memory6[44]  
    core_instance0/qmem_instance/memory6[45]  
    core_instance0/qmem_instance/memory6[46]  
    core_instance0/qmem_instance/memory6[47]  
    core_instance0/qmem_instance/memory6[48]  
    core_instance0/qmem_instance/memory6[49]  
    core_instance0/qmem_instance/memory6[50]  
    core_instance0/qmem_instance/memory6[51]  
    core_instance0/qmem_instance/memory6[52]  
    core_instance0/qmem_instance/memory6[53]  
    core_instance0/qmem_instance/memory6[54]  
    core_instance0/qmem_instance/memory6[55]  
    core_instance0/qmem_instance/memory6[56]  
    core_instance0/qmem_instance/memory6[57]  
    core_instance0/qmem_instance/memory6[58]  
    core_instance0/qmem_instance/memory6[59]  
    core_instance0/qmem_instance/memory6[60]  
    core_instance0/qmem_instance/memory6[61]  
    core_instance0/qmem_instance/memory6[62]  
    core_instance0/qmem_instance/memory6[63]  
    core_instance0/qmem_instance/memory5[0]  
    core_instance0/qmem_instance/memory5[1]  
    core_instance0/qmem_instance/memory5[2]  
    core_instance0/qmem_instance/memory5[3]  
    core_instance0/qmem_instance/memory5[4]  
    core_instance0/qmem_instance/memory5[5]  
    core_instance0/qmem_instance/memory5[6]  
    core_instance0/qmem_instance/memory5[7]  
    core_instance0/qmem_instance/memory5[8]  
    core_instance0/qmem_instance/memory5[9]  
    core_instance0/qmem_instance/memory5[10]  
    core_instance0/qmem_instance/memory5[11]  
    core_instance0/qmem_instance/memory5[12]  
    core_instance0/qmem_instance/memory5[13]  
    core_instance0/qmem_instance/memory5[14]  
    core_instance0/qmem_instance/memory5[15]  
    core_instance0/qmem_instance/memory5[16]  
    core_instance0/qmem_instance/memory5[17]  
    core_instance0/qmem_instance/memory5[18]  
    core_instance0/qmem_instance/memory5[19]  
    core_instance0/qmem_instance/memory5[20]  
    core_instance0/qmem_instance/memory5[21]  
    core_instance0/qmem_instance/memory5[22]  
    core_instance0/qmem_instance/memory5[23]  
    core_instance0/qmem_instance/memory5[24]  
    core_instance0/qmem_instance/memory5[25]  
    core_instance0/qmem_instance/memory5[26]  
    core_instance0/qmem_instance/memory5[27]  
    core_instance0/qmem_instance/memory5[28]  
    core_instance0/qmem_instance/memory5[29]  
    core_instance0/qmem_instance/memory5[30]  
    core_instance0/qmem_instance/memory5[31]  
    core_instance0/qmem_instance/memory5[32]  
    core_instance0/qmem_instance/memory5[33]  
    core_instance0/qmem_instance/memory5[34]  
    core_instance0/qmem_instance/memory5[35]  
    core_instance0/qmem_instance/memory5[36]  
    core_instance0/qmem_instance/memory5[37]  
    core_instance0/qmem_instance/memory5[38]  
    core_instance0/qmem_instance/memory5[39]  
    core_instance0/qmem_instance/memory5[40]  
    core_instance0/qmem_instance/memory5[41]  
    core_instance0/qmem_instance/memory5[42]  
    core_instance0/qmem_instance/memory5[43]  
    core_instance0/qmem_instance/memory5[44]  
    core_instance0/qmem_instance/memory5[45]  
    core_instance0/qmem_instance/memory5[46]  
    core_instance0/qmem_instance/memory5[47]  
    core_instance0/qmem_instance/memory5[48]  
    core_instance0/qmem_instance/memory5[49]  
    core_instance0/qmem_instance/memory5[50]  
    core_instance0/qmem_instance/memory5[51]  
    core_instance0/qmem_instance/memory5[52]  
    core_instance0/qmem_instance/memory5[53]  
    core_instance0/qmem_instance/memory5[54]  
    core_instance0/qmem_instance/memory5[55]  
    core_instance0/qmem_instance/memory5[56]  
    core_instance0/qmem_instance/memory5[57]  
    core_instance0/qmem_instance/memory5[58]  
    core_instance0/qmem_instance/memory5[59]  
    core_instance0/qmem_instance/memory5[60]  
    core_instance0/qmem_instance/memory5[61]  
    core_instance0/qmem_instance/memory5[62]  
    core_instance0/qmem_instance/memory5[63]  
    core_instance0/qmem_instance/memory4[0]  
    core_instance0/qmem_instance/memory4[1]  
    core_instance0/qmem_instance/memory4[2]  
    core_instance0/qmem_instance/memory4[3]  
    core_instance0/qmem_instance/memory4[4]  
    core_instance0/qmem_instance/memory4[5]  
    core_instance0/qmem_instance/memory4[6]  
    core_instance0/qmem_instance/memory4[7]  
    core_instance0/qmem_instance/memory4[8]  
    core_instance0/qmem_instance/memory4[9]  
    core_instance0/qmem_instance/memory4[10]  
    core_instance0/qmem_instance/memory4[11]  
    core_instance0/qmem_instance/memory4[12]  
    core_instance0/qmem_instance/memory4[13]  
    core_instance0/qmem_instance/memory4[14]  
    core_instance0/qmem_instance/memory4[15]  
    core_instance0/qmem_instance/memory4[16]  
    core_instance0/qmem_instance/memory4[17]  
    core_instance0/qmem_instance/memory4[18]  
    core_instance0/qmem_instance/memory4[19]  
    core_instance0/qmem_instance/memory4[20]  
    core_instance0/qmem_instance/memory4[21]  
    core_instance0/qmem_instance/memory4[22]  
    core_instance0/qmem_instance/memory4[23]  
    core_instance0/qmem_instance/memory4[24]  
    core_instance0/qmem_instance/memory4[25]  
    core_instance0/qmem_instance/memory4[26]  
    core_instance0/qmem_instance/memory4[27]  
    core_instance0/qmem_instance/memory4[28]  
    core_instance0/qmem_instance/memory4[29]  
    core_instance0/qmem_instance/memory4[30]  
    core_instance0/qmem_instance/memory4[31]  
    core_instance0/qmem_instance/memory4[32]  
    core_instance0/qmem_instance/memory4[33]  
    core_instance0/qmem_instance/memory4[34]  
    core_instance0/qmem_instance/memory4[35]  
    core_instance0/qmem_instance/memory4[36]  
    core_instance0/qmem_instance/memory4[37]  
    core_instance0/qmem_instance/memory4[38]  
    core_instance0/qmem_instance/memory4[39]  
    core_instance0/qmem_instance/memory4[40]  
    core_instance0/qmem_instance/memory4[41]  
    core_instance0/qmem_instance/memory4[42]  
    core_instance0/qmem_instance/memory4[43]  
    core_instance0/qmem_instance/memory4[44]  
    core_instance0/qmem_instance/memory4[45]  
    core_instance0/qmem_instance/memory4[46]  
    core_instance0/qmem_instance/memory4[47]  
    core_instance0/qmem_instance/memory4[48]  
    core_instance0/qmem_instance/memory4[49]  
    core_instance0/qmem_instance/memory4[50]  
    core_instance0/qmem_instance/memory4[51]  
    core_instance0/qmem_instance/memory4[52]  
    core_instance0/qmem_instance/memory4[53]  
    core_instance0/qmem_instance/memory4[54]  
    core_instance0/qmem_instance/memory4[55]  
    core_instance0/qmem_instance/memory4[56]  
    core_instance0/qmem_instance/memory4[57]  
    core_instance0/qmem_instance/memory4[58]  
    core_instance0/qmem_instance/memory4[59]  
    core_instance0/qmem_instance/memory4[60]  
    core_instance0/qmem_instance/memory4[61]  
    core_instance0/qmem_instance/memory4[62]  
    core_instance0/qmem_instance/memory4[63]  
    core_instance0/qmem_instance/memory3[0]  
    core_instance0/qmem_instance/memory3[1]  
    core_instance0/qmem_instance/memory3[2]  
    core_instance0/qmem_instance/memory3[3]  
    core_instance0/qmem_instance/memory3[4]  
    core_instance0/qmem_instance/memory3[5]  
    core_instance0/qmem_instance/memory3[6]  
    core_instance0/qmem_instance/memory3[7]  
    core_instance0/qmem_instance/memory3[8]  
    core_instance0/qmem_instance/memory3[9]  
    core_instance0/qmem_instance/memory3[10]  
    core_instance0/qmem_instance/memory3[11]  
    core_instance0/qmem_instance/memory3[12]  
    core_instance0/qmem_instance/memory3[13]  
    core_instance0/qmem_instance/memory3[14]  
    core_instance0/qmem_instance/memory3[15]  
    core_instance0/qmem_instance/memory3[16]  
    core_instance0/qmem_instance/memory3[17]  
    core_instance0/qmem_instance/memory3[18]  
    core_instance0/qmem_instance/memory3[19]  
    core_instance0/qmem_instance/memory3[20]  
    core_instance0/qmem_instance/memory3[21]  
    core_instance0/qmem_instance/memory3[22]  
    core_instance0/qmem_instance/memory3[23]  
    core_instance0/qmem_instance/memory3[24]  
    core_instance0/qmem_instance/memory3[25]  
    core_instance0/qmem_instance/memory3[26]  
    core_instance0/qmem_instance/memory3[27]  
    core_instance0/qmem_instance/memory3[28]  
    core_instance0/qmem_instance/memory3[29]  
    core_instance0/qmem_instance/memory3[30]  
    core_instance0/qmem_instance/memory3[31]  
    core_instance0/qmem_instance/memory3[32]  
    core_instance0/qmem_instance/memory3[33]  
    core_instance0/qmem_instance/memory3[34]  
    core_instance0/qmem_instance/memory3[35]  
    core_instance0/qmem_instance/memory3[36]  
    core_instance0/qmem_instance/memory3[37]  
    core_instance0/qmem_instance/memory3[38]  
    core_instance0/qmem_instance/memory3[39]  
    core_instance0/qmem_instance/memory3[40]  
    core_instance0/qmem_instance/memory3[41]  
    core_instance0/qmem_instance/memory3[42]  
    core_instance0/qmem_instance/memory3[43]  
    core_instance0/qmem_instance/memory3[44]  
    core_instance0/qmem_instance/memory3[45]  
    core_instance0/qmem_instance/memory3[46]  
    core_instance0/qmem_instance/memory3[47]  
    core_instance0/qmem_instance/memory3[48]  
    core_instance0/qmem_instance/memory3[49]  
    core_instance0/qmem_instance/memory3[50]  
    core_instance0/qmem_instance/memory3[51]  
    core_instance0/qmem_instance/memory3[52]  
    core_instance0/qmem_instance/memory3[53]  
    core_instance0/qmem_instance/memory3[54]  
    core_instance0/qmem_instance/memory3[55]  
    core_instance0/qmem_instance/memory3[56]  
    core_instance0/qmem_instance/memory3[57]  
    core_instance0/qmem_instance/memory3[58]  
    core_instance0/qmem_instance/memory3[59]  
    core_instance0/qmem_instance/memory3[60]  
    core_instance0/qmem_instance/memory3[61]  
    core_instance0/qmem_instance/memory3[62]  
    core_instance0/qmem_instance/memory3[63]  
    core_instance0/qmem_instance/memory2[0]  
    core_instance0/qmem_instance/memory2[1]  
    core_instance0/qmem_instance/memory2[2]  
    core_instance0/qmem_instance/memory2[3]  
    core_instance0/qmem_instance/memory2[4]  
    core_instance0/qmem_instance/memory2[5]  
    core_instance0/qmem_instance/memory2[6]  
    core_instance0/qmem_instance/memory2[7]  
    core_instance0/qmem_instance/memory2[8]  
    core_instance0/qmem_instance/memory2[9]  
    core_instance0/qmem_instance/memory2[10]  
    core_instance0/qmem_instance/memory2[11]  
    core_instance0/qmem_instance/memory2[12]  
    core_instance0/qmem_instance/memory2[13]  
    core_instance0/qmem_instance/memory2[14]  
    core_instance0/qmem_instance/memory2[15]  
    core_instance0/qmem_instance/memory2[16]  
    core_instance0/qmem_instance/memory2[17]  
    core_instance0/qmem_instance/memory2[18]  
    core_instance0/qmem_instance/memory2[19]  
    core_instance0/qmem_instance/memory2[20]  
    core_instance0/qmem_instance/memory2[21]  
    core_instance0/qmem_instance/memory2[22]  
    core_instance0/qmem_instance/memory2[23]  
    core_instance0/qmem_instance/memory2[24]  
    core_instance0/qmem_instance/memory2[25]  
    core_instance0/qmem_instance/memory2[26]  
    core_instance0/qmem_instance/memory2[27]  
    core_instance0/qmem_instance/memory2[28]  
    core_instance0/qmem_instance/memory2[29]  
    core_instance0/qmem_instance/memory2[30]  
    core_instance0/qmem_instance/memory2[31]  
    core_instance0/qmem_instance/memory2[32]  
    core_instance0/qmem_instance/memory2[33]  
    core_instance0/qmem_instance/memory2[34]  
    core_instance0/qmem_instance/memory2[35]  
    core_instance0/qmem_instance/memory2[36]  
    core_instance0/qmem_instance/memory2[37]  
    core_instance0/qmem_instance/memory2[38]  
    core_instance0/qmem_instance/memory2[39]  
    core_instance0/qmem_instance/memory2[40]  
    core_instance0/qmem_instance/memory2[41]  
    core_instance0/qmem_instance/memory2[42]  
    core_instance0/qmem_instance/memory2[43]  
    core_instance0/qmem_instance/memory2[44]  
    core_instance0/qmem_instance/memory2[45]  
    core_instance0/qmem_instance/memory2[46]  
    core_instance0/qmem_instance/memory2[47]  
    core_instance0/qmem_instance/memory2[48]  
    core_instance0/qmem_instance/memory2[49]  
    core_instance0/qmem_instance/memory2[50]  
    core_instance0/qmem_instance/memory2[51]  
    core_instance0/qmem_instance/memory2[52]  
    core_instance0/qmem_instance/memory2[53]  
    core_instance0/qmem_instance/memory2[54]  
    core_instance0/qmem_instance/memory2[55]  
    core_instance0/qmem_instance/memory2[56]  
    core_instance0/qmem_instance/memory2[57]  
    core_instance0/qmem_instance/memory2[58]  
    core_instance0/qmem_instance/memory2[59]  
    core_instance0/qmem_instance/memory2[60]  
    core_instance0/qmem_instance/memory2[61]  
    core_instance0/qmem_instance/memory2[62]  
    core_instance0/qmem_instance/memory2[63]  
    core_instance0/qmem_instance/memory1[0]  
    core_instance0/qmem_instance/memory1[1]  
    core_instance0/qmem_instance/memory1[2]  
    core_instance0/qmem_instance/memory1[3]  
    core_instance0/qmem_instance/memory1[4]  
    core_instance0/qmem_instance/memory1[5]  
    core_instance0/qmem_instance/memory1[6]  
    core_instance0/qmem_instance/memory1[7]  
    core_instance0/qmem_instance/memory1[8]  
    core_instance0/qmem_instance/memory1[9]  
    core_instance0/qmem_instance/memory1[10]  
    core_instance0/qmem_instance/memory1[11]  
    core_instance0/qmem_instance/memory1[12]  
    core_instance0/qmem_instance/memory1[13]  
    core_instance0/qmem_instance/memory1[14]  
    core_instance0/qmem_instance/memory1[15]  
    core_instance0/qmem_instance/memory1[16]  
    core_instance0/qmem_instance/memory1[17]  
    core_instance0/qmem_instance/memory1[18]  
    core_instance0/qmem_instance/memory1[19]  
    core_instance0/qmem_instance/memory1[20]  
    core_instance0/qmem_instance/memory1[21]  
    core_instance0/qmem_instance/memory1[22]  
    core_instance0/qmem_instance/memory1[23]  
    core_instance0/qmem_instance/memory1[24]  
    core_instance0/qmem_instance/memory1[25]  
    core_instance0/qmem_instance/memory1[26]  
    core_instance0/qmem_instance/memory1[27]  
    core_instance0/qmem_instance/memory1[28]  
    core_instance0/qmem_instance/memory1[29]  
    core_instance0/qmem_instance/memory1[30]  
    core_instance0/qmem_instance/memory1[31]  
    core_instance0/qmem_instance/memory1[32]  
    core_instance0/qmem_instance/memory1[33]  
    core_instance0/qmem_instance/memory1[34]  
    core_instance0/qmem_instance/memory1[35]  
    core_instance0/qmem_instance/memory1[36]  
    core_instance0/qmem_instance/memory1[37]  
    core_instance0/qmem_instance/memory1[38]  
    core_instance0/qmem_instance/memory1[39]  
    core_instance0/qmem_instance/memory1[40]  
    core_instance0/qmem_instance/memory1[41]  
    core_instance0/qmem_instance/memory1[42]  
    core_instance0/qmem_instance/memory1[43]  
    core_instance0/qmem_instance/memory1[44]  
    core_instance0/qmem_instance/memory1[45]  
    core_instance0/qmem_instance/memory1[46]  
    core_instance0/qmem_instance/memory1[47]  
    core_instance0/qmem_instance/memory1[48]  
    core_instance0/qmem_instance/memory1[49]  
    core_instance0/qmem_instance/memory1[50]  
    core_instance0/qmem_instance/memory1[51]  
    core_instance0/qmem_instance/memory1[52]  
    core_instance0/qmem_instance/memory1[53]  
    core_instance0/qmem_instance/memory1[54]  
    core_instance0/qmem_instance/memory1[55]  
    core_instance0/qmem_instance/memory1[56]  
    core_instance0/qmem_instance/memory1[57]  
    core_instance0/qmem_instance/memory1[58]  
    core_instance0/qmem_instance/memory1[59]  
    core_instance0/qmem_instance/memory1[60]  
    core_instance0/qmem_instance/memory1[61]  
    core_instance0/qmem_instance/memory1[62]  
    core_instance0/qmem_instance/memory1[63]  
    core_instance0/qmem_instance/memory0[0]  
    core_instance0/qmem_instance/memory0[1]  
    core_instance0/qmem_instance/memory0[2]  
    core_instance0/qmem_instance/memory0[3]  
    core_instance0/qmem_instance/memory0[4]  
    core_instance0/qmem_instance/memory0[5]  
    core_instance0/qmem_instance/memory0[6]  
    core_instance0/qmem_instance/memory0[7]  
    core_instance0/qmem_instance/memory0[8]  
    core_instance0/qmem_instance/memory0[9]  
    core_instance0/qmem_instance/memory0[10]  
    core_instance0/qmem_instance/memory0[11]  
    core_instance0/qmem_instance/memory0[12]  
    core_instance0/qmem_instance/memory0[13]  
    core_instance0/qmem_instance/memory0[14]  
    core_instance0/qmem_instance/memory0[15]  
    core_instance0/qmem_instance/memory0[16]  
    core_instance0/qmem_instance/memory0[17]  
    core_instance0/qmem_instance/memory0[18]  
    core_instance0/qmem_instance/memory0[19]  
    core_instance0/qmem_instance/memory0[20]  
    core_instance0/qmem_instance/memory0[21]  
    core_instance0/qmem_instance/memory0[22]  
    core_instance0/qmem_instance/memory0[23]  
    core_instance0/qmem_instance/memory0[24]  
    core_instance0/qmem_instance/memory0[25]  
    core_instance0/qmem_instance/memory0[26]  
    core_instance0/qmem_instance/memory0[27]  
    core_instance0/qmem_instance/memory0[28]  
    core_instance0/qmem_instance/memory0[29]  
    core_instance0/qmem_instance/memory0[30]  
    core_instance0/qmem_instance/memory0[31]  
    core_instance0/qmem_instance/memory0[32]  
    core_instance0/qmem_instance/memory0[33]  
    core_instance0/qmem_instance/memory0[34]  
    core_instance0/qmem_instance/memory0[35]  
    core_instance0/qmem_instance/memory0[36]  
    core_instance0/qmem_instance/memory0[37]  
    core_instance0/qmem_instance/memory0[38]  
    core_instance0/qmem_instance/memory0[39]  
    core_instance0/qmem_instance/memory0[40]  
    core_instance0/qmem_instance/memory0[41]  
    core_instance0/qmem_instance/memory0[42]  
    core_instance0/qmem_instance/memory0[43]  
    core_instance0/qmem_instance/memory0[44]  
    core_instance0/qmem_instance/memory0[45]  
    core_instance0/qmem_instance/memory0[46]  
    core_instance0/qmem_instance/memory0[47]  
    core_instance0/qmem_instance/memory0[48]  
    core_instance0/qmem_instance/memory0[49]  
    core_instance0/qmem_instance/memory0[50]  
    core_instance0/qmem_instance/memory0[51]  
    core_instance0/qmem_instance/memory0[52]  
    core_instance0/qmem_instance/memory0[53]  
    core_instance0/qmem_instance/memory0[54]  
    core_instance0/qmem_instance/memory0[55]  
    core_instance0/qmem_instance/memory0[56]  
    core_instance0/qmem_instance/memory0[57]  
    core_instance0/qmem_instance/memory0[58]  
    core_instance0/qmem_instance/memory0[59]  
    core_instance0/qmem_instance/memory0[60]  
    core_instance0/qmem_instance/memory0[61]  
    core_instance0/qmem_instance/memory0[62]  
    core_instance0/qmem_instance/memory0[63]  
    core_instance0/qmem_instance/N226  
    core_instance0/qmem_instance/N225  
    core_instance0/qmem_instance/N224  
    core_instance0/qmem_instance/N223  
    core_instance0/qmem_instance/N222  
    core_instance0/qmem_instance/N221  
    core_instance0/qmem_instance/N220  
    core_instance0/qmem_instance/N219  
    core_instance0/qmem_instance/N218  
    core_instance0/qmem_instance/N217  
    core_instance0/qmem_instance/N216  
    core_instance0/qmem_instance/N215  
    core_instance0/qmem_instance/N214  
    core_instance0/qmem_instance/N213  
    core_instance0/qmem_instance/N212  
    core_instance0/qmem_instance/N211  
    core_instance0/qmem_instance/N210  
    core_instance0/qmem_instance/N209  
    core_instance0/qmem_instance/N208  
    core_instance0/qmem_instance/N207  
    core_instance0/qmem_instance/N206  
    core_instance0/qmem_instance/N205  
    core_instance0/qmem_instance/N204  
    core_instance0/qmem_instance/N203  
    core_instance0/qmem_instance/N202  
    core_instance0/qmem_instance/N201  
    core_instance0/qmem_instance/N200  
    core_instance0/qmem_instance/N199  
    core_instance0/qmem_instance/N198  
    core_instance0/qmem_instance/N197  
    core_instance0/qmem_instance/N196  
    core_instance0/qmem_instance/N195  
    core_instance0/qmem_instance/N194  
    core_instance0/qmem_instance/N193  
    core_instance0/qmem_instance/N192  
    core_instance0/qmem_instance/N191  
    core_instance0/qmem_instance/N190  
    core_instance0/qmem_instance/N189  
    core_instance0/qmem_instance/N188  
    core_instance0/qmem_instance/N187  
    core_instance0/qmem_instance/N186  
    core_instance0/qmem_instance/N185  
    core_instance0/qmem_instance/N184  
    core_instance0/qmem_instance/N183  
    core_instance0/qmem_instance/N182  
    core_instance0/qmem_instance/N181  
    core_instance0/qmem_instance/N180  
    core_instance0/qmem_instance/N179  
    core_instance0/qmem_instance/N178  
    core_instance0/qmem_instance/N177  
    core_instance0/qmem_instance/N176  
    core_instance0/qmem_instance/N175  
    core_instance0/qmem_instance/N174  
    core_instance0/qmem_instance/N173  
    core_instance0/qmem_instance/N172  
    core_instance0/qmem_instance/N171  
    core_instance0/qmem_instance/N170  
    core_instance0/qmem_instance/N169  
    core_instance0/qmem_instance/N168  
    core_instance0/qmem_instance/N167  
    core_instance0/qmem_instance/N166  
    core_instance0/qmem_instance/N165  
    core_instance0/qmem_instance/N164  
    core_instance0/qmem_instance/N163  
    core_instance0/qmem_instance/N162  
    core_instance0/qmem_instance/N161  
    core_instance0/qmem_instance/N160  
    core_instance0/qmem_instance/N159  
    core_instance0/qmem_instance/N158  
    core_instance0/qmem_instance/N157  
    core_instance0/qmem_instance/N156  
    core_instance0/qmem_instance/N155  
    core_instance0/qmem_instance/N154  
    core_instance0/qmem_instance/N153  
    core_instance0/qmem_instance/N152  
    core_instance0/qmem_instance/N151  
    core_instance0/qmem_instance/N150  
    core_instance0/qmem_instance/N149  
    core_instance0/qmem_instance/N148  
    core_instance0/qmem_instance/N147  
    core_instance0/qmem_instance/N146  
    core_instance0/qmem_instance/N145  
    core_instance0/qmem_instance/N144  
    core_instance0/qmem_instance/N143  
    core_instance0/qmem_instance/N142  
    core_instance0/qmem_instance/N141  
    core_instance0/qmem_instance/N140  
    core_instance0/qmem_instance/N139  
    core_instance0/qmem_instance/N138  
    core_instance0/qmem_instance/N137  
    core_instance0/qmem_instance/N136  
    core_instance0/qmem_instance/N135  
    core_instance0/qmem_instance/N134  
    core_instance0/qmem_instance/N133  
    core_instance0/qmem_instance/N132  
    core_instance0/qmem_instance/N131  
    core_instance0/qmem_instance/N130  
    core_instance0/qmem_instance/N129  
    core_instance0/qmem_instance/N128  
    core_instance0/qmem_instance/N127  
    core_instance0/qmem_instance/N126  
    core_instance0/qmem_instance/N125  
    core_instance0/qmem_instance/N124  
    core_instance0/qmem_instance/N123  
    core_instance0/qmem_instance/N122  
    core_instance0/qmem_instance/N121  
    core_instance0/qmem_instance/N120  
    core_instance0/qmem_instance/N119  
    core_instance0/qmem_instance/N118  
    core_instance0/qmem_instance/N117  
    core_instance0/qmem_instance/N116  
    core_instance0/qmem_instance/N115  
    core_instance0/qmem_instance/N114  
    core_instance0/qmem_instance/N113  
    core_instance0/qmem_instance/N112  
    core_instance0/qmem_instance/N111  
    core_instance0/qmem_instance/N110  
    core_instance0/qmem_instance/N109  
    core_instance0/qmem_instance/N108  
    core_instance0/qmem_instance/N107  
    core_instance0/qmem_instance/N106  
    core_instance0/qmem_instance/N105  
    core_instance0/qmem_instance/N104  
    core_instance0/qmem_instance/N103  
    core_instance0/qmem_instance/N102  
    core_instance0/qmem_instance/N101  
    core_instance0/qmem_instance/N100  
    core_instance0/qmem_instance/N99  
    core_instance0/qmem_instance/N98  
    core_instance0/qmem_instance/N97  
    core_instance0/qmem_instance/N96  
    core_instance0/qmem_instance/N95  
    core_instance0/qmem_instance/N94  
    core_instance0/qmem_instance/N93  
    core_instance0/qmem_instance/N92  
    core_instance0/qmem_instance/N91  
    core_instance0/qmem_instance/N90  
    core_instance0/qmem_instance/N89  
    core_instance0/qmem_instance/N88  
    core_instance0/qmem_instance/N87  
    core_instance0/qmem_instance/N86  
    core_instance0/qmem_instance/N85  
    core_instance0/qmem_instance/N84  
    core_instance0/qmem_instance/N83  
    core_instance0/qmem_instance/N82  
    core_instance0/qmem_instance/N81  
    core_instance0/qmem_instance/N80  
    core_instance0/qmem_instance/N79  
    core_instance0/qmem_instance/N78  
    core_instance0/qmem_instance/N77  
    core_instance0/qmem_instance/N76  
    core_instance0/qmem_instance/N75  
    core_instance0/qmem_instance/N74  
    core_instance0/qmem_instance/N73  
    core_instance0/qmem_instance/N72  
    core_instance0/qmem_instance/N71  
    core_instance0/qmem_instance/N70  
    core_instance0/qmem_instance/N69  
    core_instance0/qmem_instance/N68  
    core_instance0/qmem_instance/N67  
    core_instance0/qmem_instance/N66  
    core_instance0/qmem_instance/N65  
    core_instance0/qmem_instance/N64  
    core_instance0/qmem_instance/N63  
    core_instance0/qmem_instance/N62  
    core_instance0/qmem_instance/N61  
    core_instance0/qmem_instance/N60  
    core_instance0/qmem_instance/N59  
    core_instance0/qmem_instance/N58  
    core_instance0/qmem_instance/N57  
    core_instance0/qmem_instance/N56  
    core_instance0/qmem_instance/N55  
    core_instance0/qmem_instance/N54  
    core_instance0/qmem_instance/N53  
    core_instance0/qmem_instance/N52  
    core_instance0/qmem_instance/N51  
    core_instance0/qmem_instance/N50  
    core_instance0/qmem_instance/N49  
    core_instance0/qmem_instance/N48  
    core_instance0/qmem_instance/N47  
    core_instance0/qmem_instance/N46  
    core_instance0/qmem_instance/N45  
    core_instance0/qmem_instance/N44  
    core_instance0/qmem_instance/N43  
    core_instance0/qmem_instance/N42  
    core_instance0/qmem_instance/N41  
    core_instance0/qmem_instance/N40  
    core_instance0/qmem_instance/N39  
    core_instance0/qmem_instance/N38  
    core_instance0/qmem_instance/N37  
    core_instance0/qmem_instance/N36  
    core_instance0/qmem_instance/N35  
    core_instance0/qmem_instance/N34  
    core_instance0/qmem_instance/N33  
    core_instance0/qmem_instance/N32  
    core_instance0/qmem_instance/N31  
    core_instance0/qmem_instance/N30  
    core_instance0/qmem_instance/N29  
    core_instance0/qmem_instance/N28  
    core_instance0/qmem_instance/N27  
    core_instance0/qmem_instance/N26  
    core_instance0/qmem_instance/N25  
    core_instance0/qmem_instance/N24  
    core_instance0/qmem_instance/N23  
    core_instance0/qmem_instance/N22  
    core_instance0/qmem_instance/N21  
    core_instance0/qmem_instance/N20  
    core_instance0/qmem_instance/N19  
    core_instance0/qmem_instance/N18  
    core_instance0/qmem_instance/N17  
    core_instance0/qmem_instance/N16  
    core_instance0/qmem_instance/N15  
    core_instance0/qmem_instance/N14  
    core_instance0/qmem_instance/N13  
    core_instance0/qmem_instance/N12  
    core_instance0/qmem_instance/N11  
    core_instance0/qmem_instance/N10  
    core_instance0/qmem_instance/N9  
    core_instance0/qmem_instance/N8  
    core_instance0/qmem_instance/N7  
    core_instance0/qmem_instance/N6  
    core_instance0/qmem_instance/N5  
    core_instance0/qmem_instance/N4  
    core_instance0/qmem_instance/N3  
    core_instance0/qmem_instance/N2  
    core_instance0/qmem_instance/N1  
    core_instance0/qmem_instance/N0  
    core_instance0/array_out[19]  
    core_instance0/array_out[39]  
    core_instance0/array_out[59]  
    core_instance0/array_out[79]  
    core_instance0/array_out[99]  
    core_instance0/array_out[119]  
    core_instance0/array_out[139]  
    core_instance0/array_out[159]  
    core_instance0/qmem_out[0]  
    core_instance0/qmem_out[1]  
    core_instance0/qmem_out[2]  
    core_instance0/qmem_out[3]  
    core_instance0/qmem_out[4]  
    core_instance0/qmem_out[5]  
    core_instance0/qmem_out[6]  
    core_instance0/qmem_out[7]  
    core_instance0/qmem_out[8]  
    core_instance0/qmem_out[9]  
    core_instance0/qmem_out[10]  
    core_instance0/qmem_out[11]  
    core_instance0/qmem_out[12]  
    core_instance0/qmem_out[13]  
    core_instance0/qmem_out[14]  
    core_instance0/qmem_out[15]  
    core_instance0/qmem_out[16]  
    core_instance0/qmem_out[17]  
    core_instance0/qmem_out[18]  
    core_instance0/qmem_out[19]  
    core_instance0/qmem_out[20]  
    core_instance0/qmem_out[21]  
    core_instance0/qmem_out[22]  
    core_instance0/qmem_out[23]  
    core_instance0/qmem_out[24]  
    core_instance0/qmem_out[25]  
    core_instance0/qmem_out[26]  
    core_instance0/qmem_out[27]  
    core_instance0/qmem_out[28]  
    core_instance0/qmem_out[29]  
    core_instance0/qmem_out[30]  
    core_instance0/qmem_out[31]  
    core_instance0/qmem_out[32]  
    core_instance0/qmem_out[33]  
    core_instance0/qmem_out[34]  
    core_instance0/qmem_out[35]  
    core_instance0/qmem_out[36]  
    core_instance0/qmem_out[37]  
    core_instance0/qmem_out[38]  
    core_instance0/qmem_out[39]  
    core_instance0/qmem_out[40]  
    core_instance0/qmem_out[41]  
    core_instance0/qmem_out[42]  
    core_instance0/qmem_out[43]  
    core_instance0/qmem_out[44]  
    core_instance0/qmem_out[45]  
    core_instance0/qmem_out[46]  
    core_instance0/qmem_out[47]  
    core_instance0/qmem_out[48]  
    core_instance0/qmem_out[49]  
    core_instance0/qmem_out[50]  
    core_instance0/qmem_out[51]  
    core_instance0/qmem_out[52]  
    core_instance0/qmem_out[53]  
    core_instance0/qmem_out[54]  
    core_instance0/qmem_out[55]  
    core_instance0/qmem_out[56]  
    core_instance0/qmem_out[57]  
    core_instance0/qmem_out[58]  
    core_instance0/qmem_out[59]  
    core_instance0/qmem_out[60]  
    core_instance0/qmem_out[61]  
    core_instance0/qmem_out[62]  
    core_instance0/qmem_out[63]  
    core_instance0/kmem_out[0]  
    core_instance0/kmem_out[1]  
    core_instance0/kmem_out[2]  
    core_instance0/kmem_out[3]  
    core_instance0/kmem_out[4]  
    core_instance0/kmem_out[5]  
    core_instance0/kmem_out[6]  
    core_instance0/kmem_out[7]  
    core_instance0/kmem_out[8]  
    core_instance0/kmem_out[9]  
    core_instance0/kmem_out[10]  
    core_instance0/kmem_out[11]  
    core_instance0/kmem_out[12]  
    core_instance0/kmem_out[13]  
    core_instance0/kmem_out[14]  
    core_instance0/kmem_out[15]  
    core_instance0/kmem_out[16]  
    core_instance0/kmem_out[17]  
    core_instance0/kmem_out[18]  
    core_instance0/kmem_out[19]  
    core_instance0/kmem_out[20]  
    core_instance0/kmem_out[21]  
    core_instance0/kmem_out[22]  
    core_instance0/kmem_out[23]  
    core_instance0/kmem_out[24]  
    core_instance0/kmem_out[25]  
    core_instance0/kmem_out[26]  
    core_instance0/kmem_out[27]  
    core_instance0/kmem_out[28]  
    core_instance0/kmem_out[29]  
    core_instance0/kmem_out[30]  
    core_instance0/kmem_out[31]  
    core_instance0/kmem_out[32]  
    core_instance0/kmem_out[33]  
    core_instance0/kmem_out[34]  
    core_instance0/kmem_out[35]  
    core_instance0/kmem_out[36]  
    core_instance0/kmem_out[37]  
    core_instance0/kmem_out[38]  
    core_instance0/kmem_out[39]  
    core_instance0/kmem_out[40]  
    core_instance0/kmem_out[41]  
    core_instance0/kmem_out[42]  
    core_instance0/kmem_out[43]  
    core_instance0/kmem_out[44]  
    core_instance0/kmem_out[45]  
    core_instance0/kmem_out[46]  
    core_instance0/kmem_out[47]  
    core_instance0/kmem_out[48]  
    core_instance0/kmem_out[49]  
    core_instance0/kmem_out[50]  
    core_instance0/kmem_out[51]  
    core_instance0/kmem_out[52]  
    core_instance0/kmem_out[53]  
    core_instance0/kmem_out[54]  
    core_instance0/kmem_out[55]  
    core_instance0/kmem_out[56]  
    core_instance0/kmem_out[57]  
    core_instance0/kmem_out[58]  
    core_instance0/kmem_out[59]  
    core_instance0/kmem_out[60]  
    core_instance0/kmem_out[61]  
    core_instance0/kmem_out[62]  
    core_instance0/kmem_out[63]  
    core_instance0/SYNOPSYS_UNCONNECTED_7  
    core_instance0/SYNOPSYS_UNCONNECTED_6  
    core_instance0/SYNOPSYS_UNCONNECTED_5  
    core_instance0/SYNOPSYS_UNCONNECTED_4  
    core_instance0/SYNOPSYS_UNCONNECTED_3  
    core_instance0/SYNOPSYS_UNCONNECTED_2  
    core_instance0/SYNOPSYS_UNCONNECTED_1  
    core1_sum_out[7]  
    core1_sum_out[9]  
    core1_sum_out[11]  
    core1_sum_out[16]  
    SYNOPSYS_UNCONNECTED_28  
    SYNOPSYS_UNCONNECTED_27  
    SYNOPSYS_UNCONNECTED_26  
    SYNOPSYS_UNCONNECTED_25  
    SYNOPSYS_UNCONNECTED_24  
    SYNOPSYS_UNCONNECTED_23  
    SYNOPSYS_UNCONNECTED_22  
    SYNOPSYS_UNCONNECTED_21  
    SYNOPSYS_UNCONNECTED_20  
    SYNOPSYS_UNCONNECTED_19  
    SYNOPSYS_UNCONNECTED_18  
    SYNOPSYS_UNCONNECTED_17  
    SYNOPSYS_UNCONNECTED_16  
    SYNOPSYS_UNCONNECTED_15  
    SYNOPSYS_UNCONNECTED_14  
    SYNOPSYS_UNCONNECTED_13  
    SYNOPSYS_UNCONNECTED_12  
    SYNOPSYS_UNCONNECTED_11  
    SYNOPSYS_UNCONNECTED_10  
    SYNOPSYS_UNCONNECTED_9  
    SYNOPSYS_UNCONNECTED_8  
    SYNOPSYS_UNCONNECTED_7  
    SYNOPSYS_UNCONNECTED_6  
    SYNOPSYS_UNCONNECTED_5  
    SYNOPSYS_UNCONNECTED_4  
    SYNOPSYS_UNCONNECTED_3  
    SYNOPSYS_UNCONNECTED_2  
    SYNOPSYS_UNCONNECTED_1  
    out[0]  
    out[1]  
    out[2]  
    out[3]  
    out[4]  
    out[5]  
    out[6]  
    out[7]  
    out[8]  
    out[9]  
    out[10]  
    out[11]  
    out[12]  
    out[13]  
    out[14]  
    out[15]  
    out[16]  
    out[17]  
    out[18]  
    out[19]  
    out[20]  
    out[21]  
    out[22]  
    out[23]  
    out[24]  
    out[25]  
    out[26]  
    out[27]  
    out[28]  
    out[29]  
    out[30]  
    out[31]  
    out[32]  
    out[33]  
    out[34]  
    out[35]  
    out[36]  
    out[37]  
    out[38]  
    out[39]  
    out[40]  
    out[41]  
    out[42]  
    out[43]  
    out[44]  
    out[45]  
    out[46]  
    out[47]  
    out[48]  
    out[49]  
    out[50]  
    out[51]  
    out[52]  
    out[53]  
    out[54]  
    out[55]  
    out[56]  
    out[57]  
    out[58]  
    out[59]  
    out[60]  
    out[61]  
    out[62]  
    out[63]  
    out[64]  
    out[65]  
    out[66]  
    out[67]  
    out[68]  
    out[69]  
    out[70]  
    out[71]  
    out[72]  
    out[73]  
    out[74]  
    out[75]  
    out[76]  
    out[77]  
    out[78]  
    out[79]  
    out[80]  
    out[81]  
    out[82]  
    out[83]  
    out[84]  
    out[85]  
    out[86]  
    out[87]  
    out[88]  
    out[89]  
    out[90]  
    out[91]  
    out[92]  
    out[93]  
    out[94]  
    out[95]  
    out[96]  
    out[97]  
    out[98]  
    out[99]  
    out[100]  
    out[101]  
    out[102]  
    out[103]  
    out[104]  
    out[105]  
    out[106]  
    out[107]  
    out[108]  
    out[109]  
    out[110]  
    out[111]  
    out[112]  
    out[113]  
    out[114]  
    out[115]  
    out[116]  
    out[117]  
    out[118]  
    out[119]  
    out[120]  
    out[121]  
    out[122]  
    out[123]  
    out[124]  
    out[125]  
    out[126]  
    out[127]  
    out[128]  
    out[129]  
    out[130]  
    out[131]  
    out[132]  
    out[133]  
    out[134]  
    out[135]  
    out[136]  
    out[137]  
    out[138]  
    out[139]  
    out[140]  
    out[141]  
    out[142]  
    out[143]  
    out[144]  
    out[145]  
    out[146]  
    out[147]  
    out[148]  
    out[149]  
    out[150]  
    out[151]  
    out[152]  
    out[153]  
    out[154]  
    out[155]  
    out[156]  
    out[157]  
    out[158]  
    out[159]  
    out[160]  
    out[161]  
    out[162]  
    out[163]  
    out[164]  
    out[165]  
    out[166]  
    out[167]  
    out[168]  
    out[169]  
    out[170]  
    out[171]  
    out[172]  
    out[173]  
    out[174]  
    out[175]  
    out[176]  
    out[177]  
    out[178]  
    out[179]  
    out[180]  
    out[181]  
    out[182]  
    out[183]  
    out[184]  
    out[185]  
    out[186]  
    out[187]  
    out[188]  
    out[189]  
    out[190]  
    out[191]  
    out[192]  
    out[193]  
    out[194]  
    out[195]  
    out[196]  
    out[197]  
    out[198]  
    out[199]  
    out[200]  
    out[201]  
    out[202]  
    out[203]  
    out[204]  
    out[205]  
    out[206]  
    out[207]  
    out[208]  
    out[209]  
    out[210]  
    out[211]  
    out[212]  
    out[213]  
    out[214]  
    out[215]  
    out[216]  
    out[217]  
    out[218]  
    out[219]  
    out[220]  
    out[221]  
    out[222]  
    out[223]  
    out[224]  
    out[225]  
    out[226]  
    out[227]  
    out[228]  
    out[229]  
    out[230]  
    out[231]  
    out[232]  
    out[233]  
    out[234]  
    out[235]  
    out[236]  
    out[237]  
    out[238]  
    out[239]  
    out[240]  
    out[241]  
    out[242]  
    out[243]  
    out[244]  
    out[245]  
    out[246]  
    out[247]  
    out[248]  
    out[249]  
    out[250]  
    out[251]  
    out[252]  
    out[253]  
    out[254]  
    out[255]  
    out[256]  
    out[257]  
    out[258]  
    out[259]  
    out[260]  
    out[261]  
    out[262]  
    out[263]  
    out[264]  
    out[265]  
    out[266]  
    out[267]  
    out[268]  
    out[269]  
    out[270]  
    out[271]  
    out[272]  
    out[273]  
    out[274]  
    out[275]  
    out[276]  
    out[277]  
    out[278]  
    out[279]  
    out[280]  
    out[281]  
    out[282]  
    out[283]  
    out[284]  
    out[285]  
    out[286]  
    out[287]  
    out[288]  
    out[289]  
    out[290]  
    out[291]  
    out[292]  
    out[293]  
    out[294]  
    out[295]  
    out[296]  
    out[297]  
    out[298]  
    out[299]  
    out[300]  
    out[301]  
    out[302]  
    out[303]  
    out[304]  
    out[305]  
    out[306]  
    out[307]  
    out[308]  
    out[309]  
    out[310]  
    out[311]  
    out[312]  
    out[313]  
    out[314]  
    out[315]  
    out[316]  
    out[317]  
    out[318]  
    out[319]  
# Multi-driven Nets: 0  
# Assign Statements: 0  
Is Design Uniquified: NO  
    General Caution:
        1) The design must be unique before entering CTS.
        2) You can use the command uniquifyNetlist to uniqufy the netlist.
    Multi-Instantiated Super Cells  # instance  
    sram_w8_sram_bit160  2  
    sram_w16_sram_bit64  4  
# Pins in Netlist without timing lib: 0  

==============================

==============================
: Internal  External  
No of Nets:     107411           0  
No of Connections:     248640           0  
Total Net Length (X): 7.5142e+05  0.0000e+00  
Total Net Length (Y): 6.7454e+05  0.0000e+00  
Total Net Length: 1.4260e+06  0.0000e+00  

==============================
Timing Information
==============================
# Clocks in design: 
    ------------------------------
    Clocks in Design
    ------------------------------
    *  
    @  
    clk  
    *  
    @  
    clk  6  
# Generated clocks: 0  
# "dont_use" cells from .libs: 
    ------------------------------
    Dont_use Cell List
    ------------------------------
    ANTENNA  
    ANTENNA  
    BHD  
    BHD  
    BUFFD20  
    BUFFD20  
    BUFFD24  
    BUFFD24  
    BUFTD20  
    BUFTD20  
    BUFTD24  
    BUFTD24  
    CKBD20  
    CKBD20  
    CKBD24  
    CKBD24  
    CKLHQD20  
    CKLHQD20  
    CKLHQD24  
    CKLHQD24  
    CKLNQD20  
    CKLNQD20  
    CKLNQD24  
    CKLNQD24  
    CKND20  
    CKND20  
    CKND24  
    CKND24  
    DCAP  
    DCAP  
    DCAP16  
    DCAP16  
    DCAP32  
    DCAP32  
    DCAP4  
    DCAP4  
    DCAP64  
    DCAP64  
    DCAP8  
    DCAP8  
    DEL0  
    DEL0  
    DEL005  
    DEL005  
    DEL01  
    DEL01  
    DEL015  
    DEL015  
    DEL02  
    DEL02  
    DEL1  
    DEL1  
    DEL2  
    DEL2  
    DEL3  
    DEL3  
    DEL4  
    DEL4  
    GAN2D1  
    GAN2D1  
    GAN2D2  
    GAN2D2  
    GAOI21D1  
    GAOI21D1  
    GAOI21D2  
    GAOI21D2  
    GAOI22D1  
    GAOI22D1  
    GBUFFD1  
    GBUFFD1  
    GBUFFD2  
    GBUFFD2  
    GBUFFD3  
    GBUFFD3  
    GBUFFD4  
    GBUFFD4  
    GBUFFD8  
    GBUFFD8  
    GDCAP  
    GDCAP  
    GDCAP10  
    GDCAP10  
    GDCAP2  
    GDCAP2  
    GDCAP3  
    GDCAP3  
    GDCAP4  
    GDCAP4  
    GDFCNQD1  
    GDFCNQD1  
    GDFQD1  
    GDFQD1  
    GINVD1  
    GINVD1  
    GINVD2  
    GINVD2  
    GINVD3  
    GINVD3  
    GINVD4  
    GINVD4  
    GINVD8  
    GINVD8  
    GMUX2D1  
    GMUX2D1  
    GMUX2D2  
    GMUX2D2  
    GMUX2ND1  
    GMUX2ND1  
    GMUX2ND2  
    GMUX2ND2  
    GND2D1  
    GND2D1  
    GND2D2  
    GND2D2  
    GND2D3  
    GND2D3  
    GND2D4  
    GND2D4  
    GND3D1  
    GND3D1  
    GND3D2  
    GND3D2  
    GNR2D1  
    GNR2D1  
    GNR2D2  
    GNR2D2  
    GNR3D1  
    GNR3D1  
    GNR3D2  
    GNR3D2  
    GOAI21D1  
    GOAI21D1  
    GOAI21D2  
    GOAI21D2  
    GOR2D1  
    GOR2D1  
    GOR2D2  
    GOR2D2  
    GSDFCNQD1  
    GSDFCNQD1  
    GTIEH  
    GTIEH  
    GTIEL  
    GTIEL  
    GXNR2D1  
    GXNR2D1  
    GXNR2D2  
    GXNR2D2  
    GXOR2D1  
    GXOR2D1  
    GXOR2D2  
    GXOR2D2  
    INVD20  
    INVD20  
    INVD24  
    INVD24  
    OD18DCAP16  
    OD18DCAP16  
    OD18DCAP32  
    OD18DCAP32  
    OD18DCAP64  
    OD18DCAP64  
    sram_w16  
    sram_w16  
    sram_w8  
    sram_w8  166  
# "dont_touch" cells from .libs: 
    ------------------------------
    Dont_touch Cell List
    ------------------------------
    BHD  
    BHD  
    BUFFD20  
    BUFFD20  
    BUFFD24  
    BUFFD24  
    BUFTD20  
    BUFTD20  
    BUFTD24  
    BUFTD24  
    CKBD20  
    CKBD20  
    CKBD24  
    CKBD24  
    CKLHQD20  
    CKLHQD20  
    CKLHQD24  
    CKLHQD24  
    CKLNQD20  
    CKLNQD20  
    CKLNQD24  
    CKLNQD24  
    CKND20  
    CKND20  
    CKND24  
    CKND24  
    DEL0  
    DEL0  
    DEL005  
    DEL005  
    DEL01  
    DEL01  
    DEL015  
    DEL015  
    DEL02  
    DEL02  
    DEL1  
    DEL1  
    DEL2  
    DEL2  
    DEL3  
    DEL3  
    DEL4  
    DEL4  
    GAN2D1  
    GAN2D1  
    GAN2D2  
    GAN2D2  
    GAOI21D1  
    GAOI21D1  
    GAOI21D2  
    GAOI21D2  
    GAOI22D1  
    GAOI22D1  
    GBUFFD1  
    GBUFFD1  
    GBUFFD2  
    GBUFFD2  
    GBUFFD3  
    GBUFFD3  
    GBUFFD4  
    GBUFFD4  
    GBUFFD8  
    GBUFFD8  
    GDCAP  
    GDCAP  
    GDCAP10  
    GDCAP10  
    GDCAP2  
    GDCAP2  
    GDCAP3  
    GDCAP3  
    GDCAP4  
    GDCAP4  
    GDFCNQD1  
    GDFCNQD1  
    GDFQD1  
    GDFQD1  
    GINVD1  
    GINVD1  
    GINVD2  
    GINVD2  
    GINVD3  
    GINVD3  
    GINVD4  
    GINVD4  
    GINVD8  
    GINVD8  
    GMUX2D1  
    GMUX2D1  
    GMUX2D2  
    GMUX2D2  
    GMUX2ND1  
    GMUX2ND1  
    GMUX2ND2  
    GMUX2ND2  
    GND2D1  
    GND2D1  
    GND2D2  
    GND2D2  
    GND2D3  
    GND2D3  
    GND2D4  
    GND2D4  
    GND3D1  
    GND3D1  
    GND3D2  
    GND3D2  
    GNR2D1  
    GNR2D1  
    GNR2D2  
    GNR2D2  
    GNR3D1  
    GNR3D1  
    GNR3D2  
    GNR3D2  
    GOAI21D1  
    GOAI21D1  
    GOAI21D2  
    GOAI21D2  
    GOR2D1  
    GOR2D1  
    GOR2D2  
    GOR2D2  
    GSDFCNQD1  
    GSDFCNQD1  
    GTIEH  
    GTIEH  
    GTIEL  
    GTIEL  
    GXNR2D1  
    GXNR2D1  
    GXNR2D2  
    GXNR2D2  
    GXOR2D1  
    GXOR2D1  
    GXOR2D2  
    GXOR2D2  
    INVD20  
    INVD20  
    INVD24  
    INVD24  
    sram_w16  
    sram_w16  
    sram_w8  
    sram_w8  146  
# Cells in .lib with max_tran: 
    ------------------------------
    Cell List with max_tran
    ------------------------------
               Cell Name  Max Transition (ps)  
                   AN2D0  485  
                   AN2D0  485  
                   AN2D1  485  
                   AN2D1  485  
                   AN2D2  485  
                   AN2D2  485  
                   AN2D4  485  
                   AN2D4  485  
                   AN2D8  485  
                   AN2D8  485  
                  AN2XD1  485  
                  AN2XD1  485  
                   AN3D0  485  
                   AN3D0  485  
                   AN3D1  485  
                   AN3D1  485  
                   AN3D2  485  
                   AN3D2  485  
                   AN3D4  485  
                   AN3D4  485  
                   AN3D8  485  
                   AN3D8  485  
                  AN3XD1  485  
                  AN3XD1  485  
                   AN4D0  485  
                   AN4D0  485  
                   AN4D1  485  
                   AN4D1  485  
                   AN4D2  485  
                   AN4D2  485  
                   AN4D4  485  
                   AN4D4  485  
                   AN4D8  485  
                   AN4D8  485  
                  AN4XD1  485  
                  AN4XD1  485  
                 ANTENNA  485  
                 ANTENNA  485  
                 AO211D0  485  
                 AO211D0  485  
                 AO211D1  485  
                 AO211D1  485  
                 AO211D2  485  
                 AO211D2  485  
                 AO211D4  485  
                 AO211D4  485  
                  AO21D0  485  
                  AO21D0  485  
                  AO21D1  485  
                  AO21D1  485  
                  AO21D2  485  
                  AO21D2  485  
                  AO21D4  485  
                  AO21D4  485  
                 AO221D0  485  
                 AO221D0  485  
                 AO221D1  485  
                 AO221D1  485  
                 AO221D2  485  
                 AO221D2  485  
                 AO221D4  485  
                 AO221D4  485  
                 AO222D0  485  
                 AO222D0  485  
                 AO222D1  485  
                 AO222D1  485  
                 AO222D2  485  
                 AO222D2  485  
                 AO222D4  485  
                 AO222D4  485  
                  AO22D0  485  
                  AO22D0  485  
                  AO22D1  485  
                  AO22D1  485  
                  AO22D2  485  
                  AO22D2  485  
                  AO22D4  485  
                  AO22D4  485  
                  AO31D0  485  
                  AO31D0  485  
                  AO31D1  485  
                  AO31D1  485  
                  AO31D2  485  
                  AO31D2  485  
                  AO31D4  485  
                  AO31D4  485  
                  AO32D0  485  
                  AO32D0  485  
                  AO32D1  485  
                  AO32D1  485  
                  AO32D2  485  
                  AO32D2  485  
                  AO32D4  485  
                  AO32D4  485  
                  AO33D0  485  
                  AO33D0  485  
                  AO33D1  485  
                  AO33D1  485  
                  AO33D2  485  
                  AO33D2  485  
                  AO33D4  485  
                  AO33D4  485  
                AOI211D0  485  
                AOI211D0  485  
                AOI211D1  485  
                AOI211D1  485  
                AOI211D2  485  
                AOI211D2  485  
                AOI211D4  485  
                AOI211D4  485  
               AOI211XD0  485  
               AOI211XD0  485  
               AOI211XD1  485  
               AOI211XD1  485  
               AOI211XD2  485  
               AOI211XD2  485  
               AOI211XD4  485  
               AOI211XD4  485  
                 AOI21D0  485  
                 AOI21D0  485  
                 AOI21D1  485  
                 AOI21D1  485  
                 AOI21D2  485  
                 AOI21D2  485  
                 AOI21D4  485  
                 AOI21D4  485  
                AOI221D0  485  
                AOI221D0  485  
                AOI221D1  485  
                AOI221D1  485  
                AOI221D2  485  
                AOI221D2  485  
                AOI221D4  485  
                AOI221D4  485  
               AOI221XD4  485  
               AOI221XD4  485  
                AOI222D0  485  
                AOI222D0  485  
                AOI222D1  485  
                AOI222D1  485  
                AOI222D2  485  
                AOI222D2  485  
                AOI222D4  485  
                AOI222D4  485  
               AOI222XD4  485  
               AOI222XD4  485  
                 AOI22D0  485  
                 AOI22D0  485  
                 AOI22D1  485  
                 AOI22D1  485  
                 AOI22D2  485  
                 AOI22D2  485  
                 AOI22D4  485  
                 AOI22D4  485  
                 AOI31D0  485  
                 AOI31D0  485  
                 AOI31D1  485  
                 AOI31D1  485  
                 AOI31D2  485  
                 AOI31D2  485  
                 AOI31D4  485  
                 AOI31D4  485  
                 AOI32D0  485  
                 AOI32D0  485  
                 AOI32D1  485  
                 AOI32D1  485  
                 AOI32D2  485  
                 AOI32D2  485  
                 AOI32D4  485  
                 AOI32D4  485  
                AOI32XD4  485  
                AOI32XD4  485  
                 AOI33D0  485  
                 AOI33D0  485  
                 AOI33D1  485  
                 AOI33D1  485  
                 AOI33D2  485  
                 AOI33D2  485  
                 AOI33D4  485  
                 AOI33D4  485  
                AOI33XD4  485  
                AOI33XD4  485  
                  BENCD1  485  
                  BENCD1  485  
                  BENCD2  485  
                  BENCD2  485  
                  BENCD4  485  
                  BENCD4  485  
                     BHD  485  
                     BHD  485  
                   BMLD1  485  
                   BMLD1  485  
                   BMLD2  485  
                   BMLD2  485  
                   BMLD4  485  
                   BMLD4  485  
                  BUFFD0  485  
                  BUFFD0  485  
                  BUFFD1  485  
                  BUFFD1  485  
                 BUFFD12  485  
                 BUFFD12  485  
                 BUFFD16  485  
                 BUFFD16  485  
                  BUFFD2  485  
                  BUFFD2  485  
                 BUFFD20  485  
                 BUFFD20  485  
                 BUFFD24  485  
                 BUFFD24  485  
                  BUFFD3  485  
                  BUFFD3  485  
                  BUFFD4  485  
                  BUFFD4  485  
                  BUFFD6  485  
                  BUFFD6  485  
                  BUFFD8  485  
                  BUFFD8  485  
                  BUFTD0  485  
                  BUFTD0  485  
                  BUFTD1  485  
                  BUFTD1  485  
                 BUFTD12  485  
                 BUFTD12  485  
                 BUFTD16  485  
                 BUFTD16  485  
                  BUFTD2  485  
                  BUFTD2  485  
                 BUFTD20  485  
                 BUFTD20  485  
                 BUFTD24  485  
                 BUFTD24  485  
                  BUFTD3  485  
                  BUFTD3  485  
                  BUFTD4  485  
                  BUFTD4  485  
                  BUFTD6  485  
                  BUFTD6  485  
                  BUFTD8  485  
                  BUFTD8  485  
                 CKAN2D0  485  
                 CKAN2D0  485  
                 CKAN2D1  485  
                 CKAN2D1  485  
                 CKAN2D2  485  
                 CKAN2D2  485  
                 CKAN2D4  485  
                 CKAN2D4  485  
                 CKAN2D8  485  
                 CKAN2D8  485  
                   CKBD0  485  
                   CKBD0  485  
                   CKBD1  485  
                   CKBD1  485  
                  CKBD12  485  
                  CKBD12  485  
                  CKBD16  485  
                  CKBD16  485  
                   CKBD2  485  
                   CKBD2  485  
                  CKBD20  485  
                  CKBD20  485  
                  CKBD24  485  
                  CKBD24  485  
                   CKBD3  485  
                   CKBD3  485  
                   CKBD4  485  
                   CKBD4  485  
                   CKBD6  485  
                   CKBD6  485  
                   CKBD8  485  
                   CKBD8  485  
                 CKLHQD1  485  
                 CKLHQD1  485  
                CKLHQD12  485  
                CKLHQD12  485  
                CKLHQD16  485  
                CKLHQD16  485  
                 CKLHQD2  485  
                 CKLHQD2  485  
                CKLHQD20  485  
                CKLHQD20  485  
                CKLHQD24  485  
                CKLHQD24  485  
                 CKLHQD3  485  
                 CKLHQD3  485  
                 CKLHQD4  485  
                 CKLHQD4  485  
                 CKLHQD6  485  
                 CKLHQD6  485  
                 CKLHQD8  485  
                 CKLHQD8  485  
                 CKLNQD1  485  
                 CKLNQD1  485  
                CKLNQD12  485  
                CKLNQD12  485  
                CKLNQD16  485  
                CKLNQD16  485  
                 CKLNQD2  485  
                 CKLNQD2  485  
                CKLNQD20  485  
                CKLNQD20  485  
                CKLNQD24  485  
                CKLNQD24  485  
                 CKLNQD3  485  
                 CKLNQD3  485  
                 CKLNQD4  485  
                 CKLNQD4  485  
                 CKLNQD6  485  
                 CKLNQD6  485  
                 CKLNQD8  485  
                 CKLNQD8  485  
                CKMUX2D0  485  
                CKMUX2D0  485  
                CKMUX2D1  485  
                CKMUX2D1  485  
                CKMUX2D2  485  
                CKMUX2D2  485  
                CKMUX2D4  485  
                CKMUX2D4  485  
                   CKND0  485  
                   CKND0  485  
                   CKND1  485  
                   CKND1  485  
                  CKND12  485  
                  CKND12  485  
                  CKND16  485  
                  CKND16  485  
                   CKND2  485  
                   CKND2  485  
                  CKND20  485  
                  CKND20  485  
                  CKND24  485  
                  CKND24  485  
                 CKND2D0  485  
                 CKND2D0  485  
                 CKND2D1  485  
                 CKND2D1  485  
                 CKND2D2  485  
                 CKND2D2  485  
                 CKND2D3  485  
                 CKND2D3  485  
                 CKND2D4  485  
                 CKND2D4  485  
                 CKND2D8  485  
                 CKND2D8  485  
                   CKND3  485  
                   CKND3  485  
                   CKND4  485  
                   CKND4  485  
                   CKND6  485  
                   CKND6  485  
                   CKND8  485  
                   CKND8  485  
                CKXOR2D0  485  
                CKXOR2D0  485  
                CKXOR2D1  485  
                CKXOR2D1  485  
                CKXOR2D2  485  
                CKXOR2D2  485  
                CKXOR2D4  485  
                CKXOR2D4  485  
                CMPE42D1  485  
                CMPE42D1  485  
                CMPE42D2  485  
                CMPE42D2  485  
                    DEL0  485  
                    DEL0  485  
                  DEL005  485  
                  DEL005  485  
                   DEL01  485  
                   DEL01  485  
                  DEL015  485  
                  DEL015  485  
                   DEL02  485  
                   DEL02  485  
                    DEL1  485  
                    DEL1  485  
                    DEL2  485  
                    DEL2  485  
                    DEL3  485  
                    DEL3  485  
                    DEL4  485  
                    DEL4  485  
                  DFCND1  485  
                  DFCND1  485  
                  DFCND2  485  
                  DFCND2  485  
                  DFCND4  485  
                  DFCND4  485  
                 DFCNQD1  485  
                 DFCNQD1  485  
                 DFCNQD2  485  
                 DFCNQD2  485  
                 DFCNQD4  485  
                 DFCNQD4  485  
                 DFCSND1  485  
                 DFCSND1  485  
                 DFCSND2  485  
                 DFCSND2  485  
                 DFCSND4  485  
                 DFCSND4  485  
                DFCSNQD1  485  
                DFCSNQD1  485  
                DFCSNQD2  485  
                DFCSNQD2  485  
                DFCSNQD4  485  
                DFCSNQD4  485  
                    DFD1  485  
                    DFD1  485  
                    DFD2  485  
                    DFD2  485  
                    DFD4  485  
                    DFD4  485  
                 DFKCND1  485  
                 DFKCND1  485  
                 DFKCND2  485  
                 DFKCND2  485  
                 DFKCND4  485  
                 DFKCND4  485  
                DFKCNQD1  485  
                DFKCNQD1  485  
                DFKCNQD2  485  
                DFKCNQD2  485  
                DFKCNQD4  485  
                DFKCNQD4  485  
                DFKCSND1  485  
                DFKCSND1  485  
                DFKCSND2  485  
                DFKCSND2  485  
                DFKCSND4  485  
                DFKCSND4  485  
                 DFKSND1  485  
                 DFKSND1  485  
                 DFKSND2  485  
                 DFKSND2  485  
                 DFKSND4  485  
                 DFKSND4  485  
                 DFNCND1  485  
                 DFNCND1  485  
                 DFNCND2  485  
                 DFNCND2  485  
                 DFNCND4  485  
                 DFNCND4  485  
                DFNCSND1  485  
                DFNCSND1  485  
                DFNCSND2  485  
                DFNCSND2  485  
                DFNCSND4  485  
                DFNCSND4  485  
                   DFND1  485  
                   DFND1  485  
                   DFND2  485  
                   DFND2  485  
                   DFND4  485  
                   DFND4  485  
                 DFNSND1  485  
                 DFNSND1  485  
                 DFNSND2  485  
                 DFNSND2  485  
                 DFNSND4  485  
                 DFNSND4  485  
                   DFQD1  485  
                   DFQD1  485  
                   DFQD2  485  
                   DFQD2  485  
                   DFQD4  485  
                   DFQD4  485  
                  DFSND1  485  
                  DFSND1  485  
                  DFSND2  485  
                  DFSND2  485  
                  DFSND4  485  
                  DFSND4  485  
                 DFSNQD1  485  
                 DFSNQD1  485  
                 DFSNQD2  485  
                 DFSNQD2  485  
                 DFSNQD4  485  
                 DFSNQD4  485  
                   DFXD1  485  
                   DFXD1  485  
                   DFXD2  485  
                   DFXD2  485  
                   DFXD4  485  
                   DFXD4  485  
                  DFXQD1  485  
                  DFXQD1  485  
                  DFXQD2  485  
                  DFXQD2  485  
                  DFXQD4  485  
                  DFXQD4  485  
                 EDFCND1  485  
                 EDFCND1  485  
                 EDFCND2  485  
                 EDFCND2  485  
                 EDFCND4  485  
                 EDFCND4  485  
                EDFCNQD1  485  
                EDFCNQD1  485  
                EDFCNQD2  485  
                EDFCNQD2  485  
                EDFCNQD4  485  
                EDFCNQD4  485  
                   EDFD1  485  
                   EDFD1  485  
                   EDFD2  485  
                   EDFD2  485  
                   EDFD4  485  
                   EDFD4  485  
                EDFKCND1  485  
                EDFKCND1  485  
                EDFKCND2  485  
                EDFKCND2  485  
                EDFKCND4  485  
                EDFKCND4  485  
               EDFKCNQD1  485  
               EDFKCNQD1  485  
               EDFKCNQD2  485  
               EDFKCNQD2  485  
               EDFKCNQD4  485  
               EDFKCNQD4  485  
                  EDFQD1  485  
                  EDFQD1  485  
                  EDFQD2  485  
                  EDFQD2  485  
                  EDFQD4  485  
                  EDFQD4  485  
                   FA1D0  485  
                   FA1D0  485  
                   FA1D1  485  
                   FA1D1  485  
                   FA1D2  485  
                   FA1D2  485  
                   FA1D4  485  
                   FA1D4  485  
                FCICIND1  485  
                FCICIND1  485  
                FCICIND2  485  
                FCICIND2  485  
                FCICOND1  485  
                FCICOND1  485  
                FCICOND2  485  
                FCICOND2  485  
               FCSICIND1  485  
               FCSICIND1  485  
               FCSICIND2  485  
               FCSICIND2  485  
               FCSICOND1  485  
               FCSICOND1  485  
               FCSICOND2  485  
               FCSICOND2  485  
                 FICIND1  485  
                 FICIND1  485  
                 FICIND2  485  
                 FICIND2  485  
                 FICOND1  485  
                 FICOND1  485  
                 FICOND2  485  
                 FICOND2  485  
                FIICOND1  485  
                FIICOND1  485  
                FIICOND2  485  
                FIICOND2  485  
                  GAN2D1  485  
                  GAN2D1  485  
                  GAN2D2  485  
                  GAN2D2  485  
                GAOI21D1  485  
                GAOI21D1  485  
                GAOI21D2  485  
                GAOI21D2  485  
                GAOI22D1  485  
                GAOI22D1  485  
                 GBUFFD1  485  
                 GBUFFD1  485  
                 GBUFFD2  485  
                 GBUFFD2  485  
                 GBUFFD3  485  
                 GBUFFD3  485  
                 GBUFFD4  485  
                 GBUFFD4  485  
                 GBUFFD8  485  
                 GBUFFD8  485  
                GDFCNQD1  485  
                GDFCNQD1  485  
                  GDFQD1  485  
                  GDFQD1  485  
                  GINVD1  485  
                  GINVD1  485  
                  GINVD2  485  
                  GINVD2  485  
                  GINVD3  485  
                  GINVD3  485  
                  GINVD4  485  
                  GINVD4  485  
                  GINVD8  485  
                  GINVD8  485  
                 GMUX2D1  485  
                 GMUX2D1  485  
                 GMUX2D2  485  
                 GMUX2D2  485  
                GMUX2ND1  485  
                GMUX2ND1  485  
                GMUX2ND2  485  
                GMUX2ND2  485  
                  GND2D1  485  
                  GND2D1  485  
                  GND2D2  485  
                  GND2D2  485  
                  GND2D3  485  
                  GND2D3  485  
                  GND2D4  485  
                  GND2D4  485  
                  GND3D1  485  
                  GND3D1  485  
                  GND3D2  485  
                  GND3D2  485  
                  GNR2D1  485  
                  GNR2D1  485  
                  GNR2D2  485  
                  GNR2D2  485  
                  GNR3D1  485  
                  GNR3D1  485  
                  GNR3D2  485  
                  GNR3D2  485  
                GOAI21D1  485  
                GOAI21D1  485  
                GOAI21D2  485  
                GOAI21D2  485  
                  GOR2D1  485  
                  GOR2D1  485  
                  GOR2D2  485  
                  GOR2D2  485  
               GSDFCNQD1  485  
               GSDFCNQD1  485  
                   GTIEH  485  
                   GTIEH  485  
                   GTIEL  485  
                   GTIEL  485  
                 GXNR2D1  485  
                 GXNR2D1  485  
                 GXNR2D2  485  
                 GXNR2D2  485  
                 GXOR2D1  485  
                 GXOR2D1  485  
                 GXOR2D2  485  
                 GXOR2D2  485  
                   HA1D0  485  
                   HA1D0  485  
                   HA1D1  485  
                   HA1D1  485  
                   HA1D2  485  
                   HA1D2  485  
                   HA1D4  485  
                   HA1D4  485  
               HCOSCIND1  485  
               HCOSCIND1  485  
               HCOSCIND2  485  
               HCOSCIND2  485  
               HCOSCOND1  485  
               HCOSCOND1  485  
               HCOSCOND2  485  
               HCOSCOND2  485  
                 HICIND1  485  
                 HICIND1  485  
                 HICIND2  485  
                 HICIND2  485  
                 HICOND1  485  
                 HICOND1  485  
                 HICOND2  485  
                 HICOND2  485  
                 IAO21D0  485  
                 IAO21D0  485  
                 IAO21D1  485  
                 IAO21D1  485  
                 IAO21D2  485  
                 IAO21D2  485  
                 IAO21D4  485  
                 IAO21D4  485  
                 IAO22D0  485  
                 IAO22D0  485  
                 IAO22D1  485  
                 IAO22D1  485  
                 IAO22D2  485  
                 IAO22D2  485  
                 IAO22D4  485  
                 IAO22D4  485  
                 IIND4D0  485  
                 IIND4D0  485  
                 IIND4D1  485  
                 IIND4D1  485  
                 IIND4D2  485  
                 IIND4D2  485  
                 IIND4D4  485  
                 IIND4D4  485  
                 IINR4D0  485  
                 IINR4D0  485  
                 IINR4D1  485  
                 IINR4D1  485  
                 IINR4D2  485  
                 IINR4D2  485  
                 IINR4D4  485  
                 IINR4D4  485  
                  IND2D0  485  
                  IND2D0  485  
                  IND2D1  485  
                  IND2D1  485  
                  IND2D2  485  
                  IND2D2  485  
                  IND2D4  485  
                  IND2D4  485  
                  IND3D0  485  
                  IND3D0  485  
                  IND3D1  485  
                  IND3D1  485  
                  IND3D2  485  
                  IND3D2  485  
                  IND3D4  485  
                  IND3D4  485  
                  IND4D0  485  
                  IND4D0  485  
                  IND4D1  485  
                  IND4D1  485  
                  IND4D2  485  
                  IND4D2  485  
                  IND4D4  485  
                  IND4D4  485  
                  INR2D0  485  
                  INR2D0  485  
                  INR2D1  485  
                  INR2D1  485  
                  INR2D2  485  
                  INR2D2  485  
                  INR2D4  485  
                  INR2D4  485  
                 INR2XD0  485  
                 INR2XD0  485  
                 INR2XD1  485  
                 INR2XD1  485  
                 INR2XD2  485  
                 INR2XD2  485  
                 INR2XD4  485  
                 INR2XD4  485  
                  INR3D0  485  
                  INR3D0  485  
                  INR3D1  485  
                  INR3D1  485  
                  INR3D2  485  
                  INR3D2  485  
                  INR3D4  485  
                  INR3D4  485  
                  INR4D0  485  
                  INR4D0  485  
                  INR4D1  485  
                  INR4D1  485  
                  INR4D2  485  
                  INR4D2  485  
                  INR4D4  485  
                  INR4D4  485  
                   INVD0  485  
                   INVD0  485  
                   INVD1  485  
                   INVD1  485  
                  INVD12  485  
                  INVD12  485  
                  INVD16  485  
                  INVD16  485  
                   INVD2  485  
                   INVD2  485  
                  INVD20  485  
                  INVD20  485  
                  INVD24  485  
                  INVD24  485  
                   INVD3  485  
                   INVD3  485  
                   INVD4  485  
                   INVD4  485  
                   INVD6  485  
                   INVD6  485  
                   INVD8  485  
                   INVD8  485  
                 IOA21D0  485  
                 IOA21D0  485  
                 IOA21D1  485  
                 IOA21D1  485  
                 IOA21D2  485  
                 IOA21D2  485  
                 IOA21D4  485  
                 IOA21D4  485  
                 IOA22D0  485  
                 IOA22D0  485  
                 IOA22D1  485  
                 IOA22D1  485  
                 IOA22D2  485  
                 IOA22D2  485  
                 IOA22D4  485  
                 IOA22D4  485  
                  LHCND1  485  
                  LHCND1  485  
                  LHCND2  485  
                  LHCND2  485  
                  LHCND4  485  
                  LHCND4  485  
                 LHCNDD1  485  
                 LHCNDD1  485  
                 LHCNDD2  485  
                 LHCNDD2  485  
                 LHCNDD4  485  
                 LHCNDD4  485  
                LHCNDQD1  485  
                LHCNDQD1  485  
                LHCNDQD2  485  
                LHCNDQD2  485  
                LHCNDQD4  485  
                LHCNDQD4  485  
                 LHCNQD1  485  
                 LHCNQD1  485  
                 LHCNQD2  485  
                 LHCNQD2  485  
                 LHCNQD4  485  
                 LHCNQD4  485  
                 LHCSND1  485  
                 LHCSND1  485  
                 LHCSND2  485  
                 LHCSND2  485  
                 LHCSND4  485  
                 LHCSND4  485  
                LHCSNDD1  485  
                LHCSNDD1  485  
                LHCSNDD2  485  
                LHCSNDD2  485  
                LHCSNDD4  485  
                LHCSNDD4  485  
               LHCSNDQD1  485  
               LHCSNDQD1  485  
               LHCSNDQD2  485  
               LHCSNDQD2  485  
               LHCSNDQD4  485  
               LHCSNDQD4  485  
                LHCSNQD1  485  
                LHCSNQD1  485  
                LHCSNQD2  485  
                LHCSNQD2  485  
                LHCSNQD4  485  
                LHCSNQD4  485  
                    LHD1  485  
                    LHD1  485  
                    LHD2  485  
                    LHD2  485  
                    LHD4  485  
                    LHD4  485  
                   LHQD1  485  
                   LHQD1  485  
                   LHQD2  485  
                   LHQD2  485  
                   LHQD4  485  
                   LHQD4  485  
                  LHSND1  485  
                  LHSND1  485  
                  LHSND2  485  
                  LHSND2  485  
                  LHSND4  485  
                  LHSND4  485  
                 LHSNDD1  485  
                 LHSNDD1  485  
                 LHSNDD2  485  
                 LHSNDD2  485  
                 LHSNDD4  485  
                 LHSNDD4  485  
                LHSNDQD1  485  
                LHSNDQD1  485  
                LHSNDQD2  485  
                LHSNDQD2  485  
                LHSNDQD4  485  
                LHSNDQD4  485  
                 LHSNQD1  485  
                 LHSNQD1  485  
                 LHSNQD2  485  
                 LHSNQD2  485  
                 LHSNQD4  485  
                 LHSNQD4  485  
                  LNCND1  485  
                  LNCND1  485  
                  LNCND2  485  
                  LNCND2  485  
                  LNCND4  485  
                  LNCND4  485  
                 LNCNDD1  485  
                 LNCNDD1  485  
                 LNCNDD2  485  
                 LNCNDD2  485  
                 LNCNDD4  485  
                 LNCNDD4  485  
                LNCNDQD1  485  
                LNCNDQD1  485  
                LNCNDQD2  485  
                LNCNDQD2  485  
                LNCNDQD4  485  
                LNCNDQD4  485  
                 LNCNQD1  485  
                 LNCNQD1  485  
                 LNCNQD2  485  
                 LNCNQD2  485  
                 LNCNQD4  485  
                 LNCNQD4  485  
                 LNCSND1  485  
                 LNCSND1  485  
                 LNCSND2  485  
                 LNCSND2  485  
                 LNCSND4  485  
                 LNCSND4  485  
                LNCSNDD1  485  
                LNCSNDD1  485  
                LNCSNDD2  485  
                LNCSNDD2  485  
                LNCSNDD4  485  
                LNCSNDD4  485  
               LNCSNDQD1  485  
               LNCSNDQD1  485  
               LNCSNDQD2  485  
               LNCSNDQD2  485  
               LNCSNDQD4  485  
               LNCSNDQD4  485  
                LNCSNQD1  485  
                LNCSNQD1  485  
                LNCSNQD2  485  
                LNCSNQD2  485  
                LNCSNQD4  485  
                LNCSNQD4  485  
                    LND1  485  
                    LND1  485  
                    LND2  485  
                    LND2  485  
                    LND4  485  
                    LND4  485  
                   LNQD1  485  
                   LNQD1  485  
                   LNQD2  485  
                   LNQD2  485  
                   LNQD4  485  
                   LNQD4  485  
                  LNSND1  485  
                  LNSND1  485  
                  LNSND2  485  
                  LNSND2  485  
                  LNSND4  485  
                  LNSND4  485  
                 LNSNDD1  485  
                 LNSNDD1  485  
                 LNSNDD2  485  
                 LNSNDD2  485  
                 LNSNDD4  485  
                 LNSNDD4  485  
                LNSNDQD1  485  
                LNSNDQD1  485  
                LNSNDQD2  485  
                LNSNDQD2  485  
                LNSNDQD4  485  
                LNSNDQD4  485  
                 LNSNQD1  485  
                 LNSNQD1  485  
                 LNSNQD2  485  
                 LNSNQD2  485  
                 LNSNQD4  485  
                 LNSNQD4  485  
               MAOI222D0  485  
               MAOI222D0  485  
               MAOI222D1  485  
               MAOI222D1  485  
               MAOI222D2  485  
               MAOI222D2  485  
               MAOI222D4  485  
               MAOI222D4  485  
                MAOI22D0  485  
                MAOI22D0  485  
                MAOI22D1  485  
                MAOI22D1  485  
                MAOI22D2  485  
                MAOI22D2  485  
                MAOI22D4  485  
                MAOI22D4  485  
                MOAI22D0  485  
                MOAI22D0  485  
                MOAI22D1  485  
                MOAI22D1  485  
                MOAI22D2  485  
                MOAI22D2  485  
                MOAI22D4  485  
                MOAI22D4  485  
                  MUX2D0  485  
                  MUX2D0  485  
                  MUX2D1  485  
                  MUX2D1  485  
                  MUX2D2  485  
                  MUX2D2  485  
                  MUX2D4  485  
                  MUX2D4  485  
                 MUX2ND0  485  
                 MUX2ND0  485  
                 MUX2ND1  485  
                 MUX2ND1  485  
                 MUX2ND2  485  
                 MUX2ND2  485  
                 MUX2ND4  485  
                 MUX2ND4  485  
                  MUX3D0  485  
                  MUX3D0  485  
                  MUX3D1  485  
                  MUX3D1  485  
                  MUX3D2  485  
                  MUX3D2  485  
                  MUX3D4  485  
                  MUX3D4  485  
                 MUX3ND0  485  
                 MUX3ND0  485  
                 MUX3ND1  485  
                 MUX3ND1  485  
                 MUX3ND2  485  
                 MUX3ND2  485  
                 MUX3ND4  485  
                 MUX3ND4  485  
                  MUX4D0  485  
                  MUX4D0  485  
                  MUX4D1  485  
                  MUX4D1  485  
                  MUX4D2  485  
                  MUX4D2  485  
                  MUX4D4  485  
                  MUX4D4  485  
                 MUX4ND0  485  
                 MUX4ND0  485  
                 MUX4ND1  485  
                 MUX4ND1  485  
                 MUX4ND2  485  
                 MUX4ND2  485  
                 MUX4ND4  485  
                 MUX4ND4  485  
                   ND2D0  485  
                   ND2D0  485  
                   ND2D1  485  
                   ND2D1  485  
                   ND2D2  485  
                   ND2D2  485  
                   ND2D3  485  
                   ND2D3  485  
                   ND2D4  485  
                   ND2D4  485  
                   ND2D8  485  
                   ND2D8  485  
                   ND3D0  485  
                   ND3D0  485  
                   ND3D1  485  
                   ND3D1  485  
                   ND3D2  485  
                   ND3D2  485  
                   ND3D3  485  
                   ND3D3  485  
                   ND3D4  485  
                   ND3D4  485  
                   ND3D8  485  
                   ND3D8  485  
                   ND4D0  485  
                   ND4D0  485  
                   ND4D1  485  
                   ND4D1  485  
                   ND4D2  485  
                   ND4D2  485  
                   ND4D3  485  
                   ND4D3  485  
                   ND4D4  485  
                   ND4D4  485  
                   ND4D8  485  
                   ND4D8  485  
                   NR2D0  485  
                   NR2D0  485  
                   NR2D1  485  
                   NR2D1  485  
                   NR2D2  485  
                   NR2D2  485  
                   NR2D3  485  
                   NR2D3  485  
                   NR2D4  485  
                   NR2D4  485  
                   NR2D8  485  
                   NR2D8  485  
                  NR2XD0  485  
                  NR2XD0  485  
                  NR2XD1  485  
                  NR2XD1  485  
                  NR2XD2  485  
                  NR2XD2  485  
                  NR2XD3  485  
                  NR2XD3  485  
                  NR2XD4  485  
                  NR2XD4  485  
                  NR2XD8  485  
                  NR2XD8  485  
                   NR3D0  485  
                   NR3D0  485  
                   NR3D1  485  
                   NR3D1  485  
                   NR3D2  485  
                   NR3D2  485  
                   NR3D3  485  
                   NR3D3  485  
                   NR3D4  485  
                   NR3D4  485  
                   NR3D8  485  
                   NR3D8  485  
                   NR4D0  485  
                   NR4D0  485  
                   NR4D1  485  
                   NR4D1  485  
                   NR4D2  485  
                   NR4D2  485  
                   NR4D3  485  
                   NR4D3  485  
                   NR4D4  485  
                   NR4D4  485  
                   NR4D8  485  
                   NR4D8  485  
                 OA211D0  485  
                 OA211D0  485  
                 OA211D1  485  
                 OA211D1  485  
                 OA211D2  485  
                 OA211D2  485  
                 OA211D4  485  
                 OA211D4  485  
                  OA21D0  485  
                  OA21D0  485  
                  OA21D1  485  
                  OA21D1  485  
                  OA21D2  485  
                  OA21D2  485  
                  OA21D4  485  
                  OA21D4  485  
                 OA221D0  485  
                 OA221D0  485  
                 OA221D1  485  
                 OA221D1  485  
                 OA221D2  485  
                 OA221D2  485  
                 OA221D4  485  
                 OA221D4  485  
                 OA222D0  485  
                 OA222D0  485  
                 OA222D1  485  
                 OA222D1  485  
                 OA222D2  485  
                 OA222D2  485  
                 OA222D4  485  
                 OA222D4  485  
                  OA22D0  485  
                  OA22D0  485  
                  OA22D1  485  
                  OA22D1  485  
                  OA22D2  485  
                  OA22D2  485  
                  OA22D4  485  
                  OA22D4  485  
                  OA31D0  485  
                  OA31D0  485  
                  OA31D1  485  
                  OA31D1  485  
                  OA31D2  485  
                  OA31D2  485  
                  OA31D4  485  
                  OA31D4  485  
                  OA32D0  485  
                  OA32D0  485  
                  OA32D1  485  
                  OA32D1  485  
                  OA32D2  485  
                  OA32D2  485  
                  OA32D4  485  
                  OA32D4  485  
                  OA33D0  485  
                  OA33D0  485  
                  OA33D1  485  
                  OA33D1  485  
                  OA33D2  485  
                  OA33D2  485  
                  OA33D4  485  
                  OA33D4  485  
                OAI211D0  485  
                OAI211D0  485  
                OAI211D1  485  
                OAI211D1  485  
                OAI211D2  485  
                OAI211D2  485  
                OAI211D4  485  
                OAI211D4  485  
                 OAI21D0  485  
                 OAI21D0  485  
                 OAI21D1  485  
                 OAI21D1  485  
                 OAI21D2  485  
                 OAI21D2  485  
                 OAI21D4  485  
                 OAI21D4  485  
                OAI221D0  485  
                OAI221D0  485  
                OAI221D1  485  
                OAI221D1  485  
                OAI221D2  485  
                OAI221D2  485  
                OAI221D4  485  
                OAI221D4  485  
               OAI221XD4  485  
               OAI221XD4  485  
                OAI222D0  485  
                OAI222D0  485  
                OAI222D1  485  
                OAI222D1  485  
                OAI222D2  485  
                OAI222D2  485  
                OAI222D4  485  
                OAI222D4  485  
               OAI222XD4  485  
               OAI222XD4  485  
                 OAI22D0  485  
                 OAI22D0  485  
                 OAI22D1  485  
                 OAI22D1  485  
                 OAI22D2  485  
                 OAI22D2  485  
                 OAI22D4  485  
                 OAI22D4  485  
                 OAI31D0  485  
                 OAI31D0  485  
                 OAI31D1  485  
                 OAI31D1  485  
                 OAI31D2  485  
                 OAI31D2  485  
                 OAI31D4  485  
                 OAI31D4  485  
                 OAI32D0  485  
                 OAI32D0  485  
                 OAI32D1  485  
                 OAI32D1  485  
                 OAI32D2  485  
                 OAI32D2  485  
                 OAI32D4  485  
                 OAI32D4  485  
                OAI32XD4  485  
                OAI32XD4  485  
                 OAI33D0  485  
                 OAI33D0  485  
                 OAI33D1  485  
                 OAI33D1  485  
                 OAI33D2  485  
                 OAI33D2  485  
                 OAI33D4  485  
                 OAI33D4  485  
                OAI33XD4  485  
                OAI33XD4  485  
                   OR2D0  485  
                   OR2D0  485  
                   OR2D1  485  
                   OR2D1  485  
                   OR2D2  485  
                   OR2D2  485  
                   OR2D4  485  
                   OR2D4  485  
                   OR2D8  485  
                   OR2D8  485  
                  OR2XD1  485  
                  OR2XD1  485  
                   OR3D0  485  
                   OR3D0  485  
                   OR3D1  485  
                   OR3D1  485  
                   OR3D2  485  
                   OR3D2  485  
                   OR3D4  485  
                   OR3D4  485  
                   OR3D8  485  
                   OR3D8  485  
                  OR3XD1  485  
                  OR3XD1  485  
                   OR4D0  485  
                   OR4D0  485  
                   OR4D1  485  
                   OR4D1  485  
                   OR4D2  485  
                   OR4D2  485  
                   OR4D4  485  
                   OR4D4  485  
                   OR4D8  485  
                   OR4D8  485  
                  OR4XD1  485  
                  OR4XD1  485  
                 SDFCND0  485  
                 SDFCND0  485  
                 SDFCND1  485  
                 SDFCND1  485  
                 SDFCND2  485  
                 SDFCND2  485  
                 SDFCND4  485  
                 SDFCND4  485  
                SDFCNQD0  485  
                SDFCNQD0  485  
                SDFCNQD1  485  
                SDFCNQD1  485  
                SDFCNQD2  485  
                SDFCNQD2  485  
                SDFCNQD4  485  
                SDFCNQD4  485  
                SDFCSND0  485  
                SDFCSND0  485  
                SDFCSND1  485  
                SDFCSND1  485  
                SDFCSND2  485  
                SDFCSND2  485  
                SDFCSND4  485  
                SDFCSND4  485  
               SDFCSNQD0  485  
               SDFCSNQD0  485  
               SDFCSNQD1  485  
               SDFCSNQD1  485  
               SDFCSNQD2  485  
               SDFCSNQD2  485  
               SDFCSNQD4  485  
               SDFCSNQD4  485  
                   SDFD0  485  
                   SDFD0  485  
                   SDFD1  485  
                   SDFD1  485  
                   SDFD2  485  
                   SDFD2  485  
                   SDFD4  485  
                   SDFD4  485  
                SDFKCND0  485  
                SDFKCND0  485  
                SDFKCND1  485  
                SDFKCND1  485  
                SDFKCND2  485  
                SDFKCND2  485  
                SDFKCND4  485  
                SDFKCND4  485  
               SDFKCNQD0  485  
               SDFKCNQD0  485  
               SDFKCNQD1  485  
               SDFKCNQD1  485  
               SDFKCNQD2  485  
               SDFKCNQD2  485  
               SDFKCNQD4  485  
               SDFKCNQD4  485  
               SDFKCSND0  485  
               SDFKCSND0  485  
               SDFKCSND1  485  
               SDFKCSND1  485  
               SDFKCSND2  485  
               SDFKCSND2  485  
               SDFKCSND4  485  
               SDFKCSND4  485  
              SDFKCSNQD0  485  
              SDFKCSNQD0  485  
              SDFKCSNQD1  485  
              SDFKCSNQD1  485  
              SDFKCSNQD2  485  
              SDFKCSNQD2  485  
              SDFKCSNQD4  485  
              SDFKCSNQD4  485  
                SDFKSND0  485  
                SDFKSND0  485  
                SDFKSND1  485  
                SDFKSND1  485  
                SDFKSND2  485  
                SDFKSND2  485  
                SDFKSND4  485  
                SDFKSND4  485  
               SDFKSNQD0  485  
               SDFKSNQD0  485  
               SDFKSNQD1  485  
               SDFKSNQD1  485  
               SDFKSNQD2  485  
               SDFKSNQD2  485  
               SDFKSNQD4  485  
               SDFKSNQD4  485  
                SDFNCND0  485  
                SDFNCND0  485  
                SDFNCND1  485  
                SDFNCND1  485  
                SDFNCND2  485  
                SDFNCND2  485  
                SDFNCND4  485  
                SDFNCND4  485  
               SDFNCSND0  485  
               SDFNCSND0  485  
               SDFNCSND1  485  
               SDFNCSND1  485  
               SDFNCSND2  485  
               SDFNCSND2  485  
               SDFNCSND4  485  
               SDFNCSND4  485  
                  SDFND0  485  
                  SDFND0  485  
                  SDFND1  485  
                  SDFND1  485  
                  SDFND2  485  
                  SDFND2  485  
                  SDFND4  485  
                  SDFND4  485  
                SDFNSND0  485  
                SDFNSND0  485  
                SDFNSND1  485  
                SDFNSND1  485  
                SDFNSND2  485  
                SDFNSND2  485  
                SDFNSND4  485  
                SDFNSND4  485  
                  SDFQD0  485  
                  SDFQD0  485  
                  SDFQD1  485  
                  SDFQD1  485  
                  SDFQD2  485  
                  SDFQD2  485  
                  SDFQD4  485  
                  SDFQD4  485  
                 SDFQND0  485  
                 SDFQND0  485  
                 SDFQND1  485  
                 SDFQND1  485  
                 SDFQND2  485  
                 SDFQND2  485  
                 SDFQND4  485  
                 SDFQND4  485  
                 SDFSND0  485  
                 SDFSND0  485  
                 SDFSND1  485  
                 SDFSND1  485  
                 SDFSND2  485  
                 SDFSND2  485  
                 SDFSND4  485  
                 SDFSND4  485  
                SDFSNQD0  485  
                SDFSNQD0  485  
                SDFSNQD1  485  
                SDFSNQD1  485  
                SDFSNQD2  485  
                SDFSNQD2  485  
                SDFSNQD4  485  
                SDFSNQD4  485  
                  SDFXD0  485  
                  SDFXD0  485  
                  SDFXD1  485  
                  SDFXD1  485  
                  SDFXD2  485  
                  SDFXD2  485  
                  SDFXD4  485  
                  SDFXD4  485  
                 SDFXQD0  485  
                 SDFXQD0  485  
                 SDFXQD1  485  
                 SDFXQD1  485  
                 SDFXQD2  485  
                 SDFXQD2  485  
                 SDFXQD4  485  
                 SDFXQD4  485  
                SEDFCND0  485  
                SEDFCND0  485  
                SEDFCND1  485  
                SEDFCND1  485  
                SEDFCND2  485  
                SEDFCND2  485  
                SEDFCND4  485  
                SEDFCND4  485  
               SEDFCNQD0  485  
               SEDFCNQD0  485  
               SEDFCNQD1  485  
               SEDFCNQD1  485  
               SEDFCNQD2  485  
               SEDFCNQD2  485  
               SEDFCNQD4  485  
               SEDFCNQD4  485  
                  SEDFD0  485  
                  SEDFD0  485  
                  SEDFD1  485  
                  SEDFD1  485  
                  SEDFD2  485  
                  SEDFD2  485  
                  SEDFD4  485  
                  SEDFD4  485  
               SEDFKCND0  485  
               SEDFKCND0  485  
               SEDFKCND1  485  
               SEDFKCND1  485  
               SEDFKCND2  485  
               SEDFKCND2  485  
               SEDFKCND4  485  
               SEDFKCND4  485  
              SEDFKCNQD0  485  
              SEDFKCNQD0  485  
              SEDFKCNQD1  485  
              SEDFKCNQD1  485  
              SEDFKCNQD2  485  
              SEDFKCNQD2  485  
              SEDFKCNQD4  485  
              SEDFKCNQD4  485  
                 SEDFQD0  485  
                 SEDFQD0  485  
                 SEDFQD1  485  
                 SEDFQD1  485  
                 SEDFQD2  485  
                 SEDFQD2  485  
                 SEDFQD4  485  
                 SEDFQD4  485  
                SEDFQND0  485  
                SEDFQND0  485  
                SEDFQND1  485  
                SEDFQND1  485  
                SEDFQND2  485  
                SEDFQND2  485  
                SEDFQND4  485  
                SEDFQND4  485  
               SEDFQNXD0  485  
               SEDFQNXD0  485  
               SEDFQNXD1  485  
               SEDFQNXD1  485  
               SEDFQNXD2  485  
               SEDFQNXD2  485  
               SEDFQNXD4  485  
               SEDFQNXD4  485  
                SEDFQXD0  485  
                SEDFQXD0  485  
                SEDFQXD1  485  
                SEDFQXD1  485  
                SEDFQXD2  485  
                SEDFQXD2  485  
                SEDFQXD4  485  
                SEDFQXD4  485  
                 SEDFXD0  485  
                 SEDFXD0  485  
                 SEDFXD1  485  
                 SEDFXD1  485  
                 SEDFXD2  485  
                 SEDFXD2  485  
                 SEDFXD4  485  
                 SEDFXD4  485  
                    TIEH  485  
                    TIEH  485  
                    TIEL  485  
                    TIEL  485  
                  XNR2D0  485  
                  XNR2D0  485  
                  XNR2D1  485  
                  XNR2D1  485  
                  XNR2D2  485  
                  XNR2D2  485  
                  XNR2D4  485  
                  XNR2D4  485  
                  XNR3D0  485  
                  XNR3D0  485  
                  XNR3D1  485  
                  XNR3D1  485  
                  XNR3D2  485  
                  XNR3D2  485  
                  XNR3D4  485  
                  XNR3D4  485  
                  XNR4D0  485  
                  XNR4D0  485  
                  XNR4D1  485  
                  XNR4D1  485  
                  XNR4D2  485  
                  XNR4D2  485  
                  XNR4D4  485  
                  XNR4D4  485  
                  XOR2D0  485  
                  XOR2D0  485  
                  XOR2D1  485  
                  XOR2D1  485  
                  XOR2D2  485  
                  XOR2D2  485  
                  XOR2D4  485  
                  XOR2D4  485  
                  XOR3D0  485  
                  XOR3D0  485  
                  XOR3D1  485  
                  XOR3D1  485  
                  XOR3D2  485  
                  XOR3D2  485  
                  XOR3D4  485  
                  XOR3D4  485  
                  XOR4D0  485  
                  XOR4D0  485  
                  XOR4D1  485  
                  XOR4D1  485  
                  XOR4D2  485  
                  XOR4D2  485  
                  XOR4D4  485  
                  XOR4D4  485  1594  
# Cells in .lib with max_cap: 
    ------------------------------
    Cell List with max_cap
    ------------------------------
               Cell Name  Max Capacitance (pf)  
                   AN2D0  0.042100  
                   AN2D0  0.042100  
                   AN2D1  0.084200  
                   AN2D1  0.084200  
                   AN2D2  0.168400  
                   AN2D2  0.168400  
                   AN2D4  0.336700  
                   AN2D4  0.336700  
                   AN2D8  0.673400  
                   AN2D8  0.673400  
                  AN2XD1  0.084200  
                  AN2XD1  0.084200  
                   AN3D0  0.042100  
                   AN3D0  0.042100  
                   AN3D1  0.084200  
                   AN3D1  0.084200  
                   AN3D2  0.168400  
                   AN3D2  0.168400  
                   AN3D4  0.336700  
                   AN3D4  0.336700  
                   AN3D8  0.673400  
                   AN3D8  0.673400  
                  AN3XD1  0.084200  
                  AN3XD1  0.084200  
                   AN4D0  0.042100  
                   AN4D0  0.042100  
                   AN4D1  0.084200  
                   AN4D1  0.084200  
                   AN4D2  0.168400  
                   AN4D2  0.168400  
                   AN4D4  0.336700  
                   AN4D4  0.336700  
                   AN4D8  0.673400  
                   AN4D8  0.673400  
                  AN4XD1  0.084200  
                  AN4XD1  0.084200  
                 AO211D0  0.042100  
                 AO211D0  0.042100  
                 AO211D1  0.084200  
                 AO211D1  0.084200  
                 AO211D2  0.168400  
                 AO211D2  0.168400  
                 AO211D4  0.336700  
                 AO211D4  0.336700  
                  AO21D0  0.042100  
                  AO21D0  0.042100  
                  AO21D1  0.084200  
                  AO21D1  0.084200  
                  AO21D2  0.168400  
                  AO21D2  0.168400  
                  AO21D4  0.336700  
                  AO21D4  0.336700  
                 AO221D0  0.042100  
                 AO221D0  0.042100  
                 AO221D1  0.084200  
                 AO221D1  0.084200  
                 AO221D2  0.168400  
                 AO221D2  0.168400  
                 AO221D4  0.336700  
                 AO221D4  0.336700  
                 AO222D0  0.042100  
                 AO222D0  0.042100  
                 AO222D1  0.084200  
                 AO222D1  0.084200  
                 AO222D2  0.168400  
                 AO222D2  0.168400  
                 AO222D4  0.336700  
                 AO222D4  0.336700  
                  AO22D0  0.042100  
                  AO22D0  0.042100  
                  AO22D1  0.084200  
                  AO22D1  0.084200  
                  AO22D2  0.168400  
                  AO22D2  0.168400  
                  AO22D4  0.336700  
                  AO22D4  0.336700  
                  AO31D0  0.042100  
                  AO31D0  0.042100  
                  AO31D1  0.084200  
                  AO31D1  0.084200  
                  AO31D2  0.168400  
                  AO31D2  0.168400  
                  AO31D4  0.336700  
                  AO31D4  0.336700  
                  AO32D0  0.042100  
                  AO32D0  0.042100  
                  AO32D1  0.084200  
                  AO32D1  0.084200  
                  AO32D2  0.168400  
                  AO32D2  0.168400  
                  AO32D4  0.336700  
                  AO32D4  0.336700  
                  AO33D0  0.042100  
                  AO33D0  0.042100  
                  AO33D1  0.084200  
                  AO33D1  0.084200  
                  AO33D2  0.168400  
                  AO33D2  0.168400  
                  AO33D4  0.336700  
                  AO33D4  0.336700  
                AOI211D0  0.015500  
                AOI211D0  0.015500  
                AOI211D1  0.029300  
                AOI211D1  0.029300  
                AOI211D2  0.058400  
                AOI211D2  0.058400  
                AOI211D4  0.114800  
                AOI211D4  0.114800  
               AOI211XD0  0.029600  
               AOI211XD0  0.029600  
               AOI211XD1  0.059100  
               AOI211XD1  0.059100  
               AOI211XD2  0.114200  
               AOI211XD2  0.114200  
               AOI211XD4  0.231000  
               AOI211XD4  0.231000  
                 AOI21D0  0.024200  
                 AOI21D0  0.024200  
                 AOI21D1  0.045300  
                 AOI21D1  0.045300  
                 AOI21D2  0.087100  
                 AOI21D2  0.087100  
                 AOI21D4  0.176200  
                 AOI21D4  0.176200  
                AOI221D0  0.015600  
                AOI221D0  0.015600  
                AOI221D1  0.028700  
                AOI221D1  0.028700  
                AOI221D2  0.056300  
                AOI221D2  0.056300  
                AOI221D4  0.336700  
                AOI221D4  0.336700  
               AOI221XD4  0.113900  
               AOI221XD4  0.113900  
                AOI222D0  0.014700  
                AOI222D0  0.014700  
                AOI222D1  0.028400  
                AOI222D1  0.028400  
                AOI222D2  0.055500  
                AOI222D2  0.055500  
                AOI222D4  0.336700  
                AOI222D4  0.336700  
               AOI222XD4  0.112600  
               AOI222XD4  0.112600  
                 AOI22D0  0.023700  
                 AOI22D0  0.023700  
                 AOI22D1  0.044400  
                 AOI22D1  0.044400  
                 AOI22D2  0.088700  
                 AOI22D2  0.088700  
                 AOI22D4  0.175200  
                 AOI22D4  0.175200  
                 AOI31D0  0.024300  
                 AOI31D0  0.024300  
                 AOI31D1  0.044800  
                 AOI31D1  0.044800  
                 AOI31D2  0.088700  
                 AOI31D2  0.088700  
                 AOI31D4  0.171900  
                 AOI31D4  0.171900  
                 AOI32D0  0.023200  
                 AOI32D0  0.023200  
                 AOI32D1  0.044000  
                 AOI32D1  0.044000  
                 AOI32D2  0.088000  
                 AOI32D2  0.088000  
                 AOI32D4  0.336700  
                 AOI32D4  0.336700  
                AOI32XD4  0.174500  
                AOI32XD4  0.174500  
                 AOI33D0  0.023600  
                 AOI33D0  0.023600  
                 AOI33D1  0.042900  
                 AOI33D1  0.042900  
                 AOI33D2  0.087300  
                 AOI33D2  0.087300  
                 AOI33D4  0.336700  
                 AOI33D4  0.336700  
                AOI33XD4  0.174300  
                AOI33XD4  0.174300  
                  BENCD1  0.084200  
                  BENCD1  0.084200  
                  BENCD2  0.168400  
                  BENCD2  0.168400  
                  BENCD4  0.336700  
                  BENCD4  0.336700  
                     BHD  0.038400  
                     BHD  0.038400  
                   BMLD1  0.084200  
                   BMLD1  0.084200  
                   BMLD2  0.168400  
                   BMLD2  0.168400  
                   BMLD4  0.336700  
                   BMLD4  0.336700  
                  BUFFD0  0.042100  
                  BUFFD0  0.042100  
                  BUFFD1  0.084200  
                  BUFFD1  0.084200  
                 BUFFD12  1.010200  
                 BUFFD12  1.010200  
                 BUFFD16  1.346900  
                 BUFFD16  1.346900  
                  BUFFD2  0.168400  
                  BUFFD2  0.168400  
                 BUFFD20  1.683600  
                 BUFFD20  1.683600  
                 BUFFD24  2.020300  
                 BUFFD24  2.020300  
                  BUFFD3  0.252500  
                  BUFFD3  0.252500  
                  BUFFD4  0.336700  
                  BUFFD4  0.336700  
                  BUFFD6  0.505100  
                  BUFFD6  0.505100  
                  BUFFD8  0.673400  
                  BUFFD8  0.673400  
                  BUFTD0  0.042600  
                  BUFTD0  0.042600  
                  BUFTD1  0.073800  
                  BUFTD1  0.073800  
                 BUFTD12  1.007400  
                 BUFTD12  1.007400  
                 BUFTD16  1.321400  
                 BUFTD16  1.321400  
                  BUFTD2  0.152900  
                  BUFTD2  0.152900  
                 BUFTD20  1.621200  
                 BUFTD20  1.621200  
                 BUFTD24  1.923300  
                 BUFTD24  1.923300  
                  BUFTD3  0.236900  
                  BUFTD3  0.236900  
                  BUFTD4  0.325400  
                  BUFTD4  0.325400  
                  BUFTD6  0.491300  
                  BUFTD6  0.491300  
                  BUFTD8  0.673600  
                  BUFTD8  0.673600  
                 CKAN2D0  0.042100  
                 CKAN2D0  0.042100  
                 CKAN2D1  0.084200  
                 CKAN2D1  0.084200  
                 CKAN2D2  0.154900  
                 CKAN2D2  0.154900  
                 CKAN2D4  0.306900  
                 CKAN2D4  0.306900  
                 CKAN2D8  0.627400  
                 CKAN2D8  0.627400  
                   CKBD0  0.042100  
                   CKBD0  0.042100  
                   CKBD1  0.084200  
                   CKBD1  0.084200  
                  CKBD12  1.010200  
                  CKBD12  1.010200  
                  CKBD16  1.346900  
                  CKBD16  1.346900  
                   CKBD2  0.168400  
                   CKBD2  0.168400  
                  CKBD20  1.683600  
                  CKBD20  1.683600  
                  CKBD24  2.020300  
                  CKBD24  2.020300  
                   CKBD3  0.252500  
                   CKBD3  0.252500  
                   CKBD4  0.336700  
                   CKBD4  0.336700  
                   CKBD6  0.505100  
                   CKBD6  0.505100  
                   CKBD8  0.673400  
                   CKBD8  0.673400  
                 CKLHQD1  0.084200  
                 CKLHQD1  0.084200  
                CKLHQD12  1.010200  
                CKLHQD12  1.010200  
                CKLHQD16  1.346900  
                CKLHQD16  1.346900  
                 CKLHQD2  0.168400  
                 CKLHQD2  0.168400  
                CKLHQD20  1.683600  
                CKLHQD20  1.683600  
                CKLHQD24  2.020300  
                CKLHQD24  2.020300  
                 CKLHQD3  0.252500  
                 CKLHQD3  0.252500  
                 CKLHQD4  0.336700  
                 CKLHQD4  0.336700  
                 CKLHQD6  0.505100  
                 CKLHQD6  0.505100  
                 CKLHQD8  0.673400  
                 CKLHQD8  0.673400  
                 CKLNQD1  0.082100  
                 CKLNQD1  0.082100  
                CKLNQD12  0.901000  
                CKLNQD12  0.901000  
                CKLNQD16  1.261500  
                CKLNQD16  1.261500  
                 CKLNQD2  0.166400  
                 CKLNQD2  0.166400  
                CKLNQD20  1.534500  
                CKLNQD20  1.534500  
                CKLNQD24  1.818100  
                CKLNQD24  1.818100  
                 CKLNQD3  0.252500  
                 CKLNQD3  0.252500  
                 CKLNQD4  0.306800  
                 CKLNQD4  0.306800  
                 CKLNQD6  0.473800  
                 CKLNQD6  0.473800  
                 CKLNQD8  0.613600  
                 CKLNQD8  0.613600  
                CKMUX2D0  0.042100  
                CKMUX2D0  0.042100  
                CKMUX2D1  0.084200  
                CKMUX2D1  0.084200  
                CKMUX2D2  0.168400  
                CKMUX2D2  0.168400  
                CKMUX2D4  0.336700  
                CKMUX2D4  0.336700  
                   CKND0  0.042100  
                   CKND0  0.042100  
                   CKND1  0.084200  
                   CKND1  0.084200  
                  CKND12  1.010200  
                  CKND12  1.010200  
                  CKND16  1.346900  
                  CKND16  1.346900  
                   CKND2  0.168400  
                   CKND2  0.168400  
                  CKND20  1.683600  
                  CKND20  1.683600  
                  CKND24  2.020300  
                  CKND24  2.020300  
                 CKND2D0  0.038200  
                 CKND2D0  0.038200  
                 CKND2D1  0.069100  
                 CKND2D1  0.069100  
                 CKND2D2  0.135000  
                 CKND2D2  0.135000  
                 CKND2D3  0.201200  
                 CKND2D3  0.201200  
                 CKND2D4  0.275700  
                 CKND2D4  0.275700  
                 CKND2D8  0.551200  
                 CKND2D8  0.551200  
                   CKND3  0.252500  
                   CKND3  0.252500  
                   CKND4  0.336700  
                   CKND4  0.336700  
                   CKND6  0.505100  
                   CKND6  0.505100  
                   CKND8  0.673400  
                   CKND8  0.673400  
                CKXOR2D0  0.042100  
                CKXOR2D0  0.042100  
                CKXOR2D1  0.084200  
                CKXOR2D1  0.084200  
                CKXOR2D2  0.168400  
                CKXOR2D2  0.168400  
                CKXOR2D4  0.336700  
                CKXOR2D4  0.336700  
                CMPE42D1  0.084200  
                CMPE42D1  0.084200  
                CMPE42D2  0.168400  
                CMPE42D2  0.168400  
                    DEL0  0.082100  
                    DEL0  0.082100  
                  DEL005  0.084200  
                  DEL005  0.084200  
                   DEL01  0.084200  
                   DEL01  0.084200  
                  DEL015  0.084200  
                  DEL015  0.084200  
                   DEL02  0.084200  
                   DEL02  0.084200  
                    DEL1  0.075300  
                    DEL1  0.075300  
                    DEL2  0.080100  
                    DEL2  0.080100  
                    DEL3  0.074900  
                    DEL3  0.074900  
                    DEL4  0.072000  
                    DEL4  0.072000  
                  DFCND1  0.084200  
                  DFCND1  0.084200  
                  DFCND2  0.168400  
                  DFCND2  0.168400  
                  DFCND4  0.336700  
                  DFCND4  0.336700  
                 DFCNQD1  0.084200  
                 DFCNQD1  0.084200  
                 DFCNQD2  0.168400  
                 DFCNQD2  0.168400  
                 DFCNQD4  0.336700  
                 DFCNQD4  0.336700  
                 DFCSND1  0.084200  
                 DFCSND1  0.084200  
                 DFCSND2  0.168400  
                 DFCSND2  0.168400  
                 DFCSND4  0.336700  
                 DFCSND4  0.336700  
                DFCSNQD1  0.084200  
                DFCSNQD1  0.084200  
                DFCSNQD2  0.168400  
                DFCSNQD2  0.168400  
                DFCSNQD4  0.336700  
                DFCSNQD4  0.336700  
                    DFD1  0.084200  
                    DFD1  0.084200  
                    DFD2  0.168400  
                    DFD2  0.168400  
                    DFD4  0.336700  
                    DFD4  0.336700  
                 DFKCND1  0.084200  
                 DFKCND1  0.084200  
                 DFKCND2  0.168400  
                 DFKCND2  0.168400  
                 DFKCND4  0.336700  
                 DFKCND4  0.336700  
                DFKCNQD1  0.084200  
                DFKCNQD1  0.084200  
                DFKCNQD2  0.168400  
                DFKCNQD2  0.168400  
                DFKCNQD4  0.336700  
                DFKCNQD4  0.336700  
                DFKCSND1  0.084200  
                DFKCSND1  0.084200  
                DFKCSND2  0.168400  
                DFKCSND2  0.168400  
                DFKCSND4  0.336700  
                DFKCSND4  0.336700  
                 DFKSND1  0.084200  
                 DFKSND1  0.084200  
                 DFKSND2  0.168400  
                 DFKSND2  0.168400  
                 DFKSND4  0.336700  
                 DFKSND4  0.336700  
                 DFNCND1  0.084200  
                 DFNCND1  0.084200  
                 DFNCND2  0.168400  
                 DFNCND2  0.168400  
                 DFNCND4  0.336700  
                 DFNCND4  0.336700  
                DFNCSND1  0.084200  
                DFNCSND1  0.084200  
                DFNCSND2  0.168400  
                DFNCSND2  0.168400  
                DFNCSND4  0.336700  
                DFNCSND4  0.336700  
                   DFND1  0.084200  
                   DFND1  0.084200  
                   DFND2  0.168400  
                   DFND2  0.168400  
                   DFND4  0.336700  
                   DFND4  0.336700  
                 DFNSND1  0.083700  
                 DFNSND1  0.083700  
                 DFNSND2  0.168400  
                 DFNSND2  0.168400  
                 DFNSND4  0.336700  
                 DFNSND4  0.336700  
                   DFQD1  0.084200  
                   DFQD1  0.084200  
                   DFQD2  0.168400  
                   DFQD2  0.168400  
                   DFQD4  0.336700  
                   DFQD4  0.336700  
                  DFSND1  0.084200  
                  DFSND1  0.084200  
                  DFSND2  0.168400  
                  DFSND2  0.168400  
                  DFSND4  0.336700  
                  DFSND4  0.336700  
                 DFSNQD1  0.084200  
                 DFSNQD1  0.084200  
                 DFSNQD2  0.168400  
                 DFSNQD2  0.168400  
                 DFSNQD4  0.336700  
                 DFSNQD4  0.336700  
                   DFXD1  0.084200  
                   DFXD1  0.084200  
                   DFXD2  0.168400  
                   DFXD2  0.168400  
                   DFXD4  0.336700  
                   DFXD4  0.336700  
                  DFXQD1  0.084200  
                  DFXQD1  0.084200  
                  DFXQD2  0.168400  
                  DFXQD2  0.168400  
                  DFXQD4  0.336700  
                  DFXQD4  0.336700  
                 EDFCND1  0.084200  
                 EDFCND1  0.084200  
                 EDFCND2  0.168400  
                 EDFCND2  0.168400  
                 EDFCND4  0.336700  
                 EDFCND4  0.336700  
                EDFCNQD1  0.084200  
                EDFCNQD1  0.084200  
                EDFCNQD2  0.168400  
                EDFCNQD2  0.168400  
                EDFCNQD4  0.336700  
                EDFCNQD4  0.336700  
                   EDFD1  0.084200  
                   EDFD1  0.084200  
                   EDFD2  0.168400  
                   EDFD2  0.168400  
                   EDFD4  0.336700  
                   EDFD4  0.336700  
                EDFKCND1  0.084200  
                EDFKCND1  0.084200  
                EDFKCND2  0.168400  
                EDFKCND2  0.168400  
                EDFKCND4  0.336700  
                EDFKCND4  0.336700  
               EDFKCNQD1  0.084200  
               EDFKCNQD1  0.084200  
               EDFKCNQD2  0.168400  
               EDFKCNQD2  0.168400  
               EDFKCNQD4  0.336700  
               EDFKCNQD4  0.336700  
                  EDFQD1  0.084200  
                  EDFQD1  0.084200  
                  EDFQD2  0.168400  
                  EDFQD2  0.168400  
                  EDFQD4  0.336700  
                  EDFQD4  0.336700  
                   FA1D0  0.042100  
                   FA1D0  0.042100  
                   FA1D1  0.084200  
                   FA1D1  0.084200  
                   FA1D2  0.168400  
                   FA1D2  0.168400  
                   FA1D4  0.336700  
                   FA1D4  0.336700  
                FCICIND1  0.084200  
                FCICIND1  0.084200  
                FCICIND2  0.168400  
                FCICIND2  0.168400  
                FCICOND1  0.043900  
                FCICOND1  0.043900  
                FCICOND2  0.168400  
                FCICOND2  0.168400  
               FCSICIND1  0.084200  
               FCSICIND1  0.084200  
               FCSICIND2  0.091500  
               FCSICIND2  0.091500  
               FCSICOND1  0.084200  
               FCSICOND1  0.084200  
               FCSICOND2  0.088800  
               FCSICOND2  0.088800  
                 FICIND1  0.084200  
                 FICIND1  0.084200  
                 FICIND2  0.168400  
                 FICIND2  0.168400  
                 FICOND1  0.084200  
                 FICOND1  0.084200  
                 FICOND2  0.168400  
                 FICOND2  0.168400  
                FIICOND1  0.084200  
                FIICOND1  0.084200  
                FIICOND2  0.168400  
                FIICOND2  0.168400  
                  GAN2D1  0.084200  
                  GAN2D1  0.084200  
                  GAN2D2  0.168400  
                  GAN2D2  0.168400  
                GAOI21D1  0.044900  
                GAOI21D1  0.044900  
                GAOI21D2  0.088600  
                GAOI21D2  0.088600  
                GAOI22D1  0.043900  
                GAOI22D1  0.043900  
                 GBUFFD1  0.084200  
                 GBUFFD1  0.084200  
                 GBUFFD2  0.168400  
                 GBUFFD2  0.168400  
                 GBUFFD3  0.252500  
                 GBUFFD3  0.252500  
                 GBUFFD4  0.336700  
                 GBUFFD4  0.336700  
                 GBUFFD8  0.673400  
                 GBUFFD8  0.673400  
                GDFCNQD1  0.084200  
                GDFCNQD1  0.084200  
                  GDFQD1  0.084200  
                  GDFQD1  0.084200  
                  GINVD1  0.084200  
                  GINVD1  0.084200  
                  GINVD2  0.168400  
                  GINVD2  0.168400  
                  GINVD3  0.252500  
                  GINVD3  0.252500  
                  GINVD4  0.336700  
                  GINVD4  0.336700  
                  GINVD8  0.673400  
                  GINVD8  0.673400  
                 GMUX2D1  0.084200  
                 GMUX2D1  0.084200  
                 GMUX2D2  0.168400  
                 GMUX2D2  0.168400  
                GMUX2ND1  0.084200  
                GMUX2ND1  0.084200  
                GMUX2ND2  0.168400  
                GMUX2ND2  0.168400  
                  GND2D1  0.082200  
                  GND2D1  0.082200  
                  GND2D2  0.163700  
                  GND2D2  0.163700  
                  GND2D3  0.240000  
                  GND2D3  0.240000  
                  GND2D4  0.315400  
                  GND2D4  0.315400  
                  GND3D1  0.056500  
                  GND3D1  0.056500  
                  GND3D2  0.110200  
                  GND3D2  0.110200  
                  GNR2D1  0.045700  
                  GNR2D1  0.045700  
                  GNR2D2  0.091200  
                  GNR2D2  0.091200  
                  GNR3D1  0.029400  
                  GNR3D1  0.029400  
                  GNR3D2  0.057700  
                  GNR3D2  0.057700  
                GOAI21D1  0.043900  
                GOAI21D1  0.043900  
                GOAI21D2  0.087800  
                GOAI21D2  0.087800  
                  GOR2D1  0.084200  
                  GOR2D1  0.084200  
                  GOR2D2  0.168400  
                  GOR2D2  0.168400  
               GSDFCNQD1  0.084200  
               GSDFCNQD1  0.084200  
                   GTIEH  0.038400  
                   GTIEH  0.038400  
                   GTIEL  0.038400  
                   GTIEL  0.038400  
                 GXNR2D1  0.084200  
                 GXNR2D1  0.084200  
                 GXNR2D2  0.168400  
                 GXNR2D2  0.168400  
                 GXOR2D1  0.084200  
                 GXOR2D1  0.084200  
                 GXOR2D2  0.168400  
                 GXOR2D2  0.168400  
                   HA1D0  0.042100  
                   HA1D0  0.042100  
                   HA1D1  0.084200  
                   HA1D1  0.084200  
                   HA1D2  0.168400  
                   HA1D2  0.168400  
                   HA1D4  0.336700  
                   HA1D4  0.336700  
               HCOSCIND1  0.084200  
               HCOSCIND1  0.084200  
               HCOSCIND2  0.168400  
               HCOSCIND2  0.168400  
               HCOSCOND1  0.084200  
               HCOSCOND1  0.084200  
               HCOSCOND2  0.168400  
               HCOSCOND2  0.168400  
                 HICIND1  0.084200  
                 HICIND1  0.084200  
                 HICIND2  0.168400  
                 HICIND2  0.168400  
                 HICOND1  0.084200  
                 HICOND1  0.084200  
                 HICOND2  0.168400  
                 HICOND2  0.168400  
                 IAO21D0  0.024500  
                 IAO21D0  0.024500  
                 IAO21D1  0.044700  
                 IAO21D1  0.044700  
                 IAO21D2  0.090100  
                 IAO21D2  0.090100  
                 IAO21D4  0.179900  
                 IAO21D4  0.179900  
                 IAO22D0  0.024000  
                 IAO22D0  0.024000  
                 IAO22D1  0.044500  
                 IAO22D1  0.044500  
                 IAO22D2  0.168400  
                 IAO22D2  0.168400  
                 IAO22D4  0.336700  
                 IAO22D4  0.336700  
                 IIND4D0  0.020200  
                 IIND4D0  0.020200  
                 IIND4D1  0.038500  
                 IIND4D1  0.038500  
                 IIND4D2  0.081900  
                 IIND4D2  0.081900  
                 IIND4D4  0.161200  
                 IIND4D4  0.161200  
                 IINR4D0  0.020100  
                 IINR4D0  0.020100  
                 IINR4D1  0.040400  
                 IINR4D1  0.040400  
                 IINR4D2  0.085700  
                 IINR4D2  0.085700  
                 IINR4D4  0.176700  
                 IINR4D4  0.176700  
                  IND2D0  0.042100  
                  IND2D0  0.042100  
                  IND2D1  0.078900  
                  IND2D1  0.078900  
                  IND2D2  0.166400  
                  IND2D2  0.166400  
                  IND2D4  0.321900  
                  IND2D4  0.321900  
                  IND3D0  0.029700  
                  IND3D0  0.029700  
                  IND3D1  0.055200  
                  IND3D1  0.055200  
                  IND3D2  0.109300  
                  IND3D2  0.109300  
                  IND3D4  0.216600  
                  IND3D4  0.216600  
                  IND4D0  0.021900  
                  IND4D0  0.021900  
                  IND4D1  0.041500  
                  IND4D1  0.041500  
                  IND4D2  0.080900  
                  IND4D2  0.080900  
                  IND4D4  0.159500  
                  IND4D4  0.159500  
                  INR2D0  0.024400  
                  INR2D0  0.024400  
                  INR2D1  0.044800  
                  INR2D1  0.044800  
                  INR2D2  0.092600  
                  INR2D2  0.092600  
                  INR2D4  0.179600  
                  INR2D4  0.179600  
                 INR2XD0  0.042100  
                 INR2XD0  0.042100  
                 INR2XD1  0.084200  
                 INR2XD1  0.084200  
                 INR2XD2  0.168400  
                 INR2XD2  0.168400  
                 INR2XD4  0.336700  
                 INR2XD4  0.336700  
                  INR3D0  0.029500  
                  INR3D0  0.029500  
                  INR3D1  0.058300  
                  INR3D1  0.058300  
                  INR3D2  0.060000  
                  INR3D2  0.060000  
                  INR3D4  0.117100  
                  INR3D4  0.117100  
                  INR4D0  0.021500  
                  INR4D0  0.021500  
                  INR4D1  0.040000  
                  INR4D1  0.040000  
                  INR4D2  0.082100  
                  INR4D2  0.082100  
                  INR4D4  0.083700  
                  INR4D4  0.083700  
                   INVD0  0.042100  
                   INVD0  0.042100  
                   INVD1  0.084200  
                   INVD1  0.084200  
                  INVD12  1.010200  
                  INVD12  1.010200  
                  INVD16  1.346900  
                  INVD16  1.346900  
                   INVD2  0.168400  
                   INVD2  0.168400  
                  INVD20  1.683600  
                  INVD20  1.683600  
                  INVD24  2.020300  
                  INVD24  2.020300  
                   INVD3  0.252500  
                   INVD3  0.252500  
                   INVD4  0.336700  
                   INVD4  0.336700  
                   INVD6  0.505100  
                   INVD6  0.505100  
                   INVD8  0.673400  
                   INVD8  0.673400  
                 IOA21D0  0.042100  
                 IOA21D0  0.042100  
                 IOA21D1  0.079700  
                 IOA21D1  0.079700  
                 IOA21D2  0.161100  
                 IOA21D2  0.161100  
                 IOA21D4  0.315500  
                 IOA21D4  0.315500  
                 IOA22D0  0.023000  
                 IOA22D0  0.023000  
                 IOA22D1  0.043200  
                 IOA22D1  0.043200  
                 IOA22D2  0.168400  
                 IOA22D2  0.168400  
                 IOA22D4  0.336700  
                 IOA22D4  0.336700  
                  LHCND1  0.084200  
                  LHCND1  0.084200  
                  LHCND2  0.168400  
                  LHCND2  0.168400  
                  LHCND4  0.336700  
                  LHCND4  0.336700  
                 LHCNDD1  0.084200  
                 LHCNDD1  0.084200  
                 LHCNDD2  0.168400  
                 LHCNDD2  0.168400  
                 LHCNDD4  0.336700  
                 LHCNDD4  0.336700  
                LHCNDQD1  0.084200  
                LHCNDQD1  0.084200  
                LHCNDQD2  0.168400  
                LHCNDQD2  0.168400  
                LHCNDQD4  0.336700  
                LHCNDQD4  0.336700  
                 LHCNQD1  0.084200  
                 LHCNQD1  0.084200  
                 LHCNQD2  0.168400  
                 LHCNQD2  0.168400  
                 LHCNQD4  0.336700  
                 LHCNQD4  0.336700  
                 LHCSND1  0.084200  
                 LHCSND1  0.084200  
                 LHCSND2  0.168400  
                 LHCSND2  0.168400  
                 LHCSND4  0.336700  
                 LHCSND4  0.336700  
                LHCSNDD1  0.084200  
                LHCSNDD1  0.084200  
                LHCSNDD2  0.168400  
                LHCSNDD2  0.168400  
                LHCSNDD4  0.336700  
                LHCSNDD4  0.336700  
               LHCSNDQD1  0.084200  
               LHCSNDQD1  0.084200  
               LHCSNDQD2  0.168400  
               LHCSNDQD2  0.168400  
               LHCSNDQD4  0.336700  
               LHCSNDQD4  0.336700  
                LHCSNQD1  0.084200  
                LHCSNQD1  0.084200  
                LHCSNQD2  0.168400  
                LHCSNQD2  0.168400  
                LHCSNQD4  0.336700  
                LHCSNQD4  0.336700  
                    LHD1  0.084200  
                    LHD1  0.084200  
                    LHD2  0.168400  
                    LHD2  0.168400  
                    LHD4  0.336700  
                    LHD4  0.336700  
                   LHQD1  0.084200  
                   LHQD1  0.084200  
                   LHQD2  0.168400  
                   LHQD2  0.168400  
                   LHQD4  0.336700  
                   LHQD4  0.336700  
                  LHSND1  0.084200  
                  LHSND1  0.084200  
                  LHSND2  0.168400  
                  LHSND2  0.168400  
                  LHSND4  0.336700  
                  LHSND4  0.336700  
                 LHSNDD1  0.084200  
                 LHSNDD1  0.084200  
                 LHSNDD2  0.168400  
                 LHSNDD2  0.168400  
                 LHSNDD4  0.336700  
                 LHSNDD4  0.336700  
                LHSNDQD1  0.084000  
                LHSNDQD1  0.084000  
                LHSNDQD2  0.168400  
                LHSNDQD2  0.168400  
                LHSNDQD4  0.336700  
                LHSNDQD4  0.336700  
                 LHSNQD1  0.084200  
                 LHSNQD1  0.084200  
                 LHSNQD2  0.168400  
                 LHSNQD2  0.168400  
                 LHSNQD4  0.336700  
                 LHSNQD4  0.336700  
                  LNCND1  0.084200  
                  LNCND1  0.084200  
                  LNCND2  0.168400  
                  LNCND2  0.168400  
                  LNCND4  0.336700  
                  LNCND4  0.336700  
                 LNCNDD1  0.084200  
                 LNCNDD1  0.084200  
                 LNCNDD2  0.168400  
                 LNCNDD2  0.168400  
                 LNCNDD4  0.336700  
                 LNCNDD4  0.336700  
                LNCNDQD1  0.084200  
                LNCNDQD1  0.084200  
                LNCNDQD2  0.168400  
                LNCNDQD2  0.168400  
                LNCNDQD4  0.336700  
                LNCNDQD4  0.336700  
                 LNCNQD1  0.084200  
                 LNCNQD1  0.084200  
                 LNCNQD2  0.168400  
                 LNCNQD2  0.168400  
                 LNCNQD4  0.336700  
                 LNCNQD4  0.336700  
                 LNCSND1  0.083800  
                 LNCSND1  0.083800  
                 LNCSND2  0.168400  
                 LNCSND2  0.168400  
                 LNCSND4  0.336700  
                 LNCSND4  0.336700  
                LNCSNDD1  0.084200  
                LNCSNDD1  0.084200  
                LNCSNDD2  0.168400  
                LNCSNDD2  0.168400  
                LNCSNDD4  0.336700  
                LNCSNDD4  0.336700  
               LNCSNDQD1  0.084200  
               LNCSNDQD1  0.084200  
               LNCSNDQD2  0.168400  
               LNCSNDQD2  0.168400  
               LNCSNDQD4  0.336700  
               LNCSNDQD4  0.336700  
                LNCSNQD1  0.084200  
                LNCSNQD1  0.084200  
                LNCSNQD2  0.168400  
                LNCSNQD2  0.168400  
                LNCSNQD4  0.336700  
                LNCSNQD4  0.336700  
                    LND1  0.084200  
                    LND1  0.084200  
                    LND2  0.168400  
                    LND2  0.168400  
                    LND4  0.336700  
                    LND4  0.336700  
                   LNQD1  0.084200  
                   LNQD1  0.084200  
                   LNQD2  0.168400  
                   LNQD2  0.168400  
                   LNQD4  0.336700  
                   LNQD4  0.336700  
                  LNSND1  0.084200  
                  LNSND1  0.084200  
                  LNSND2  0.168400  
                  LNSND2  0.168400  
                  LNSND4  0.336700  
                  LNSND4  0.336700  
                 LNSNDD1  0.084200  
                 LNSNDD1  0.084200  
                 LNSNDD2  0.168400  
                 LNSNDD2  0.168400  
                 LNSNDD4  0.336700  
                 LNSNDD4  0.336700  
                LNSNDQD1  0.084100  
                LNSNDQD1  0.084100  
                LNSNDQD2  0.168400  
                LNSNDQD2  0.168400  
                LNSNDQD4  0.336700  
                LNSNDQD4  0.336700  
                 LNSNQD1  0.084200  
                 LNSNQD1  0.084200  
                 LNSNQD2  0.168400  
                 LNSNQD2  0.168400  
                 LNSNQD4  0.336700  
                 LNSNQD4  0.336700  
               MAOI222D0  0.021900  
               MAOI222D0  0.021900  
               MAOI222D1  0.037600  
               MAOI222D1  0.037600  
               MAOI222D2  0.168400  
               MAOI222D2  0.168400  
               MAOI222D4  0.336700  
               MAOI222D4  0.336700  
                MAOI22D0  0.024700  
                MAOI22D0  0.024700  
                MAOI22D1  0.045900  
                MAOI22D1  0.045900  
                MAOI22D2  0.168400  
                MAOI22D2  0.168400  
                MAOI22D4  0.336700  
                MAOI22D4  0.336700  
                MOAI22D0  0.023000  
                MOAI22D0  0.023000  
                MOAI22D1  0.043100  
                MOAI22D1  0.043100  
                MOAI22D2  0.168400  
                MOAI22D2  0.168400  
                MOAI22D4  0.336700  
                MOAI22D4  0.336700  
                  MUX2D0  0.042100  
                  MUX2D0  0.042100  
                  MUX2D1  0.084200  
                  MUX2D1  0.084200  
                  MUX2D2  0.168400  
                  MUX2D2  0.168400  
                  MUX2D4  0.336700  
                  MUX2D4  0.336700  
                 MUX2ND0  0.030400  
                 MUX2ND0  0.030400  
                 MUX2ND1  0.084200  
                 MUX2ND1  0.084200  
                 MUX2ND2  0.168400  
                 MUX2ND2  0.168400  
                 MUX2ND4  0.336700  
                 MUX2ND4  0.336700  
                  MUX3D0  0.042100  
                  MUX3D0  0.042100  
                  MUX3D1  0.084200  
                  MUX3D1  0.084200  
                  MUX3D2  0.168400  
                  MUX3D2  0.168400  
                  MUX3D4  0.336700  
                  MUX3D4  0.336700  
                 MUX3ND0  0.019700  
                 MUX3ND0  0.019700  
                 MUX3ND1  0.084200  
                 MUX3ND1  0.084200  
                 MUX3ND2  0.168400  
                 MUX3ND2  0.168400  
                 MUX3ND4  0.336700  
                 MUX3ND4  0.336700  
                  MUX4D0  0.042100  
                  MUX4D0  0.042100  
                  MUX4D1  0.084200  
                  MUX4D1  0.084200  
                  MUX4D2  0.168400  
                  MUX4D2  0.168400  
                  MUX4D4  0.336700  
                  MUX4D4  0.336700  
                 MUX4ND0  0.018500  
                 MUX4ND0  0.018500  
                 MUX4ND1  0.084200  
                 MUX4ND1  0.084200  
                 MUX4ND2  0.168400  
                 MUX4ND2  0.168400  
                 MUX4ND4  0.336700  
                 MUX4ND4  0.336700  
                   ND2D0  0.042100  
                   ND2D0  0.042100  
                   ND2D1  0.082400  
                   ND2D1  0.082400  
                   ND2D2  0.167800  
                   ND2D2  0.167800  
                   ND2D3  0.241900  
                   ND2D3  0.241900  
                   ND2D4  0.332500  
                   ND2D4  0.332500  
                   ND2D8  0.587700  
                   ND2D8  0.587700  
                   ND3D0  0.029500  
                   ND3D0  0.029500  
                   ND3D1  0.056400  
                   ND3D1  0.056400  
                   ND3D2  0.110000  
                   ND3D2  0.110000  
                   ND3D3  0.170300  
                   ND3D3  0.170300  
                   ND3D4  0.226200  
                   ND3D4  0.226200  
                   ND3D8  0.426700  
                   ND3D8  0.426700  
                   ND4D0  0.022100  
                   ND4D0  0.022100  
                   ND4D1  0.042700  
                   ND4D1  0.042700  
                   ND4D2  0.081900  
                   ND4D2  0.081900  
                   ND4D3  0.122400  
                   ND4D3  0.122400  
                   ND4D4  0.161900  
                   ND4D4  0.161900  
                   ND4D8  0.673400  
                   ND4D8  0.673400  
                   NR2D0  0.024300  
                   NR2D0  0.024300  
                   NR2D1  0.045700  
                   NR2D1  0.045700  
                   NR2D2  0.094000  
                   NR2D2  0.094000  
                   NR2D3  0.135400  
                   NR2D3  0.135400  
                   NR2D4  0.182400  
                   NR2D4  0.182400  
                   NR2D8  0.356700  
                   NR2D8  0.356700  
                  NR2XD0  0.042100  
                  NR2XD0  0.042100  
                  NR2XD1  0.084200  
                  NR2XD1  0.084200  
                  NR2XD2  0.168400  
                  NR2XD2  0.168400  
                  NR2XD3  0.252500  
                  NR2XD3  0.252500  
                  NR2XD4  0.336700  
                  NR2XD4  0.336700  
                  NR2XD8  0.673400  
                  NR2XD8  0.673400  
                   NR3D0  0.030100  
                   NR3D0  0.030100  
                   NR3D1  0.059800  
                   NR3D1  0.059800  
                   NR3D2  0.113900  
                   NR3D2  0.113900  
                   NR3D3  0.176800  
                   NR3D3  0.176800  
                   NR3D4  0.224200  
                   NR3D4  0.224200  
                   NR3D8  0.445200  
                   NR3D8  0.445200  
                   NR4D0  0.021900  
                   NR4D0  0.021900  
                   NR4D1  0.040300  
                   NR4D1  0.040300  
                   NR4D2  0.082600  
                   NR4D2  0.082600  
                   NR4D3  0.129100  
                   NR4D3  0.129100  
                   NR4D4  0.162600  
                   NR4D4  0.162600  
                   NR4D8  0.673400  
                   NR4D8  0.673400  
                 OA211D0  0.042100  
                 OA211D0  0.042100  
                 OA211D1  0.084200  
                 OA211D1  0.084200  
                 OA211D2  0.168400  
                 OA211D2  0.168400  
                 OA211D4  0.336700  
                 OA211D4  0.336700  
                  OA21D0  0.042100  
                  OA21D0  0.042100  
                  OA21D1  0.084200  
                  OA21D1  0.084200  
                  OA21D2  0.168400  
                  OA21D2  0.168400  
                  OA21D4  0.336700  
                  OA21D4  0.336700  
                 OA221D0  0.042100  
                 OA221D0  0.042100  
                 OA221D1  0.084200  
                 OA221D1  0.084200  
                 OA221D2  0.168400  
                 OA221D2  0.168400  
                 OA221D4  0.336700  
                 OA221D4  0.336700  
                 OA222D0  0.042100  
                 OA222D0  0.042100  
                 OA222D1  0.084200  
                 OA222D1  0.084200  
                 OA222D2  0.168400  
                 OA222D2  0.168400  
                 OA222D4  0.336700  
                 OA222D4  0.336700  
                  OA22D0  0.042100  
                  OA22D0  0.042100  
                  OA22D1  0.084200  
                  OA22D1  0.084200  
                  OA22D2  0.168400  
                  OA22D2  0.168400  
                  OA22D4  0.336700  
                  OA22D4  0.336700  
                  OA31D0  0.042100  
                  OA31D0  0.042100  
                  OA31D1  0.084200  
                  OA31D1  0.084200  
                  OA31D2  0.168400  
                  OA31D2  0.168400  
                  OA31D4  0.336700  
                  OA31D4  0.336700  
                  OA32D0  0.042100  
                  OA32D0  0.042100  
                  OA32D1  0.084200  
                  OA32D1  0.084200  
                  OA32D2  0.168400  
                  OA32D2  0.168400  
                  OA32D4  0.336700  
                  OA32D4  0.336700  
                  OA33D0  0.042100  
                  OA33D0  0.042100  
                  OA33D1  0.084200  
                  OA33D1  0.084200  
                  OA33D2  0.168400  
                  OA33D2  0.168400  
                  OA33D4  0.336700  
                  OA33D4  0.336700  
                OAI211D0  0.021700  
                OAI211D0  0.021700  
                OAI211D1  0.041100  
                OAI211D1  0.041100  
                OAI211D2  0.088600  
                OAI211D2  0.088600  
                OAI211D4  0.172900  
                OAI211D4  0.172900  
                 OAI21D0  0.024100  
                 OAI21D0  0.024100  
                 OAI21D1  0.045000  
                 OAI21D1  0.045000  
                 OAI21D2  0.088700  
                 OAI21D2  0.088700  
                 OAI21D4  0.174000  
                 OAI21D4  0.174000  
                OAI221D0  0.023400  
                OAI221D0  0.023400  
                OAI221D1  0.043100  
                OAI221D1  0.043100  
                OAI221D2  0.087100  
                OAI221D2  0.087100  
                OAI221D4  0.336700  
                OAI221D4  0.336700  
               OAI221XD4  0.172300  
               OAI221XD4  0.172300  
                OAI222D0  0.022000  
                OAI222D0  0.022000  
                OAI222D1  0.042400  
                OAI222D1  0.042400  
                OAI222D2  0.084700  
                OAI222D2  0.084700  
                OAI222D4  0.336700  
                OAI222D4  0.336700  
               OAI222XD4  0.165600  
               OAI222XD4  0.165600  
                 OAI22D0  0.022700  
                 OAI22D0  0.022700  
                 OAI22D1  0.043000  
                 OAI22D1  0.043000  
                 OAI22D2  0.088600  
                 OAI22D2  0.088600  
                 OAI22D4  0.172400  
                 OAI22D4  0.172400  
                 OAI31D0  0.014600  
                 OAI31D0  0.014600  
                 OAI31D1  0.027800  
                 OAI31D1  0.027800  
                 OAI31D2  0.056900  
                 OAI31D2  0.056900  
                 OAI31D4  0.110900  
                 OAI31D4  0.110900  
                 OAI32D0  0.015000  
                 OAI32D0  0.015000  
                 OAI32D1  0.028600  
                 OAI32D1  0.028600  
                 OAI32D2  0.058600  
                 OAI32D2  0.058600  
                 OAI32D4  0.336700  
                 OAI32D4  0.336700  
                OAI32XD4  0.113500  
                OAI32XD4  0.113500  
                 OAI33D0  0.013700  
                 OAI33D0  0.013700  
                 OAI33D1  0.026800  
                 OAI33D1  0.026800  
                 OAI33D2  0.053200  
                 OAI33D2  0.053200  
                 OAI33D4  0.336700  
                 OAI33D4  0.336700  
                OAI33XD4  0.103300  
                OAI33XD4  0.103300  
                   OR2D0  0.042100  
                   OR2D0  0.042100  
                   OR2D1  0.084200  
                   OR2D1  0.084200  
                   OR2D2  0.168400  
                   OR2D2  0.168400  
                   OR2D4  0.336700  
                   OR2D4  0.336700  
                   OR2D8  0.673400  
                   OR2D8  0.673400  
                  OR2XD1  0.084200  
                  OR2XD1  0.084200  
                   OR3D0  0.042100  
                   OR3D0  0.042100  
                   OR3D1  0.084200  
                   OR3D1  0.084200  
                   OR3D2  0.168400  
                   OR3D2  0.168400  
                   OR3D4  0.336700  
                   OR3D4  0.336700  
                   OR3D8  0.673400  
                   OR3D8  0.673400  
                  OR3XD1  0.084200  
                  OR3XD1  0.084200  
                   OR4D0  0.042100  
                   OR4D0  0.042100  
                   OR4D1  0.084200  
                   OR4D1  0.084200  
                   OR4D2  0.168400  
                   OR4D2  0.168400  
                   OR4D4  0.336700  
                   OR4D4  0.336700  
                   OR4D8  0.673400  
                   OR4D8  0.673400  
                  OR4XD1  0.084200  
                  OR4XD1  0.084200  
                 SDFCND0  0.042100  
                 SDFCND0  0.042100  
                 SDFCND1  0.084200  
                 SDFCND1  0.084200  
                 SDFCND2  0.168400  
                 SDFCND2  0.168400  
                 SDFCND4  0.336700  
                 SDFCND4  0.336700  
                SDFCNQD0  0.042100  
                SDFCNQD0  0.042100  
                SDFCNQD1  0.084200  
                SDFCNQD1  0.084200  
                SDFCNQD2  0.168400  
                SDFCNQD2  0.168400  
                SDFCNQD4  0.336700  
                SDFCNQD4  0.336700  
                SDFCSND0  0.042100  
                SDFCSND0  0.042100  
                SDFCSND1  0.084200  
                SDFCSND1  0.084200  
                SDFCSND2  0.168400  
                SDFCSND2  0.168400  
                SDFCSND4  0.336700  
                SDFCSND4  0.336700  
               SDFCSNQD0  0.042100  
               SDFCSNQD0  0.042100  
               SDFCSNQD1  0.084200  
               SDFCSNQD1  0.084200  
               SDFCSNQD2  0.168400  
               SDFCSNQD2  0.168400  
               SDFCSNQD4  0.336700  
               SDFCSNQD4  0.336700  
                   SDFD0  0.042100  
                   SDFD0  0.042100  
                   SDFD1  0.084200  
                   SDFD1  0.084200  
                   SDFD2  0.168400  
                   SDFD2  0.168400  
                   SDFD4  0.336700  
                   SDFD4  0.336700  
                SDFKCND0  0.042100  
                SDFKCND0  0.042100  
                SDFKCND1  0.084200  
                SDFKCND1  0.084200  
                SDFKCND2  0.168400  
                SDFKCND2  0.168400  
                SDFKCND4  0.336700  
                SDFKCND4  0.336700  
               SDFKCNQD0  0.042100  
               SDFKCNQD0  0.042100  
               SDFKCNQD1  0.084200  
               SDFKCNQD1  0.084200  
               SDFKCNQD2  0.168400  
               SDFKCNQD2  0.168400  
               SDFKCNQD4  0.336700  
               SDFKCNQD4  0.336700  
               SDFKCSND0  0.042100  
               SDFKCSND0  0.042100  
               SDFKCSND1  0.084200  
               SDFKCSND1  0.084200  
               SDFKCSND2  0.168400  
               SDFKCSND2  0.168400  
               SDFKCSND4  0.336700  
               SDFKCSND4  0.336700  
              SDFKCSNQD0  0.042100  
              SDFKCSNQD0  0.042100  
              SDFKCSNQD1  0.084200  
              SDFKCSNQD1  0.084200  
              SDFKCSNQD2  0.168400  
              SDFKCSNQD2  0.168400  
              SDFKCSNQD4  0.336700  
              SDFKCSNQD4  0.336700  
                SDFKSND0  0.042100  
                SDFKSND0  0.042100  
                SDFKSND1  0.084200  
                SDFKSND1  0.084200  
                SDFKSND2  0.168400  
                SDFKSND2  0.168400  
                SDFKSND4  0.336700  
                SDFKSND4  0.336700  
               SDFKSNQD0  0.042100  
               SDFKSNQD0  0.042100  
               SDFKSNQD1  0.084200  
               SDFKSNQD1  0.084200  
               SDFKSNQD2  0.168400  
               SDFKSNQD2  0.168400  
               SDFKSNQD4  0.336700  
               SDFKSNQD4  0.336700  
                SDFNCND0  0.042100  
                SDFNCND0  0.042100  
                SDFNCND1  0.084200  
                SDFNCND1  0.084200  
                SDFNCND2  0.168400  
                SDFNCND2  0.168400  
                SDFNCND4  0.336700  
                SDFNCND4  0.336700  
               SDFNCSND0  0.042100  
               SDFNCSND0  0.042100  
               SDFNCSND1  0.084200  
               SDFNCSND1  0.084200  
               SDFNCSND2  0.168400  
               SDFNCSND2  0.168400  
               SDFNCSND4  0.336700  
               SDFNCSND4  0.336700  
                  SDFND0  0.042100  
                  SDFND0  0.042100  
                  SDFND1  0.084200  
                  SDFND1  0.084200  
                  SDFND2  0.168400  
                  SDFND2  0.168400  
                  SDFND4  0.336700  
                  SDFND4  0.336700  
                SDFNSND0  0.042100  
                SDFNSND0  0.042100  
                SDFNSND1  0.084200  
                SDFNSND1  0.084200  
                SDFNSND2  0.168400  
                SDFNSND2  0.168400  
                SDFNSND4  0.336700  
                SDFNSND4  0.336700  
                  SDFQD0  0.042100  
                  SDFQD0  0.042100  
                  SDFQD1  0.082400  
                  SDFQD1  0.082400  
                  SDFQD2  0.168400  
                  SDFQD2  0.168400  
                  SDFQD4  0.336700  
                  SDFQD4  0.336700  
                 SDFQND0  0.042100  
                 SDFQND0  0.042100  
                 SDFQND1  0.084200  
                 SDFQND1  0.084200  
                 SDFQND2  0.168400  
                 SDFQND2  0.168400  
                 SDFQND4  0.336700  
                 SDFQND4  0.336700  
                 SDFSND0  0.042100  
                 SDFSND0  0.042100  
                 SDFSND1  0.084200  
                 SDFSND1  0.084200  
                 SDFSND2  0.168400  
                 SDFSND2  0.168400  
                 SDFSND4  0.336700  
                 SDFSND4  0.336700  
                SDFSNQD0  0.042100  
                SDFSNQD0  0.042100  
                SDFSNQD1  0.084200  
                SDFSNQD1  0.084200  
                SDFSNQD2  0.168400  
                SDFSNQD2  0.168400  
                SDFSNQD4  0.336700  
                SDFSNQD4  0.336700  
                  SDFXD0  0.042100  
                  SDFXD0  0.042100  
                  SDFXD1  0.084200  
                  SDFXD1  0.084200  
                  SDFXD2  0.168400  
                  SDFXD2  0.168400  
                  SDFXD4  0.336700  
                  SDFXD4  0.336700  
                 SDFXQD0  0.042100  
                 SDFXQD0  0.042100  
                 SDFXQD1  0.084200  
                 SDFXQD1  0.084200  
                 SDFXQD2  0.168400  
                 SDFXQD2  0.168400  
                 SDFXQD4  0.336700  
                 SDFXQD4  0.336700  
                SEDFCND0  0.042100  
                SEDFCND0  0.042100  
                SEDFCND1  0.084200  
                SEDFCND1  0.084200  
                SEDFCND2  0.168400  
                SEDFCND2  0.168400  
                SEDFCND4  0.336700  
                SEDFCND4  0.336700  
               SEDFCNQD0  0.042100  
               SEDFCNQD0  0.042100  
               SEDFCNQD1  0.084200  
               SEDFCNQD1  0.084200  
               SEDFCNQD2  0.168400  
               SEDFCNQD2  0.168400  
               SEDFCNQD4  0.336700  
               SEDFCNQD4  0.336700  
                  SEDFD0  0.042100  
                  SEDFD0  0.042100  
                  SEDFD1  0.084200  
                  SEDFD1  0.084200  
                  SEDFD2  0.168400  
                  SEDFD2  0.168400  
                  SEDFD4  0.336700  
                  SEDFD4  0.336700  
               SEDFKCND0  0.042100  
               SEDFKCND0  0.042100  
               SEDFKCND1  0.084200  
               SEDFKCND1  0.084200  
               SEDFKCND2  0.168400  
               SEDFKCND2  0.168400  
               SEDFKCND4  0.336700  
               SEDFKCND4  0.336700  
              SEDFKCNQD0  0.042100  
              SEDFKCNQD0  0.042100  
              SEDFKCNQD1  0.084200  
              SEDFKCNQD1  0.084200  
              SEDFKCNQD2  0.168400  
              SEDFKCNQD2  0.168400  
              SEDFKCNQD4  0.336700  
              SEDFKCNQD4  0.336700  
                 SEDFQD0  0.042100  
                 SEDFQD0  0.042100  
                 SEDFQD1  0.084200  
                 SEDFQD1  0.084200  
                 SEDFQD2  0.168400  
                 SEDFQD2  0.168400  
                 SEDFQD4  0.336700  
                 SEDFQD4  0.336700  
                SEDFQND0  0.042100  
                SEDFQND0  0.042100  
                SEDFQND1  0.084200  
                SEDFQND1  0.084200  
                SEDFQND2  0.168400  
                SEDFQND2  0.168400  
                SEDFQND4  0.336700  
                SEDFQND4  0.336700  
               SEDFQNXD0  0.042100  
               SEDFQNXD0  0.042100  
               SEDFQNXD1  0.084200  
               SEDFQNXD1  0.084200  
               SEDFQNXD2  0.168400  
               SEDFQNXD2  0.168400  
               SEDFQNXD4  0.336700  
               SEDFQNXD4  0.336700  
                SEDFQXD0  0.042100  
                SEDFQXD0  0.042100  
                SEDFQXD1  0.084200  
                SEDFQXD1  0.084200  
                SEDFQXD2  0.168400  
                SEDFQXD2  0.168400  
                SEDFQXD4  0.336700  
                SEDFQXD4  0.336700  
                 SEDFXD0  0.037200  
                 SEDFXD0  0.037200  
                 SEDFXD1  0.084200  
                 SEDFXD1  0.084200  
                 SEDFXD2  0.168400  
                 SEDFXD2  0.168400  
                 SEDFXD4  0.336700  
                 SEDFXD4  0.336700  
                    TIEH  0.038400  
                    TIEH  0.038400  
                    TIEL  0.038400  
                    TIEL  0.038400  
                  XNR2D0  0.042100  
                  XNR2D0  0.042100  
                  XNR2D1  0.084200  
                  XNR2D1  0.084200  
                  XNR2D2  0.168400  
                  XNR2D2  0.168400  
                  XNR2D4  0.336700  
                  XNR2D4  0.336700  
                  XNR3D0  0.042100  
                  XNR3D0  0.042100  
                  XNR3D1  0.084200  
                  XNR3D1  0.084200  
                  XNR3D2  0.168400  
                  XNR3D2  0.168400  
                  XNR3D4  0.336700  
                  XNR3D4  0.336700  
                  XNR4D0  0.042100  
                  XNR4D0  0.042100  
                  XNR4D1  0.084200  
                  XNR4D1  0.084200  
                  XNR4D2  0.168400  
                  XNR4D2  0.168400  
                  XNR4D4  0.336700  
                  XNR4D4  0.336700  
                  XOR2D0  0.042100  
                  XOR2D0  0.042100  
                  XOR2D1  0.084200  
                  XOR2D1  0.084200  
                  XOR2D2  0.168400  
                  XOR2D2  0.168400  
                  XOR2D4  0.336700  
                  XOR2D4  0.336700  
                  XOR3D0  0.042100  
                  XOR3D0  0.042100  
                  XOR3D1  0.084200  
                  XOR3D1  0.084200  
                  XOR3D2  0.168400  
                  XOR3D2  0.168400  
                  XOR3D4  0.336700  
                  XOR3D4  0.336700  
                  XOR4D0  0.042100  
                  XOR4D0  0.042100  
                  XOR4D1  0.084200  
                  XOR4D1  0.084200  
                  XOR4D2  0.168400  
                  XOR4D2  0.168400  
                  XOR4D4  0.336700  
                  XOR4D4  0.336700  1592  
# Cells in .lib with max_fanout: 0  
SDC max_cap: N/A  
SDC max_tran: N/A  
SDC max_fanout: N/A  
Default Ext. Scale Factor: 1.000  
Detail Ext. Scale Factor: 1.000  

==============================
Floorplan/Placement Information
==============================
Total area of Standard cells: 687297.960 um^2  
Total area of Standard cells(Subtracting Physical Cells): 374903.640 um^2  
Total area of Macros: 0.000 um^2  
Total area of Blockages: 0.000 um^2  
Total area of Pad cells: 0.000 um^2  
Total area of Core: 690393.600 um^2  
Total area of Chip: 724029.600 um^2  
Effective Utilization: 9.9552e-01  
Number of Cell Rows: 461  
% Pure Gate Density #1 (Subtracting BLOCKAGES): 99.552%  
% Pure Gate Density #2 (Subtracting BLOCKAGES and Physical Cells): 54.303%  
% Pure Gate Density #3 (Subtracting MACROS): 99.552%  
% Pure Gate Density #4 (Subtracting MACROS and Physical Cells): 54.303%  
% Pure Gate Density #5 (Subtracting MACROS and BLOCKAGES): 99.552%  
% Pure Gate Density #6 ((Unpreplaced Standard Inst + Unpreplaced Block Inst + Unpreplaced Black Blob Inst + Fixed Clock Inst Area) / (Free Site Area + Fixed Clock Inst Area) for insts are placed): 99.552%  
% Core Density (Counting Std Cells and MACROs): 99.552%  
% Core Density #2(Subtracting Physical Cells): 54.303%  
% Chip Density (Counting Std Cells and MACROs and IOs): 94.927%  
% Chip Density #2(Subtracting Physical Cells): 51.780%  
# Macros within 5 sites of IO pad: No  
Macro halo defined?: No  

==============================
Wire Length Distribution
==============================
Total M1 wire length: 3622.1850 um  
Total M2 wire length: 533446.3700 um  
Total M3 wire length: 634047.7200 um  
Total M4 wire length: 309074.0000 um  
Total M5 wire length: 203453.2000 um  
Total M6 wire length: 5325.0000 um  
Total M7 wire length: 28902.4000 um  
Total M8 wire length: 29416.0000 um  
Total wire length: 1747286.8750 um  
Average wire length/net: 14.6970 um  
Area of Power Net Distribution: 
    ------------------------------
    Area of Power Net Distribution
    ------------------------------
    Layer Name  Area of Power Net  Routable Area  Percentage  
    M1  69895.5000  690393.6000  10.1240%  
    M2  5086.8000  690393.6000  0.7368%  
    M3  0.0000  690393.6000  0.0000%  
    M4  59346.0000  690393.6000  8.5960%  
    M5  0.0000  690393.6000  0.0000%  
    M6  0.0000  690393.6000  0.0000%  
    M7  0.0000  690393.6000  0.0000%  
    M8  0.0000  690393.6000  0.0000%  For more information click here  
