Initializing gui preferences from file  /home/linux/ieng6/oce/2a/shvaidya/.synopsys_dv_prefs.tcl
dc_shell> source run_dc.tcl
Information: Variable 'hdlin_enable_vpp' is obsolete and is being ignored. (INFO-100)
Running PRESTO HDLC
Compiling source file /home/linux/ieng6/ee260bwi25/shvaidya/k-furthest-neighbors-260b/STEP1/syn/netlist/core.v
Presto compilation completed successfully.
Loading db file '/home/linux/ieng6/ee260bwi25/public/PDKdata/db/tcbn65gpluswc.db'
Running PRESTO HDLC
Compiling source file /home/linux/ieng6/ee260bwi25/shvaidya/k-furthest-neighbors-260b/STEP1/syn/netlist/mac_16in.v
Presto compilation completed successfully.
Running PRESTO HDLC
Compiling source file /home/linux/ieng6/ee260bwi25/shvaidya/k-furthest-neighbors-260b/STEP1/syn/netlist/mac_array.v
Presto compilation completed successfully.
Running PRESTO HDLC
Compiling source file /home/linux/ieng6/ee260bwi25/shvaidya/k-furthest-neighbors-260b/STEP1/syn/netlist/mac_col.v
Presto compilation completed successfully.
Running PRESTO HDLC
Compiling source file /home/linux/ieng6/ee260bwi25/shvaidya/k-furthest-neighbors-260b/STEP1/syn/netlist/ofifo.v
Presto compilation completed successfully.
Running PRESTO HDLC
Compiling source file /home/linux/ieng6/ee260bwi25/shvaidya/k-furthest-neighbors-260b/STEP1/syn/netlist/sfp_row.v
Presto compilation completed successfully.
Running PRESTO HDLC
Compiling source file /home/linux/ieng6/ee260bwi25/shvaidya/k-furthest-neighbors-260b/STEP1/syn/netlist/sram_w8.v
Presto compilation completed successfully.
Running PRESTO HDLC
Compiling source file /home/linux/ieng6/ee260bwi25/shvaidya/k-furthest-neighbors-260b/STEP1/syn/netlist/sram_w16.v
Presto compilation completed successfully.
Running PRESTO HDLC
Compiling source file /home/linux/ieng6/ee260bwi25/shvaidya/k-furthest-neighbors-260b/STEP1/syn/netlist/fifo_depth16.v
Presto compilation completed successfully.
Running PRESTO HDLC
Compiling source file /home/linux/ieng6/ee260bwi25/shvaidya/k-furthest-neighbors-260b/STEP1/syn/netlist/fifo_mux_16_1.v
Presto compilation completed successfully.
Running PRESTO HDLC
Compiling source file /home/linux/ieng6/ee260bwi25/shvaidya/k-furthest-neighbors-260b/STEP1/syn/netlist/fifo_mux_2_1.v
Presto compilation completed successfully.
Running PRESTO HDLC
Compiling source file /home/linux/ieng6/ee260bwi25/shvaidya/k-furthest-neighbors-260b/STEP1/syn/netlist/fifo_mux_8_1.v
Presto compilation completed successfully.
Warning: Detected use of obsolete/unsupported feature.  The following
        will not be available in a future release of the application:
        elaborate -update. Use plain elaborate instead (CMD-100)
Loading db file '/software/nonrdist64/dc-2015.06-64/libraries/syn/gtech.db'
Loading db file '/software/nonrdist64/dc-2015.06-64/libraries/syn/standard.sldb'
  Loading link library 'tcbn65gpluswc'
  Loading link library 'gtech'
Running PRESTO HDLC

Inferred memory devices in process
        in routine core line 99 in file
                '/home/linux/ieng6/ee260bwi25/shvaidya/k-furthest-neighbors-260b/STEP1/syn/netlist/core.v'.
===============================================================================
|    Register Name    |   Type    | Width | Bus | MB | AR | AS | SR | SS | ST |
===============================================================================
| mac_in_mux_sel_reg  | Flip-flop |   1   |  N  | N  | N  | N  | N  | N  | N  |
===============================================================================
Presto compilation completed successfully.
Elaborated 1 design.
Current design is now 'core'.
Information: Building the design 'mac_array' instantiated from design 'core' with
        the parameters "bw=8,bw_psum=20,col=8,pr=8". (HDL-193)
Presto compilation completed successfully.
Information: Building the design 'ofifo' instantiated from design 'core' with
        the parameters "bw=20,col=8". (HDL-193)
Presto compilation completed successfully.
Information: Building the design 'sram_w16' instantiated from design 'core' with
        the parameters "sram_bit=64". (HDL-193)

Statistics for case statements in always block at line 48 in file
        '/home/linux/ieng6/ee260bwi25/shvaidya/k-furthest-neighbors-260b/STEP1/syn/netlist/sram_w16.v'
===============================================
|           Line           |  full/ parallel  |
===============================================
|            51            |    auto/auto     |
|            72            |    auto/auto     |
===============================================

Inferred memory devices in process
        in routine sram_w16_sram_bit64 line 48 in file
                '/home/linux/ieng6/ee260bwi25/shvaidya/k-furthest-neighbors-260b/STEP1/syn/netlist/sram_w16.v'.
===============================================================================
|    Register Name    |   Type    | Width | Bus | MB | AR | AS | SR | SS | ST |
===============================================================================
|    memory12_reg     | Flip-flop |  64   |  Y  | N  | N  | N  | N  | N  | N  |
|    memory10_reg     | Flip-flop |  64   |  Y  | N  | N  | N  | N  | N  | N  |
|    memory11_reg     | Flip-flop |  64   |  Y  | N  | N  | N  | N  | N  | N  |
|    memory13_reg     | Flip-flop |  64   |  Y  | N  | N  | N  | N  | N  | N  |
|    memory14_reg     | Flip-flop |  64   |  Y  | N  | N  | N  | N  | N  | N  |
|        Q_reg        | Flip-flop |  64   |  Y  | N  | N  | N  | N  | N  | N  |
|    memory15_reg     | Flip-flop |  64   |  Y  | N  | N  | N  | N  | N  | N  |
|     memory0_reg     | Flip-flop |  64   |  Y  | N  | N  | N  | N  | N  | N  |
|     memory1_reg     | Flip-flop |  64   |  Y  | N  | N  | N  | N  | N  | N  |
|     memory2_reg     | Flip-flop |  64   |  Y  | N  | N  | N  | N  | N  | N  |
|     memory3_reg     | Flip-flop |  64   |  Y  | N  | N  | N  | N  | N  | N  |
|     memory4_reg     | Flip-flop |  64   |  Y  | N  | N  | N  | N  | N  | N  |
|     memory5_reg     | Flip-flop |  64   |  Y  | N  | N  | N  | N  | N  | N  |
|     memory6_reg     | Flip-flop |  64   |  Y  | N  | N  | N  | N  | N  | N  |
|     memory7_reg     | Flip-flop |  64   |  Y  | N  | N  | N  | N  | N  | N  |
|     memory8_reg     | Flip-flop |  64   |  Y  | N  | N  | N  | N  | N  | N  |
|     memory9_reg     | Flip-flop |  64   |  Y  | N  | N  | N  | N  | N  | N  |
===============================================================================
Presto compilation completed successfully.
Information: Building the design 'sram_w8' instantiated from design 'core' with
        the parameters "sram_bit=160". (HDL-193)

Statistics for case statements in always block at line 40 in file
        '/home/linux/ieng6/ee260bwi25/shvaidya/k-furthest-neighbors-260b/STEP1/syn/netlist/sram_w8.v'
===============================================
|           Line           |  full/ parallel  |
===============================================
|            43            |    auto/auto     |
|            56            |    auto/auto     |
===============================================

Inferred memory devices in process
        in routine sram_w8_sram_bit160 line 40 in file
                '/home/linux/ieng6/ee260bwi25/shvaidya/k-furthest-neighbors-260b/STEP1/syn/netlist/sram_w8.v'.
===============================================================================
|    Register Name    |   Type    | Width | Bus | MB | AR | AS | SR | SS | ST |
===============================================================================
|     memory4_reg     | Flip-flop |  160  |  Y  | N  | N  | N  | N  | N  | N  |
|     memory2_reg     | Flip-flop |  160  |  Y  | N  | N  | N  | N  | N  | N  |
|     memory3_reg     | Flip-flop |  160  |  Y  | N  | N  | N  | N  | N  | N  |
|     memory5_reg     | Flip-flop |  160  |  Y  | N  | N  | N  | N  | N  | N  |
|     memory6_reg     | Flip-flop |  160  |  Y  | N  | N  | N  | N  | N  | N  |
|        Q_reg        | Flip-flop |  160  |  Y  | N  | N  | N  | N  | N  | N  |
|     memory7_reg     | Flip-flop |  160  |  Y  | N  | N  | N  | N  | N  | N  |
|     memory0_reg     | Flip-flop |  160  |  Y  | N  | N  | N  | N  | N  | N  |
|     memory1_reg     | Flip-flop |  160  |  Y  | N  | N  | N  | N  | N  | N  |
===============================================================================
Presto compilation completed successfully.
Information: Building the design 'sfp_row' instantiated from design 'core' with
        the parameters "bw_psum=20,col=8,bw=8". (HDL-193)
Warning:  /home/linux/ieng6/ee260bwi25/shvaidya/k-furthest-neighbors-260b/STEP1/syn/netlist/sfp_row.v:50: unsigned to signed assignment occurs. (VER-318)
Warning:  /home/linux/ieng6/ee260bwi25/shvaidya/k-furthest-neighbors-260b/STEP1/syn/netlist/sfp_row.v:51: unsigned to signed assignment occurs. (VER-318)
Warning:  /home/linux/ieng6/ee260bwi25/shvaidya/k-furthest-neighbors-260b/STEP1/syn/netlist/sfp_row.v:52: unsigned to signed assignment occurs. (VER-318)
Warning:  /home/linux/ieng6/ee260bwi25/shvaidya/k-furthest-neighbors-260b/STEP1/syn/netlist/sfp_row.v:53: unsigned to signed assignment occurs. (VER-318)
Warning:  /home/linux/ieng6/ee260bwi25/shvaidya/k-furthest-neighbors-260b/STEP1/syn/netlist/sfp_row.v:54: unsigned to signed assignment occurs. (VER-318)
Warning:  /home/linux/ieng6/ee260bwi25/shvaidya/k-furthest-neighbors-260b/STEP1/syn/netlist/sfp_row.v:55: unsigned to signed assignment occurs. (VER-318)
Warning:  /home/linux/ieng6/ee260bwi25/shvaidya/k-furthest-neighbors-260b/STEP1/syn/netlist/sfp_row.v:56: unsigned to signed assignment occurs. (VER-318)
Warning:  /home/linux/ieng6/ee260bwi25/shvaidya/k-furthest-neighbors-260b/STEP1/syn/netlist/sfp_row.v:57: unsigned to signed assignment occurs. (VER-318)
Warning:  /home/linux/ieng6/ee260bwi25/shvaidya/k-furthest-neighbors-260b/STEP1/syn/netlist/sfp_row.v:60: signed to unsigned assignment occurs. (VER-318)
Warning:  /home/linux/ieng6/ee260bwi25/shvaidya/k-furthest-neighbors-260b/STEP1/syn/netlist/sfp_row.v:61: signed to unsigned assignment occurs. (VER-318)
Warning:  /home/linux/ieng6/ee260bwi25/shvaidya/k-furthest-neighbors-260b/STEP1/syn/netlist/sfp_row.v:62: signed to unsigned assignment occurs. (VER-318)
Warning:  /home/linux/ieng6/ee260bwi25/shvaidya/k-furthest-neighbors-260b/STEP1/syn/netlist/sfp_row.v:63: signed to unsigned assignment occurs. (VER-318)
Warning:  /home/linux/ieng6/ee260bwi25/shvaidya/k-furthest-neighbors-260b/STEP1/syn/netlist/sfp_row.v:64: signed to unsigned assignment occurs. (VER-318)
Warning:  /home/linux/ieng6/ee260bwi25/shvaidya/k-furthest-neighbors-260b/STEP1/syn/netlist/sfp_row.v:65: signed to unsigned assignment occurs. (VER-318)
Warning:  /home/linux/ieng6/ee260bwi25/shvaidya/k-furthest-neighbors-260b/STEP1/syn/netlist/sfp_row.v:66: signed to unsigned assignment occurs. (VER-318)
Warning:  /home/linux/ieng6/ee260bwi25/shvaidya/k-furthest-neighbors-260b/STEP1/syn/netlist/sfp_row.v:67: signed to unsigned assignment occurs. (VER-318)
Warning:  /home/linux/ieng6/ee260bwi25/shvaidya/k-furthest-neighbors-260b/STEP1/syn/netlist/sfp_row.v:70: unsigned to signed assignment occurs. (VER-318)
Warning:  /home/linux/ieng6/ee260bwi25/shvaidya/k-furthest-neighbors-260b/STEP1/syn/netlist/sfp_row.v:141: signed to unsigned conversion occurs. (VER-318)
Warning:  /home/linux/ieng6/ee260bwi25/shvaidya/k-furthest-neighbors-260b/STEP1/syn/netlist/sfp_row.v:142: signed to unsigned conversion occurs. (VER-318)
Warning:  /home/linux/ieng6/ee260bwi25/shvaidya/k-furthest-neighbors-260b/STEP1/syn/netlist/sfp_row.v:143: signed to unsigned conversion occurs. (VER-318)
Warning:  /home/linux/ieng6/ee260bwi25/shvaidya/k-furthest-neighbors-260b/STEP1/syn/netlist/sfp_row.v:144: signed to unsigned conversion occurs. (VER-318)
Warning:  /home/linux/ieng6/ee260bwi25/shvaidya/k-furthest-neighbors-260b/STEP1/syn/netlist/sfp_row.v:145: signed to unsigned conversion occurs. (VER-318)
Warning:  /home/linux/ieng6/ee260bwi25/shvaidya/k-furthest-neighbors-260b/STEP1/syn/netlist/sfp_row.v:146: signed to unsigned conversion occurs. (VER-318)
Warning:  /home/linux/ieng6/ee260bwi25/shvaidya/k-furthest-neighbors-260b/STEP1/syn/netlist/sfp_row.v:147: signed to unsigned conversion occurs. (VER-318)
Warning:  /home/linux/ieng6/ee260bwi25/shvaidya/k-furthest-neighbors-260b/STEP1/syn/netlist/sfp_row.v:148: signed to unsigned conversion occurs. (VER-318)

Inferred memory devices in process
        in routine sfp_row_col8_bw8_bw_psum20 line 95 in file
                '/home/linux/ieng6/ee260bwi25/shvaidya/k-furthest-neighbors-260b/STEP1/syn/netlist/sfp_row.v'.
===============================================================================
|    Register Name    |   Type    | Width | Bus | MB | AR | AS | SR | SS | ST |
===============================================================================
|  sfp_out_sign2_reg  | Flip-flop |  20   |  Y  | N  | Y  | N  | N  | N  | N  |
|      div_q_reg      | Flip-flop |   1   |  N  | N  | Y  | N  | N  | N  | N  |
|     fifo_wr_reg     | Flip-flop |   1   |  N  | N  | Y  | N  | N  | N  | N  |
|  sfp_out_sign0_reg  | Flip-flop |  20   |  Y  | N  | Y  | N  | N  | N  | N  |
|  sfp_out_sign1_reg  | Flip-flop |  20   |  Y  | N  | Y  | N  | N  | N  | N  |
|  sfp_out_sign3_reg  | Flip-flop |  20   |  Y  | N  | Y  | N  | N  | N  | N  |
|     div_2q_reg      | Flip-flop |   1   |  N  | N  | Y  | N  | N  | N  | N  |
|      acc_q_reg      | Flip-flop |   1   |  N  | N  | Y  | N  | N  | N  | N  |
|      sum_q_reg      | Flip-flop |  24   |  Y  | N  | Y  | N  | N  | N  | N  |
|  sfp_out_sign7_reg  | Flip-flop |  20   |  Y  | N  | Y  | N  | N  | N  | N  |
|  sfp_out_sign6_reg  | Flip-flop |  20   |  Y  | N  | Y  | N  | N  | N  | N  |
|  sfp_out_sign5_reg  | Flip-flop |  20   |  Y  | N  | Y  | N  | N  | N  | N  |
|  sfp_out_sign4_reg  | Flip-flop |  20   |  Y  | N  | Y  | N  | N  | N  | N  |
===============================================================================
Presto compilation completed successfully.
Information: Building the design 'mac_col' instantiated from design 'mac_array_col8_bw8_bw_psum20_pr8' with
        the parameters "bw=8,bw_psum=20,pr=8,col_id=1". (HDL-193)
Warning:  /home/linux/ieng6/ee260bwi25/shvaidya/k-furthest-neighbors-260b/STEP1/syn/netlist/mac_col.v:74: signed to unsigned conversion occurs. (VER-318)

Inferred memory devices in process
        in routine mac_col_bw8_bw_psum20_pr8_col_id1 line 55 in file
                '/home/linux/ieng6/ee260bwi25/shvaidya/k-furthest-neighbors-260b/STEP1/syn/netlist/mac_col.v'.
===============================================================================
|    Register Name    |   Type    | Width | Bus | MB | AR | AS | SR | SS | ST |
===============================================================================
|     inst_q_reg      | Flip-flop |   2   |  Y  | N  | Y  | N  | N  | N  | N  |
|  load_ready_q_reg   | Flip-flop |   1   |  N  | N  | N  | Y  | N  | N  | N  |
|      cnt_q_reg      | Flip-flop |   4   |  Y  | N  | Y  | N  | N  | N  | N  |
|      key_q_reg      | Flip-flop |  64   |  Y  | N  | Y  | N  | N  | N  | N  |
|     query_q_reg     | Flip-flop |  64   |  Y  | N  | Y  | N  | N  | N  | N  |
|     inst_3q_reg     | Flip-flop |   2   |  Y  | N  | Y  | N  | N  | N  | N  |
|     inst_2q_reg     | Flip-flop |   2   |  Y  | N  | Y  | N  | N  | N  | N  |
===============================================================================
Presto compilation completed successfully.
Information: Building the design 'mac_col' instantiated from design 'mac_array_col8_bw8_bw_psum20_pr8' with
        the parameters "bw=8,bw_psum=20,pr=8,col_id=2". (HDL-193)
Warning:  /home/linux/ieng6/ee260bwi25/shvaidya/k-furthest-neighbors-260b/STEP1/syn/netlist/mac_col.v:74: signed to unsigned conversion occurs. (VER-318)

Inferred memory devices in process
        in routine mac_col_bw8_bw_psum20_pr8_col_id2 line 55 in file
                '/home/linux/ieng6/ee260bwi25/shvaidya/k-furthest-neighbors-260b/STEP1/syn/netlist/mac_col.v'.
===============================================================================
|    Register Name    |   Type    | Width | Bus | MB | AR | AS | SR | SS | ST |
===============================================================================
|     inst_q_reg      | Flip-flop |   2   |  Y  | N  | Y  | N  | N  | N  | N  |
|  load_ready_q_reg   | Flip-flop |   1   |  N  | N  | N  | Y  | N  | N  | N  |
|      cnt_q_reg      | Flip-flop |   4   |  Y  | N  | Y  | N  | N  | N  | N  |
|      key_q_reg      | Flip-flop |  64   |  Y  | N  | Y  | N  | N  | N  | N  |
|     query_q_reg     | Flip-flop |  64   |  Y  | N  | Y  | N  | N  | N  | N  |
|     inst_3q_reg     | Flip-flop |   2   |  Y  | N  | Y  | N  | N  | N  | N  |
|     inst_2q_reg     | Flip-flop |   2   |  Y  | N  | Y  | N  | N  | N  | N  |
===============================================================================
Presto compilation completed successfully.
Information: Building the design 'mac_col' instantiated from design 'mac_array_col8_bw8_bw_psum20_pr8' with
        the parameters "bw=8,bw_psum=20,pr=8,col_id=3". (HDL-193)
Warning:  /home/linux/ieng6/ee260bwi25/shvaidya/k-furthest-neighbors-260b/STEP1/syn/netlist/mac_col.v:74: signed to unsigned conversion occurs. (VER-318)

Inferred memory devices in process
        in routine mac_col_bw8_bw_psum20_pr8_col_id3 line 55 in file
                '/home/linux/ieng6/ee260bwi25/shvaidya/k-furthest-neighbors-260b/STEP1/syn/netlist/mac_col.v'.
===============================================================================
|    Register Name    |   Type    | Width | Bus | MB | AR | AS | SR | SS | ST |
===============================================================================
|     inst_q_reg      | Flip-flop |   2   |  Y  | N  | Y  | N  | N  | N  | N  |
|  load_ready_q_reg   | Flip-flop |   1   |  N  | N  | N  | Y  | N  | N  | N  |
|      cnt_q_reg      | Flip-flop |   4   |  Y  | N  | Y  | N  | N  | N  | N  |
|      key_q_reg      | Flip-flop |  64   |  Y  | N  | Y  | N  | N  | N  | N  |
|     query_q_reg     | Flip-flop |  64   |  Y  | N  | Y  | N  | N  | N  | N  |
|     inst_3q_reg     | Flip-flop |   2   |  Y  | N  | Y  | N  | N  | N  | N  |
|     inst_2q_reg     | Flip-flop |   2   |  Y  | N  | Y  | N  | N  | N  | N  |
===============================================================================
Presto compilation completed successfully.
Information: Building the design 'mac_col' instantiated from design 'mac_array_col8_bw8_bw_psum20_pr8' with
        the parameters "bw=8,bw_psum=20,pr=8,col_id=4". (HDL-193)
Warning:  /home/linux/ieng6/ee260bwi25/shvaidya/k-furthest-neighbors-260b/STEP1/syn/netlist/mac_col.v:74: signed to unsigned conversion occurs. (VER-318)

Inferred memory devices in process
        in routine mac_col_bw8_bw_psum20_pr8_col_id4 line 55 in file
                '/home/linux/ieng6/ee260bwi25/shvaidya/k-furthest-neighbors-260b/STEP1/syn/netlist/mac_col.v'.
===============================================================================
|    Register Name    |   Type    | Width | Bus | MB | AR | AS | SR | SS | ST |
===============================================================================
|     inst_q_reg      | Flip-flop |   2   |  Y  | N  | Y  | N  | N  | N  | N  |
|  load_ready_q_reg   | Flip-flop |   1   |  N  | N  | N  | Y  | N  | N  | N  |
|      cnt_q_reg      | Flip-flop |   4   |  Y  | N  | Y  | N  | N  | N  | N  |
|      key_q_reg      | Flip-flop |  64   |  Y  | N  | Y  | N  | N  | N  | N  |
|     query_q_reg     | Flip-flop |  64   |  Y  | N  | Y  | N  | N  | N  | N  |
|     inst_3q_reg     | Flip-flop |   2   |  Y  | N  | Y  | N  | N  | N  | N  |
|     inst_2q_reg     | Flip-flop |   2   |  Y  | N  | Y  | N  | N  | N  | N  |
===============================================================================
Presto compilation completed successfully.
Information: Building the design 'mac_col' instantiated from design 'mac_array_col8_bw8_bw_psum20_pr8' with
        the parameters "bw=8,bw_psum=20,pr=8,col_id=5". (HDL-193)
Warning:  /home/linux/ieng6/ee260bwi25/shvaidya/k-furthest-neighbors-260b/STEP1/syn/netlist/mac_col.v:74: signed to unsigned conversion occurs. (VER-318)

Inferred memory devices in process
        in routine mac_col_bw8_bw_psum20_pr8_col_id5 line 55 in file
                '/home/linux/ieng6/ee260bwi25/shvaidya/k-furthest-neighbors-260b/STEP1/syn/netlist/mac_col.v'.
===============================================================================
|    Register Name    |   Type    | Width | Bus | MB | AR | AS | SR | SS | ST |
===============================================================================
|     inst_q_reg      | Flip-flop |   2   |  Y  | N  | Y  | N  | N  | N  | N  |
|  load_ready_q_reg   | Flip-flop |   1   |  N  | N  | N  | Y  | N  | N  | N  |
|      cnt_q_reg      | Flip-flop |   4   |  Y  | N  | Y  | N  | N  | N  | N  |
|      key_q_reg      | Flip-flop |  64   |  Y  | N  | Y  | N  | N  | N  | N  |
|     query_q_reg     | Flip-flop |  64   |  Y  | N  | Y  | N  | N  | N  | N  |
|     inst_3q_reg     | Flip-flop |   2   |  Y  | N  | Y  | N  | N  | N  | N  |
|     inst_2q_reg     | Flip-flop |   2   |  Y  | N  | Y  | N  | N  | N  | N  |
===============================================================================
Presto compilation completed successfully.
Information: Building the design 'mac_col' instantiated from design 'mac_array_col8_bw8_bw_psum20_pr8' with
        the parameters "bw=8,bw_psum=20,pr=8,col_id=6". (HDL-193)
Warning:  /home/linux/ieng6/ee260bwi25/shvaidya/k-furthest-neighbors-260b/STEP1/syn/netlist/mac_col.v:74: signed to unsigned conversion occurs. (VER-318)

Inferred memory devices in process
        in routine mac_col_bw8_bw_psum20_pr8_col_id6 line 55 in file
                '/home/linux/ieng6/ee260bwi25/shvaidya/k-furthest-neighbors-260b/STEP1/syn/netlist/mac_col.v'.
===============================================================================
|    Register Name    |   Type    | Width | Bus | MB | AR | AS | SR | SS | ST |
===============================================================================
|     inst_q_reg      | Flip-flop |   2   |  Y  | N  | Y  | N  | N  | N  | N  |
|  load_ready_q_reg   | Flip-flop |   1   |  N  | N  | N  | Y  | N  | N  | N  |
|      cnt_q_reg      | Flip-flop |   4   |  Y  | N  | Y  | N  | N  | N  | N  |
|      key_q_reg      | Flip-flop |  64   |  Y  | N  | Y  | N  | N  | N  | N  |
|     query_q_reg     | Flip-flop |  64   |  Y  | N  | Y  | N  | N  | N  | N  |
|     inst_3q_reg     | Flip-flop |   2   |  Y  | N  | Y  | N  | N  | N  | N  |
|     inst_2q_reg     | Flip-flop |   2   |  Y  | N  | Y  | N  | N  | N  | N  |
===============================================================================
Presto compilation completed successfully.
Information: Building the design 'mac_col' instantiated from design 'mac_array_col8_bw8_bw_psum20_pr8' with
        the parameters "bw=8,bw_psum=20,pr=8,col_id=7". (HDL-193)
Warning:  /home/linux/ieng6/ee260bwi25/shvaidya/k-furthest-neighbors-260b/STEP1/syn/netlist/mac_col.v:74: signed to unsigned conversion occurs. (VER-318)

Inferred memory devices in process
        in routine mac_col_bw8_bw_psum20_pr8_col_id7 line 55 in file
                '/home/linux/ieng6/ee260bwi25/shvaidya/k-furthest-neighbors-260b/STEP1/syn/netlist/mac_col.v'.
===============================================================================
|    Register Name    |   Type    | Width | Bus | MB | AR | AS | SR | SS | ST |
===============================================================================
|     inst_q_reg      | Flip-flop |   2   |  Y  | N  | Y  | N  | N  | N  | N  |
|  load_ready_q_reg   | Flip-flop |   1   |  N  | N  | N  | Y  | N  | N  | N  |
|      cnt_q_reg      | Flip-flop |   4   |  Y  | N  | Y  | N  | N  | N  | N  |
|      key_q_reg      | Flip-flop |  64   |  Y  | N  | Y  | N  | N  | N  | N  |
|     query_q_reg     | Flip-flop |  64   |  Y  | N  | Y  | N  | N  | N  | N  |
|     inst_3q_reg     | Flip-flop |   2   |  Y  | N  | Y  | N  | N  | N  | N  |
|     inst_2q_reg     | Flip-flop |   2   |  Y  | N  | Y  | N  | N  | N  | N  |
===============================================================================
Presto compilation completed successfully.
Information: Building the design 'mac_col' instantiated from design 'mac_array_col8_bw8_bw_psum20_pr8' with
        the parameters "bw=8,bw_psum=20,pr=8,col_id=8". (HDL-193)
Warning:  /home/linux/ieng6/ee260bwi25/shvaidya/k-furthest-neighbors-260b/STEP1/syn/netlist/mac_col.v:74: signed to unsigned conversion occurs. (VER-318)

Inferred memory devices in process
        in routine mac_col_bw8_bw_psum20_pr8_col_id8 line 55 in file
                '/home/linux/ieng6/ee260bwi25/shvaidya/k-furthest-neighbors-260b/STEP1/syn/netlist/mac_col.v'.
===============================================================================
|    Register Name    |   Type    | Width | Bus | MB | AR | AS | SR | SS | ST |
===============================================================================
|     inst_q_reg      | Flip-flop |   2   |  Y  | N  | Y  | N  | N  | N  | N  |
|  load_ready_q_reg   | Flip-flop |   1   |  N  | N  | N  | Y  | N  | N  | N  |
|      cnt_q_reg      | Flip-flop |   4   |  Y  | N  | Y  | N  | N  | N  | N  |
|      key_q_reg      | Flip-flop |  64   |  Y  | N  | Y  | N  | N  | N  | N  |
|     query_q_reg     | Flip-flop |  64   |  Y  | N  | Y  | N  | N  | N  | N  |
|     inst_3q_reg     | Flip-flop |   2   |  Y  | N  | Y  | N  | N  | N  | N  |
|     inst_2q_reg     | Flip-flop |   2   |  Y  | N  | Y  | N  | N  | N  | N  |
===============================================================================
Presto compilation completed successfully.
Information: Building the design 'fifo_depth16' instantiated from design 'ofifo_col8_bw20' with
        the parameters "bw=20,simd=1". (HDL-193)

Statistics for case statements in always block at line 66 in file
        '/home/linux/ieng6/ee260bwi25/shvaidya/k-furthest-neighbors-260b/STEP1/syn/netlist/fifo_depth16.v'
===============================================
|           Line           |  full/ parallel  |
===============================================
|            92            |    auto/auto     |
===============================================

Inferred memory devices in process
        in routine fifo_depth16_bw20_simd1 line 54 in file
                '/home/linux/ieng6/ee260bwi25/shvaidya/k-furthest-neighbors-260b/STEP1/syn/netlist/fifo_depth16.v'.
===============================================================================
|    Register Name    |   Type    | Width | Bus | MB | AR | AS | SR | SS | ST |
===============================================================================
|     rd_ptr_reg      | Flip-flop |   5   |  Y  | N  | Y  | N  | N  | N  | N  |
|       out_reg       | Flip-flop |  20   |  Y  | N  | Y  | N  | N  | N  | N  |
===============================================================================

Inferred memory devices in process
        in routine fifo_depth16_bw20_simd1 line 66 in file
                '/home/linux/ieng6/ee260bwi25/shvaidya/k-furthest-neighbors-260b/STEP1/syn/netlist/fifo_depth16.v'.
===============================================================================
|    Register Name    |   Type    | Width | Bus | MB | AR | AS | SR | SS | ST |
===============================================================================
|       q11_reg       | Flip-flop |  20   |  Y  | N  | Y  | N  | N  | N  | N  |
|       q15_reg       | Flip-flop |  20   |  Y  | N  | Y  | N  | N  | N  | N  |
|       q12_reg       | Flip-flop |  20   |  Y  | N  | Y  | N  | N  | N  | N  |
|       q13_reg       | Flip-flop |  20   |  Y  | N  | Y  | N  | N  | N  | N  |
|       q14_reg       | Flip-flop |  20   |  Y  | N  | Y  | N  | N  | N  | N  |
|     wr_ptr_reg      | Flip-flop |   5   |  Y  | N  | Y  | N  | N  | N  | N  |
|       q0_reg        | Flip-flop |  20   |  Y  | N  | Y  | N  | N  | N  | N  |
|       q1_reg        | Flip-flop |  20   |  Y  | N  | Y  | N  | N  | N  | N  |
|       q2_reg        | Flip-flop |  20   |  Y  | N  | Y  | N  | N  | N  | N  |
|       q3_reg        | Flip-flop |  20   |  Y  | N  | Y  | N  | N  | N  | N  |
|       q4_reg        | Flip-flop |  20   |  Y  | N  | Y  | N  | N  | N  | N  |
|       q5_reg        | Flip-flop |  20   |  Y  | N  | Y  | N  | N  | N  | N  |
|       q6_reg        | Flip-flop |  20   |  Y  | N  | Y  | N  | N  | N  | N  |
|       q7_reg        | Flip-flop |  20   |  Y  | N  | Y  | N  | N  | N  | N  |
|       q8_reg        | Flip-flop |  20   |  Y  | N  | Y  | N  | N  | N  | N  |
|       q9_reg        | Flip-flop |  20   |  Y  | N  | Y  | N  | N  | N  | N  |
|       q10_reg       | Flip-flop |  20   |  Y  | N  | Y  | N  | N  | N  | N  |
===============================================================================
Presto compilation completed successfully.
Information: Building the design 'fifo_depth16' instantiated from design 'sfp_row_col8_bw8_bw_psum20' with
        the parameters "bw=24". (HDL-193)

Statistics for case statements in always block at line 66 in file
        '/home/linux/ieng6/ee260bwi25/shvaidya/k-furthest-neighbors-260b/STEP1/syn/netlist/fifo_depth16.v'
===============================================
|           Line           |  full/ parallel  |
===============================================
|            92            |    auto/auto     |
===============================================

Inferred memory devices in process
        in routine fifo_depth16_bw24 line 54 in file
                '/home/linux/ieng6/ee260bwi25/shvaidya/k-furthest-neighbors-260b/STEP1/syn/netlist/fifo_depth16.v'.
===============================================================================
|    Register Name    |   Type    | Width | Bus | MB | AR | AS | SR | SS | ST |
===============================================================================
|     rd_ptr_reg      | Flip-flop |   5   |  Y  | N  | Y  | N  | N  | N  | N  |
|       out_reg       | Flip-flop |  24   |  Y  | N  | Y  | N  | N  | N  | N  |
===============================================================================

Inferred memory devices in process
        in routine fifo_depth16_bw24 line 66 in file
                '/home/linux/ieng6/ee260bwi25/shvaidya/k-furthest-neighbors-260b/STEP1/syn/netlist/fifo_depth16.v'.
===============================================================================
|    Register Name    |   Type    | Width | Bus | MB | AR | AS | SR | SS | ST |
===============================================================================
|       q11_reg       | Flip-flop |  24   |  Y  | N  | Y  | N  | N  | N  | N  |
|       q15_reg       | Flip-flop |  24   |  Y  | N  | Y  | N  | N  | N  | N  |
|       q12_reg       | Flip-flop |  24   |  Y  | N  | Y  | N  | N  | N  | N  |
|       q13_reg       | Flip-flop |  24   |  Y  | N  | Y  | N  | N  | N  | N  |
|       q14_reg       | Flip-flop |  24   |  Y  | N  | Y  | N  | N  | N  | N  |
|     wr_ptr_reg      | Flip-flop |   5   |  Y  | N  | Y  | N  | N  | N  | N  |
|       q0_reg        | Flip-flop |  24   |  Y  | N  | Y  | N  | N  | N  | N  |
|       q1_reg        | Flip-flop |  24   |  Y  | N  | Y  | N  | N  | N  | N  |
|       q2_reg        | Flip-flop |  24   |  Y  | N  | Y  | N  | N  | N  | N  |
|       q3_reg        | Flip-flop |  24   |  Y  | N  | Y  | N  | N  | N  | N  |
|       q4_reg        | Flip-flop |  24   |  Y  | N  | Y  | N  | N  | N  | N  |
|       q5_reg        | Flip-flop |  24   |  Y  | N  | Y  | N  | N  | N  | N  |
|       q6_reg        | Flip-flop |  24   |  Y  | N  | Y  | N  | N  | N  | N  |
|       q7_reg        | Flip-flop |  24   |  Y  | N  | Y  | N  | N  | N  | N  |
|       q8_reg        | Flip-flop |  24   |  Y  | N  | Y  | N  | N  | N  | N  |
|       q9_reg        | Flip-flop |  24   |  Y  | N  | Y  | N  | N  | N  | N  |
|       q10_reg       | Flip-flop |  24   |  Y  | N  | Y  | N  | N  | N  | N  |
===============================================================================
Presto compilation completed successfully.
Information: Building the design 'mac_16in' instantiated from design 'mac_col_bw8_bw_psum20_pr8_col_id1' with
        the parameters "bw=8,bw_psum=20,pr=8". (HDL-193)

Inferred memory devices in process
        in routine mac_16in_bw8_bw_psum20_pr8 line 56 in file
                '/home/linux/ieng6/ee260bwi25/shvaidya/k-furthest-neighbors-260b/STEP1/syn/netlist/mac_16in.v'.
===============================================================================
|    Register Name    |   Type    | Width | Bus | MB | AR | AS | SR | SS | ST |
===============================================================================
| product_pipe_q6_reg | Flip-flop |  16   |  Y  | N  | Y  | N  | N  | N  | N  |
| product_pipe_q7_reg | Flip-flop |  16   |  Y  | N  | Y  | N  | N  | N  | N  |
| product_pipe_q0_reg | Flip-flop |  16   |  Y  | N  | Y  | N  | N  | N  | N  |
| product_pipe_q1_reg | Flip-flop |  16   |  Y  | N  | Y  | N  | N  | N  | N  |
| product_pipe_q2_reg | Flip-flop |  16   |  Y  | N  | Y  | N  | N  | N  | N  |
| product_pipe_q3_reg | Flip-flop |  16   |  Y  | N  | Y  | N  | N  | N  | N  |
| product_pipe_q4_reg | Flip-flop |  16   |  Y  | N  | Y  | N  | N  | N  | N  |
| product_pipe_q5_reg | Flip-flop |  16   |  Y  | N  | Y  | N  | N  | N  | N  |
===============================================================================
Presto compilation completed successfully.
Information: Building the design 'fifo_mux_16_1' instantiated from design 'fifo_depth16_bw20_simd1' with
        the parameters "bw=20,simd=1". (HDL-193)
Presto compilation completed successfully.
Information: Building the design 'fifo_mux_16_1' instantiated from design 'fifo_depth16_bw24' with
        the parameters "bw=24,simd=1". (HDL-193)
Presto compilation completed successfully.
Information: Building the design 'fifo_mux_8_1' instantiated from design 'fifo_mux_16_1_bw20_simd1' with
        the parameters "bw=20,simd=1". (HDL-193)
Presto compilation completed successfully.
Information: Building the design 'fifo_mux_2_1' instantiated from design 'fifo_mux_16_1_bw20_simd1' with
        the parameters "bw=20,simd=1". (HDL-193)
Presto compilation completed successfully.
Information: Building the design 'fifo_mux_8_1' instantiated from design 'fifo_mux_16_1_bw24_simd1' with
        the parameters "bw=24,simd=1". (HDL-193)
Presto compilation completed successfully.
Information: Building the design 'fifo_mux_2_1' instantiated from design 'fifo_mux_16_1_bw24_simd1' with
        the parameters "bw=24,simd=1". (HDL-193)
Presto compilation completed successfully.
Current design is 'core'.

  Linking design 'core'
  Using the following designs and libraries:
  --------------------------------------------------------------------------
  * (23 designs)              /home/linux/ieng6/ee260bwi25/shvaidya/k-furthest-neighbors-260b/STEP1/syn/core.db, etc
  tcbn65gpluswc (library)     /home/linux/ieng6/ee260bwi25/public/PDKdata/db/tcbn65gpluswc.db


Reading SDC version 2.0...

#   Propagate Constraints from cell sfp_instance/ (sfp_row_col8_bw8_bw_psum20) #

#   Propagate Constraints from cell sfp_instance/fifo_inst_int/ (fifo_depth16_bw24) #

#   Propagate Constraints from cell sfp_instance/fifo_inst_int/fifo_mux_16_1a/ (fifo_mux_16_1_bw24_simd1) #

#   Propagate Constraints from cell sfp_instance/fifo_inst_int/fifo_mux_16_1a/mux_2_1a/ (fifo_mux_2_1_bw24_simd1) #

#   Propagate Constraints from cell sfp_instance/fifo_inst_int/fifo_mux_16_1a/mux_8_1b/ (fifo_mux_8_1_bw24_simd1) #

#   Propagate Constraints from cell sfp_instance/fifo_inst_int/fifo_mux_16_1a/mux_8_1b/fifo_mux_2_1g/ (fifo_mux_2_1_bw24_simd1) #

#   Propagate Constraints from cell sfp_instance/fifo_inst_int/fifo_mux_16_1a/mux_8_1b/fifo_mux_2_1f/ (fifo_mux_2_1_bw24_simd1) #

#   Propagate Constraints from cell sfp_instance/fifo_inst_int/fifo_mux_16_1a/mux_8_1b/fifo_mux_2_1e/ (fifo_mux_2_1_bw24_simd1) #

#   Propagate Constraints from cell sfp_instance/fifo_inst_int/fifo_mux_16_1a/mux_8_1b/fifo_mux_2_1d/ (fifo_mux_2_1_bw24_simd1) #

#   Propagate Constraints from cell sfp_instance/fifo_inst_int/fifo_mux_16_1a/mux_8_1b/fifo_mux_2_1c/ (fifo_mux_2_1_bw24_simd1) #

#   Propagate Constraints from cell sfp_instance/fifo_inst_int/fifo_mux_16_1a/mux_8_1b/fifo_mux_2_1b/ (fifo_mux_2_1_bw24_simd1) #

#   Propagate Constraints from cell sfp_instance/fifo_inst_int/fifo_mux_16_1a/mux_8_1b/fifo_mux_2_1a/ (fifo_mux_2_1_bw24_simd1) #

#   Propagate Constraints from cell sfp_instance/fifo_inst_int/fifo_mux_16_1a/mux_8_1a/ (fifo_mux_8_1_bw24_simd1) #

#   Propagate Constraints from cell sfp_instance/fifo_inst_int/fifo_mux_16_1a/mux_8_1a/fifo_mux_2_1g/ (fifo_mux_2_1_bw24_simd1) #

#   Propagate Constraints from cell sfp_instance/fifo_inst_int/fifo_mux_16_1a/mux_8_1a/fifo_mux_2_1f/ (fifo_mux_2_1_bw24_simd1) #

#   Propagate Constraints from cell sfp_instance/fifo_inst_int/fifo_mux_16_1a/mux_8_1a/fifo_mux_2_1e/ (fifo_mux_2_1_bw24_simd1) #

#   Propagate Constraints from cell sfp_instance/fifo_inst_int/fifo_mux_16_1a/mux_8_1a/fifo_mux_2_1d/ (fifo_mux_2_1_bw24_simd1) #

#   Propagate Constraints from cell sfp_instance/fifo_inst_int/fifo_mux_16_1a/mux_8_1a/fifo_mux_2_1c/ (fifo_mux_2_1_bw24_simd1) #

#   Propagate Constraints from cell sfp_instance/fifo_inst_int/fifo_mux_16_1a/mux_8_1a/fifo_mux_2_1b/ (fifo_mux_2_1_bw24_simd1) #

#   Propagate Constraints from cell sfp_instance/fifo_inst_int/fifo_mux_16_1a/mux_8_1a/fifo_mux_2_1a/ (fifo_mux_2_1_bw24_simd1) #

#   Propagate Constraints from cell psum_mem_instance/ (sram_w8_sram_bit160) #

#   Propagate Constraints from cell kmem_instance/ (sram_w16_sram_bit64) #

#   Propagate Constraints from cell qmem_instance/ (sram_w16_sram_bit64) #

#   Propagate Constraints from cell ofifo_instance/ (ofifo_col8_bw20) #

#   Propagate Constraints from cell ofifo_instance/col_idx[7].fifo_instance/ (fifo_depth16_bw20_simd1) #

#   Propagate Constraints from cell ofifo_instance/col_idx[7].fifo_instance/fifo_mux_16_1a/ (fifo_mux_16_1_bw20_simd1) #

#   Propagate Constraints from cell ofifo_instance/col_idx[7].fifo_instance/fifo_mux_16_1a/mux_2_1a/ (fifo_mux_2_1_bw20_simd1) #

#   Propagate Constraints from cell ofifo_instance/col_idx[7].fifo_instance/fifo_mux_16_1a/mux_8_1b/ (fifo_mux_8_1_bw20_simd1) #

#   Propagate Constraints from cell ofifo_instance/col_idx[7].fifo_instance/fifo_mux_16_1a/mux_8_1b/fifo_mux_2_1g/ (fifo_mux_2_1_bw20_simd1) #

#   Propagate Constraints from cell ofifo_instance/col_idx[7].fifo_instance/fifo_mux_16_1a/mux_8_1b/fifo_mux_2_1f/ (fifo_mux_2_1_bw20_simd1) #

#   Propagate Constraints from cell ofifo_instance/col_idx[7].fifo_instance/fifo_mux_16_1a/mux_8_1b/fifo_mux_2_1e/ (fifo_mux_2_1_bw20_simd1) #

#   Propagate Constraints from cell ofifo_instance/col_idx[7].fifo_instance/fifo_mux_16_1a/mux_8_1b/fifo_mux_2_1d/ (fifo_mux_2_1_bw20_simd1) #

#   Propagate Constraints from cell ofifo_instance/col_idx[7].fifo_instance/fifo_mux_16_1a/mux_8_1b/fifo_mux_2_1c/ (fifo_mux_2_1_bw20_simd1) #

#   Propagate Constraints from cell ofifo_instance/col_idx[7].fifo_instance/fifo_mux_16_1a/mux_8_1b/fifo_mux_2_1b/ (fifo_mux_2_1_bw20_simd1) #

#   Propagate Constraints from cell ofifo_instance/col_idx[7].fifo_instance/fifo_mux_16_1a/mux_8_1b/fifo_mux_2_1a/ (fifo_mux_2_1_bw20_simd1) #

#   Propagate Constraints from cell ofifo_instance/col_idx[7].fifo_instance/fifo_mux_16_1a/mux_8_1a/ (fifo_mux_8_1_bw20_simd1) #

#   Propagate Constraints from cell ofifo_instance/col_idx[7].fifo_instance/fifo_mux_16_1a/mux_8_1a/fifo_mux_2_1g/ (fifo_mux_2_1_bw20_simd1) #

#   Propagate Constraints from cell ofifo_instance/col_idx[7].fifo_instance/fifo_mux_16_1a/mux_8_1a/fifo_mux_2_1f/ (fifo_mux_2_1_bw20_simd1) #

#   Propagate Constraints from cell ofifo_instance/col_idx[7].fifo_instance/fifo_mux_16_1a/mux_8_1a/fifo_mux_2_1e/ (fifo_mux_2_1_bw20_simd1) #

#   Propagate Constraints from cell ofifo_instance/col_idx[7].fifo_instance/fifo_mux_16_1a/mux_8_1a/fifo_mux_2_1d/ (fifo_mux_2_1_bw20_simd1) #

#   Propagate Constraints from cell ofifo_instance/col_idx[7].fifo_instance/fifo_mux_16_1a/mux_8_1a/fifo_mux_2_1c/ (fifo_mux_2_1_bw20_simd1) #

#   Propagate Constraints from cell ofifo_instance/col_idx[7].fifo_instance/fifo_mux_16_1a/mux_8_1a/fifo_mux_2_1b/ (fifo_mux_2_1_bw20_simd1) #

#   Propagate Constraints from cell ofifo_instance/col_idx[7].fifo_instance/fifo_mux_16_1a/mux_8_1a/fifo_mux_2_1a/ (fifo_mux_2_1_bw20_simd1) #

#   Propagate Constraints from cell ofifo_instance/col_idx[6].fifo_instance/ (fifo_depth16_bw20_simd1) #

#   Propagate Constraints from cell ofifo_instance/col_idx[6].fifo_instance/fifo_mux_16_1a/ (fifo_mux_16_1_bw20_simd1) #

#   Propagate Constraints from cell ofifo_instance/col_idx[6].fifo_instance/fifo_mux_16_1a/mux_2_1a/ (fifo_mux_2_1_bw20_simd1) #

#   Propagate Constraints from cell ofifo_instance/col_idx[6].fifo_instance/fifo_mux_16_1a/mux_8_1b/ (fifo_mux_8_1_bw20_simd1) #

#   Propagate Constraints from cell ofifo_instance/col_idx[6].fifo_instance/fifo_mux_16_1a/mux_8_1b/fifo_mux_2_1g/ (fifo_mux_2_1_bw20_simd1) #

#   Propagate Constraints from cell ofifo_instance/col_idx[6].fifo_instance/fifo_mux_16_1a/mux_8_1b/fifo_mux_2_1f/ (fifo_mux_2_1_bw20_simd1) #

#   Propagate Constraints from cell ofifo_instance/col_idx[6].fifo_instance/fifo_mux_16_1a/mux_8_1b/fifo_mux_2_1e/ (fifo_mux_2_1_bw20_simd1) #

#   Propagate Constraints from cell ofifo_instance/col_idx[6].fifo_instance/fifo_mux_16_1a/mux_8_1b/fifo_mux_2_1d/ (fifo_mux_2_1_bw20_simd1) #

#   Propagate Constraints from cell ofifo_instance/col_idx[6].fifo_instance/fifo_mux_16_1a/mux_8_1b/fifo_mux_2_1c/ (fifo_mux_2_1_bw20_simd1) #

#   Propagate Constraints from cell ofifo_instance/col_idx[6].fifo_instance/fifo_mux_16_1a/mux_8_1b/fifo_mux_2_1b/ (fifo_mux_2_1_bw20_simd1) #

#   Propagate Constraints from cell ofifo_instance/col_idx[6].fifo_instance/fifo_mux_16_1a/mux_8_1b/fifo_mux_2_1a/ (fifo_mux_2_1_bw20_simd1) #

#   Propagate Constraints from cell ofifo_instance/col_idx[6].fifo_instance/fifo_mux_16_1a/mux_8_1a/ (fifo_mux_8_1_bw20_simd1) #

#   Propagate Constraints from cell ofifo_instance/col_idx[6].fifo_instance/fifo_mux_16_1a/mux_8_1a/fifo_mux_2_1g/ (fifo_mux_2_1_bw20_simd1) #

#   Propagate Constraints from cell ofifo_instance/col_idx[6].fifo_instance/fifo_mux_16_1a/mux_8_1a/fifo_mux_2_1f/ (fifo_mux_2_1_bw20_simd1) #

#   Propagate Constraints from cell ofifo_instance/col_idx[6].fifo_instance/fifo_mux_16_1a/mux_8_1a/fifo_mux_2_1e/ (fifo_mux_2_1_bw20_simd1) #

#   Propagate Constraints from cell ofifo_instance/col_idx[6].fifo_instance/fifo_mux_16_1a/mux_8_1a/fifo_mux_2_1d/ (fifo_mux_2_1_bw20_simd1) #

#   Propagate Constraints from cell ofifo_instance/col_idx[6].fifo_instance/fifo_mux_16_1a/mux_8_1a/fifo_mux_2_1c/ (fifo_mux_2_1_bw20_simd1) #

#   Propagate Constraints from cell ofifo_instance/col_idx[6].fifo_instance/fifo_mux_16_1a/mux_8_1a/fifo_mux_2_1b/ (fifo_mux_2_1_bw20_simd1) #

#   Propagate Constraints from cell ofifo_instance/col_idx[6].fifo_instance/fifo_mux_16_1a/mux_8_1a/fifo_mux_2_1a/ (fifo_mux_2_1_bw20_simd1) #

#   Propagate Constraints from cell ofifo_instance/col_idx[5].fifo_instance/ (fifo_depth16_bw20_simd1) #

#   Propagate Constraints from cell ofifo_instance/col_idx[5].fifo_instance/fifo_mux_16_1a/ (fifo_mux_16_1_bw20_simd1) #

#   Propagate Constraints from cell ofifo_instance/col_idx[5].fifo_instance/fifo_mux_16_1a/mux_2_1a/ (fifo_mux_2_1_bw20_simd1) #

#   Propagate Constraints from cell ofifo_instance/col_idx[5].fifo_instance/fifo_mux_16_1a/mux_8_1b/ (fifo_mux_8_1_bw20_simd1) #

#   Propagate Constraints from cell ofifo_instance/col_idx[5].fifo_instance/fifo_mux_16_1a/mux_8_1b/fifo_mux_2_1g/ (fifo_mux_2_1_bw20_simd1) #

#   Propagate Constraints from cell ofifo_instance/col_idx[5].fifo_instance/fifo_mux_16_1a/mux_8_1b/fifo_mux_2_1f/ (fifo_mux_2_1_bw20_simd1) #

#   Propagate Constraints from cell ofifo_instance/col_idx[5].fifo_instance/fifo_mux_16_1a/mux_8_1b/fifo_mux_2_1e/ (fifo_mux_2_1_bw20_simd1) #

#   Propagate Constraints from cell ofifo_instance/col_idx[5].fifo_instance/fifo_mux_16_1a/mux_8_1b/fifo_mux_2_1d/ (fifo_mux_2_1_bw20_simd1) #

#   Propagate Constraints from cell ofifo_instance/col_idx[5].fifo_instance/fifo_mux_16_1a/mux_8_1b/fifo_mux_2_1c/ (fifo_mux_2_1_bw20_simd1) #

#   Propagate Constraints from cell ofifo_instance/col_idx[5].fifo_instance/fifo_mux_16_1a/mux_8_1b/fifo_mux_2_1b/ (fifo_mux_2_1_bw20_simd1) #

#   Propagate Constraints from cell ofifo_instance/col_idx[5].fifo_instance/fifo_mux_16_1a/mux_8_1b/fifo_mux_2_1a/ (fifo_mux_2_1_bw20_simd1) #

#   Propagate Constraints from cell ofifo_instance/col_idx[5].fifo_instance/fifo_mux_16_1a/mux_8_1a/ (fifo_mux_8_1_bw20_simd1) #

#   Propagate Constraints from cell ofifo_instance/col_idx[5].fifo_instance/fifo_mux_16_1a/mux_8_1a/fifo_mux_2_1g/ (fifo_mux_2_1_bw20_simd1) #

#   Propagate Constraints from cell ofifo_instance/col_idx[5].fifo_instance/fifo_mux_16_1a/mux_8_1a/fifo_mux_2_1f/ (fifo_mux_2_1_bw20_simd1) #

#   Propagate Constraints from cell ofifo_instance/col_idx[5].fifo_instance/fifo_mux_16_1a/mux_8_1a/fifo_mux_2_1e/ (fifo_mux_2_1_bw20_simd1) #

#   Propagate Constraints from cell ofifo_instance/col_idx[5].fifo_instance/fifo_mux_16_1a/mux_8_1a/fifo_mux_2_1d/ (fifo_mux_2_1_bw20_simd1) #

#   Propagate Constraints from cell ofifo_instance/col_idx[5].fifo_instance/fifo_mux_16_1a/mux_8_1a/fifo_mux_2_1c/ (fifo_mux_2_1_bw20_simd1) #

#   Propagate Constraints from cell ofifo_instance/col_idx[5].fifo_instance/fifo_mux_16_1a/mux_8_1a/fifo_mux_2_1b/ (fifo_mux_2_1_bw20_simd1) #

#   Propagate Constraints from cell ofifo_instance/col_idx[5].fifo_instance/fifo_mux_16_1a/mux_8_1a/fifo_mux_2_1a/ (fifo_mux_2_1_bw20_simd1) #

#   Propagate Constraints from cell ofifo_instance/col_idx[4].fifo_instance/ (fifo_depth16_bw20_simd1) #

#   Propagate Constraints from cell ofifo_instance/col_idx[4].fifo_instance/fifo_mux_16_1a/ (fifo_mux_16_1_bw20_simd1) #

#   Propagate Constraints from cell ofifo_instance/col_idx[4].fifo_instance/fifo_mux_16_1a/mux_2_1a/ (fifo_mux_2_1_bw20_simd1) #

#   Propagate Constraints from cell ofifo_instance/col_idx[4].fifo_instance/fifo_mux_16_1a/mux_8_1b/ (fifo_mux_8_1_bw20_simd1) #

#   Propagate Constraints from cell ofifo_instance/col_idx[4].fifo_instance/fifo_mux_16_1a/mux_8_1b/fifo_mux_2_1g/ (fifo_mux_2_1_bw20_simd1) #

#   Propagate Constraints from cell ofifo_instance/col_idx[4].fifo_instance/fifo_mux_16_1a/mux_8_1b/fifo_mux_2_1f/ (fifo_mux_2_1_bw20_simd1) #

#   Propagate Constraints from cell ofifo_instance/col_idx[4].fifo_instance/fifo_mux_16_1a/mux_8_1b/fifo_mux_2_1e/ (fifo_mux_2_1_bw20_simd1) #

#   Propagate Constraints from cell ofifo_instance/col_idx[4].fifo_instance/fifo_mux_16_1a/mux_8_1b/fifo_mux_2_1d/ (fifo_mux_2_1_bw20_simd1) #

#   Propagate Constraints from cell ofifo_instance/col_idx[4].fifo_instance/fifo_mux_16_1a/mux_8_1b/fifo_mux_2_1c/ (fifo_mux_2_1_bw20_simd1) #

#   Propagate Constraints from cell ofifo_instance/col_idx[4].fifo_instance/fifo_mux_16_1a/mux_8_1b/fifo_mux_2_1b/ (fifo_mux_2_1_bw20_simd1) #

#   Propagate Constraints from cell ofifo_instance/col_idx[4].fifo_instance/fifo_mux_16_1a/mux_8_1b/fifo_mux_2_1a/ (fifo_mux_2_1_bw20_simd1) #

#   Propagate Constraints from cell ofifo_instance/col_idx[4].fifo_instance/fifo_mux_16_1a/mux_8_1a/ (fifo_mux_8_1_bw20_simd1) #

#   Propagate Constraints from cell ofifo_instance/col_idx[4].fifo_instance/fifo_mux_16_1a/mux_8_1a/fifo_mux_2_1g/ (fifo_mux_2_1_bw20_simd1) #

#   Propagate Constraints from cell ofifo_instance/col_idx[4].fifo_instance/fifo_mux_16_1a/mux_8_1a/fifo_mux_2_1f/ (fifo_mux_2_1_bw20_simd1) #

#   Propagate Constraints from cell ofifo_instance/col_idx[4].fifo_instance/fifo_mux_16_1a/mux_8_1a/fifo_mux_2_1e/ (fifo_mux_2_1_bw20_simd1) #

#   Propagate Constraints from cell ofifo_instance/col_idx[4].fifo_instance/fifo_mux_16_1a/mux_8_1a/fifo_mux_2_1d/ (fifo_mux_2_1_bw20_simd1) #

#   Propagate Constraints from cell ofifo_instance/col_idx[4].fifo_instance/fifo_mux_16_1a/mux_8_1a/fifo_mux_2_1c/ (fifo_mux_2_1_bw20_simd1) #

#   Propagate Constraints from cell ofifo_instance/col_idx[4].fifo_instance/fifo_mux_16_1a/mux_8_1a/fifo_mux_2_1b/ (fifo_mux_2_1_bw20_simd1) #

#   Propagate Constraints from cell ofifo_instance/col_idx[4].fifo_instance/fifo_mux_16_1a/mux_8_1a/fifo_mux_2_1a/ (fifo_mux_2_1_bw20_simd1) #

#   Propagate Constraints from cell ofifo_instance/col_idx[3].fifo_instance/ (fifo_depth16_bw20_simd1) #

#   Propagate Constraints from cell ofifo_instance/col_idx[3].fifo_instance/fifo_mux_16_1a/ (fifo_mux_16_1_bw20_simd1) #

#   Propagate Constraints from cell ofifo_instance/col_idx[3].fifo_instance/fifo_mux_16_1a/mux_2_1a/ (fifo_mux_2_1_bw20_simd1) #

#   Propagate Constraints from cell ofifo_instance/col_idx[3].fifo_instance/fifo_mux_16_1a/mux_8_1b/ (fifo_mux_8_1_bw20_simd1) #

#   Propagate Constraints from cell ofifo_instance/col_idx[3].fifo_instance/fifo_mux_16_1a/mux_8_1b/fifo_mux_2_1g/ (fifo_mux_2_1_bw20_simd1) #

#   Propagate Constraints from cell ofifo_instance/col_idx[3].fifo_instance/fifo_mux_16_1a/mux_8_1b/fifo_mux_2_1f/ (fifo_mux_2_1_bw20_simd1) #

#   Propagate Constraints from cell ofifo_instance/col_idx[3].fifo_instance/fifo_mux_16_1a/mux_8_1b/fifo_mux_2_1e/ (fifo_mux_2_1_bw20_simd1) #

#   Propagate Constraints from cell ofifo_instance/col_idx[3].fifo_instance/fifo_mux_16_1a/mux_8_1b/fifo_mux_2_1d/ (fifo_mux_2_1_bw20_simd1) #

#   Propagate Constraints from cell ofifo_instance/col_idx[3].fifo_instance/fifo_mux_16_1a/mux_8_1b/fifo_mux_2_1c/ (fifo_mux_2_1_bw20_simd1) #

#   Propagate Constraints from cell ofifo_instance/col_idx[3].fifo_instance/fifo_mux_16_1a/mux_8_1b/fifo_mux_2_1b/ (fifo_mux_2_1_bw20_simd1) #

#   Propagate Constraints from cell ofifo_instance/col_idx[3].fifo_instance/fifo_mux_16_1a/mux_8_1b/fifo_mux_2_1a/ (fifo_mux_2_1_bw20_simd1) #

#   Propagate Constraints from cell ofifo_instance/col_idx[3].fifo_instance/fifo_mux_16_1a/mux_8_1a/ (fifo_mux_8_1_bw20_simd1) #

#   Propagate Constraints from cell ofifo_instance/col_idx[3].fifo_instance/fifo_mux_16_1a/mux_8_1a/fifo_mux_2_1g/ (fifo_mux_2_1_bw20_simd1) #

#   Propagate Constraints from cell ofifo_instance/col_idx[3].fifo_instance/fifo_mux_16_1a/mux_8_1a/fifo_mux_2_1f/ (fifo_mux_2_1_bw20_simd1) #

#   Propagate Constraints from cell ofifo_instance/col_idx[3].fifo_instance/fifo_mux_16_1a/mux_8_1a/fifo_mux_2_1e/ (fifo_mux_2_1_bw20_simd1) #

#   Propagate Constraints from cell ofifo_instance/col_idx[3].fifo_instance/fifo_mux_16_1a/mux_8_1a/fifo_mux_2_1d/ (fifo_mux_2_1_bw20_simd1) #

#   Propagate Constraints from cell ofifo_instance/col_idx[3].fifo_instance/fifo_mux_16_1a/mux_8_1a/fifo_mux_2_1c/ (fifo_mux_2_1_bw20_simd1) #

#   Propagate Constraints from cell ofifo_instance/col_idx[3].fifo_instance/fifo_mux_16_1a/mux_8_1a/fifo_mux_2_1b/ (fifo_mux_2_1_bw20_simd1) #

#   Propagate Constraints from cell ofifo_instance/col_idx[3].fifo_instance/fifo_mux_16_1a/mux_8_1a/fifo_mux_2_1a/ (fifo_mux_2_1_bw20_simd1) #

#   Propagate Constraints from cell ofifo_instance/col_idx[2].fifo_instance/ (fifo_depth16_bw20_simd1) #

#   Propagate Constraints from cell ofifo_instance/col_idx[2].fifo_instance/fifo_mux_16_1a/ (fifo_mux_16_1_bw20_simd1) #

#   Propagate Constraints from cell ofifo_instance/col_idx[2].fifo_instance/fifo_mux_16_1a/mux_2_1a/ (fifo_mux_2_1_bw20_simd1) #

#   Propagate Constraints from cell ofifo_instance/col_idx[2].fifo_instance/fifo_mux_16_1a/mux_8_1b/ (fifo_mux_8_1_bw20_simd1) #

#   Propagate Constraints from cell ofifo_instance/col_idx[2].fifo_instance/fifo_mux_16_1a/mux_8_1b/fifo_mux_2_1g/ (fifo_mux_2_1_bw20_simd1) #

#   Propagate Constraints from cell ofifo_instance/col_idx[2].fifo_instance/fifo_mux_16_1a/mux_8_1b/fifo_mux_2_1f/ (fifo_mux_2_1_bw20_simd1) #

#   Propagate Constraints from cell ofifo_instance/col_idx[2].fifo_instance/fifo_mux_16_1a/mux_8_1b/fifo_mux_2_1e/ (fifo_mux_2_1_bw20_simd1) #

#   Propagate Constraints from cell ofifo_instance/col_idx[2].fifo_instance/fifo_mux_16_1a/mux_8_1b/fifo_mux_2_1d/ (fifo_mux_2_1_bw20_simd1) #

#   Propagate Constraints from cell ofifo_instance/col_idx[2].fifo_instance/fifo_mux_16_1a/mux_8_1b/fifo_mux_2_1c/ (fifo_mux_2_1_bw20_simd1) #

#   Propagate Constraints from cell ofifo_instance/col_idx[2].fifo_instance/fifo_mux_16_1a/mux_8_1b/fifo_mux_2_1b/ (fifo_mux_2_1_bw20_simd1) #

#   Propagate Constraints from cell ofifo_instance/col_idx[2].fifo_instance/fifo_mux_16_1a/mux_8_1b/fifo_mux_2_1a/ (fifo_mux_2_1_bw20_simd1) #

#   Propagate Constraints from cell ofifo_instance/col_idx[2].fifo_instance/fifo_mux_16_1a/mux_8_1a/ (fifo_mux_8_1_bw20_simd1) #

#   Propagate Constraints from cell ofifo_instance/col_idx[2].fifo_instance/fifo_mux_16_1a/mux_8_1a/fifo_mux_2_1g/ (fifo_mux_2_1_bw20_simd1) #

#   Propagate Constraints from cell ofifo_instance/col_idx[2].fifo_instance/fifo_mux_16_1a/mux_8_1a/fifo_mux_2_1f/ (fifo_mux_2_1_bw20_simd1) #

#   Propagate Constraints from cell ofifo_instance/col_idx[2].fifo_instance/fifo_mux_16_1a/mux_8_1a/fifo_mux_2_1e/ (fifo_mux_2_1_bw20_simd1) #

#   Propagate Constraints from cell ofifo_instance/col_idx[2].fifo_instance/fifo_mux_16_1a/mux_8_1a/fifo_mux_2_1d/ (fifo_mux_2_1_bw20_simd1) #

#   Propagate Constraints from cell ofifo_instance/col_idx[2].fifo_instance/fifo_mux_16_1a/mux_8_1a/fifo_mux_2_1c/ (fifo_mux_2_1_bw20_simd1) #

#   Propagate Constraints from cell ofifo_instance/col_idx[2].fifo_instance/fifo_mux_16_1a/mux_8_1a/fifo_mux_2_1b/ (fifo_mux_2_1_bw20_simd1) #

#   Propagate Constraints from cell ofifo_instance/col_idx[2].fifo_instance/fifo_mux_16_1a/mux_8_1a/fifo_mux_2_1a/ (fifo_mux_2_1_bw20_simd1) #

#   Propagate Constraints from cell ofifo_instance/col_idx[1].fifo_instance/ (fifo_depth16_bw20_simd1) #

#   Propagate Constraints from cell ofifo_instance/col_idx[1].fifo_instance/fifo_mux_16_1a/ (fifo_mux_16_1_bw20_simd1) #

#   Propagate Constraints from cell ofifo_instance/col_idx[1].fifo_instance/fifo_mux_16_1a/mux_2_1a/ (fifo_mux_2_1_bw20_simd1) #

#   Propagate Constraints from cell ofifo_instance/col_idx[1].fifo_instance/fifo_mux_16_1a/mux_8_1b/ (fifo_mux_8_1_bw20_simd1) #

#   Propagate Constraints from cell ofifo_instance/col_idx[1].fifo_instance/fifo_mux_16_1a/mux_8_1b/fifo_mux_2_1g/ (fifo_mux_2_1_bw20_simd1) #

#   Propagate Constraints from cell ofifo_instance/col_idx[1].fifo_instance/fifo_mux_16_1a/mux_8_1b/fifo_mux_2_1f/ (fifo_mux_2_1_bw20_simd1) #

#   Propagate Constraints from cell ofifo_instance/col_idx[1].fifo_instance/fifo_mux_16_1a/mux_8_1b/fifo_mux_2_1e/ (fifo_mux_2_1_bw20_simd1) #

#   Propagate Constraints from cell ofifo_instance/col_idx[1].fifo_instance/fifo_mux_16_1a/mux_8_1b/fifo_mux_2_1d/ (fifo_mux_2_1_bw20_simd1) #

#   Propagate Constraints from cell ofifo_instance/col_idx[1].fifo_instance/fifo_mux_16_1a/mux_8_1b/fifo_mux_2_1c/ (fifo_mux_2_1_bw20_simd1) #

#   Propagate Constraints from cell ofifo_instance/col_idx[1].fifo_instance/fifo_mux_16_1a/mux_8_1b/fifo_mux_2_1b/ (fifo_mux_2_1_bw20_simd1) #

#   Propagate Constraints from cell ofifo_instance/col_idx[1].fifo_instance/fifo_mux_16_1a/mux_8_1b/fifo_mux_2_1a/ (fifo_mux_2_1_bw20_simd1) #

#   Propagate Constraints from cell ofifo_instance/col_idx[1].fifo_instance/fifo_mux_16_1a/mux_8_1a/ (fifo_mux_8_1_bw20_simd1) #

#   Propagate Constraints from cell ofifo_instance/col_idx[1].fifo_instance/fifo_mux_16_1a/mux_8_1a/fifo_mux_2_1g/ (fifo_mux_2_1_bw20_simd1) #

#   Propagate Constraints from cell ofifo_instance/col_idx[1].fifo_instance/fifo_mux_16_1a/mux_8_1a/fifo_mux_2_1f/ (fifo_mux_2_1_bw20_simd1) #

#   Propagate Constraints from cell ofifo_instance/col_idx[1].fifo_instance/fifo_mux_16_1a/mux_8_1a/fifo_mux_2_1e/ (fifo_mux_2_1_bw20_simd1) #

#   Propagate Constraints from cell ofifo_instance/col_idx[1].fifo_instance/fifo_mux_16_1a/mux_8_1a/fifo_mux_2_1d/ (fifo_mux_2_1_bw20_simd1) #

#   Propagate Constraints from cell ofifo_instance/col_idx[1].fifo_instance/fifo_mux_16_1a/mux_8_1a/fifo_mux_2_1c/ (fifo_mux_2_1_bw20_simd1) #

#   Propagate Constraints from cell ofifo_instance/col_idx[1].fifo_instance/fifo_mux_16_1a/mux_8_1a/fifo_mux_2_1b/ (fifo_mux_2_1_bw20_simd1) #

#   Propagate Constraints from cell ofifo_instance/col_idx[1].fifo_instance/fifo_mux_16_1a/mux_8_1a/fifo_mux_2_1a/ (fifo_mux_2_1_bw20_simd1) #

#   Propagate Constraints from cell ofifo_instance/col_idx[0].fifo_instance/ (fifo_depth16_bw20_simd1) #

#   Propagate Constraints from cell ofifo_instance/col_idx[0].fifo_instance/fifo_mux_16_1a/ (fifo_mux_16_1_bw20_simd1) #

#   Propagate Constraints from cell ofifo_instance/col_idx[0].fifo_instance/fifo_mux_16_1a/mux_2_1a/ (fifo_mux_2_1_bw20_simd1) #

#   Propagate Constraints from cell ofifo_instance/col_idx[0].fifo_instance/fifo_mux_16_1a/mux_8_1b/ (fifo_mux_8_1_bw20_simd1) #

#   Propagate Constraints from cell ofifo_instance/col_idx[0].fifo_instance/fifo_mux_16_1a/mux_8_1b/fifo_mux_2_1g/ (fifo_mux_2_1_bw20_simd1) #

#   Propagate Constraints from cell ofifo_instance/col_idx[0].fifo_instance/fifo_mux_16_1a/mux_8_1b/fifo_mux_2_1f/ (fifo_mux_2_1_bw20_simd1) #

#   Propagate Constraints from cell ofifo_instance/col_idx[0].fifo_instance/fifo_mux_16_1a/mux_8_1b/fifo_mux_2_1e/ (fifo_mux_2_1_bw20_simd1) #

#   Propagate Constraints from cell ofifo_instance/col_idx[0].fifo_instance/fifo_mux_16_1a/mux_8_1b/fifo_mux_2_1d/ (fifo_mux_2_1_bw20_simd1) #

#   Propagate Constraints from cell ofifo_instance/col_idx[0].fifo_instance/fifo_mux_16_1a/mux_8_1b/fifo_mux_2_1c/ (fifo_mux_2_1_bw20_simd1) #

#   Propagate Constraints from cell ofifo_instance/col_idx[0].fifo_instance/fifo_mux_16_1a/mux_8_1b/fifo_mux_2_1b/ (fifo_mux_2_1_bw20_simd1) #

#   Propagate Constraints from cell ofifo_instance/col_idx[0].fifo_instance/fifo_mux_16_1a/mux_8_1b/fifo_mux_2_1a/ (fifo_mux_2_1_bw20_simd1) #

#   Propagate Constraints from cell ofifo_instance/col_idx[0].fifo_instance/fifo_mux_16_1a/mux_8_1a/ (fifo_mux_8_1_bw20_simd1) #

#   Propagate Constraints from cell ofifo_instance/col_idx[0].fifo_instance/fifo_mux_16_1a/mux_8_1a/fifo_mux_2_1g/ (fifo_mux_2_1_bw20_simd1) #

#   Propagate Constraints from cell ofifo_instance/col_idx[0].fifo_instance/fifo_mux_16_1a/mux_8_1a/fifo_mux_2_1f/ (fifo_mux_2_1_bw20_simd1) #

#   Propagate Constraints from cell ofifo_instance/col_idx[0].fifo_instance/fifo_mux_16_1a/mux_8_1a/fifo_mux_2_1e/ (fifo_mux_2_1_bw20_simd1) #

#   Propagate Constraints from cell ofifo_instance/col_idx[0].fifo_instance/fifo_mux_16_1a/mux_8_1a/fifo_mux_2_1d/ (fifo_mux_2_1_bw20_simd1) #

#   Propagate Constraints from cell ofifo_instance/col_idx[0].fifo_instance/fifo_mux_16_1a/mux_8_1a/fifo_mux_2_1c/ (fifo_mux_2_1_bw20_simd1) #

#   Propagate Constraints from cell ofifo_instance/col_idx[0].fifo_instance/fifo_mux_16_1a/mux_8_1a/fifo_mux_2_1b/ (fifo_mux_2_1_bw20_simd1) #

#   Propagate Constraints from cell ofifo_instance/col_idx[0].fifo_instance/fifo_mux_16_1a/mux_8_1a/fifo_mux_2_1a/ (fifo_mux_2_1_bw20_simd1) #

#   Propagate Constraints from cell mac_array_instance/ (mac_array_col8_bw8_bw_psum20_pr8) #

#   Propagate Constraints from cell mac_array_instance/col_idx[8].mac_col_inst/ (mac_col_bw8_bw_psum20_pr8_col_id8) #

#   Propagate Constraints from cell mac_array_instance/col_idx[8].mac_col_inst/mac_16in_instance/ (mac_16in_bw8_bw_psum20_pr8) #

#   Propagate Constraints from cell mac_array_instance/col_idx[7].mac_col_inst/ (mac_col_bw8_bw_psum20_pr8_col_id7) #

#   Propagate Constraints from cell mac_array_instance/col_idx[7].mac_col_inst/mac_16in_instance/ (mac_16in_bw8_bw_psum20_pr8) #

#   Propagate Constraints from cell mac_array_instance/col_idx[6].mac_col_inst/ (mac_col_bw8_bw_psum20_pr8_col_id6) #

#   Propagate Constraints from cell mac_array_instance/col_idx[6].mac_col_inst/mac_16in_instance/ (mac_16in_bw8_bw_psum20_pr8) #

#   Propagate Constraints from cell mac_array_instance/col_idx[5].mac_col_inst/ (mac_col_bw8_bw_psum20_pr8_col_id5) #

#   Propagate Constraints from cell mac_array_instance/col_idx[5].mac_col_inst/mac_16in_instance/ (mac_16in_bw8_bw_psum20_pr8) #

#   Propagate Constraints from cell mac_array_instance/col_idx[4].mac_col_inst/ (mac_col_bw8_bw_psum20_pr8_col_id4) #

#   Propagate Constraints from cell mac_array_instance/col_idx[4].mac_col_inst/mac_16in_instance/ (mac_16in_bw8_bw_psum20_pr8) #

#   Propagate Constraints from cell mac_array_instance/col_idx[3].mac_col_inst/ (mac_col_bw8_bw_psum20_pr8_col_id3) #

#   Propagate Constraints from cell mac_array_instance/col_idx[3].mac_col_inst/mac_16in_instance/ (mac_16in_bw8_bw_psum20_pr8) #

#   Propagate Constraints from cell mac_array_instance/col_idx[2].mac_col_inst/ (mac_col_bw8_bw_psum20_pr8_col_id2) #

#   Propagate Constraints from cell mac_array_instance/col_idx[2].mac_col_inst/mac_16in_instance/ (mac_16in_bw8_bw_psum20_pr8) #

#   Propagate Constraints from cell mac_array_instance/col_idx[1].mac_col_inst/ (mac_col_bw8_bw_psum20_pr8_col_id1) #

#   Propagate Constraints from cell mac_array_instance/col_idx[1].mac_col_inst/mac_16in_instance/ (mac_16in_bw8_bw_psum20_pr8) #
Current design is 'core'.
Warning: Design rule attributes from the driving cell will be
        set on the port. (UID-401)
Warning: Design rule attributes from the driving cell will be
        set on the port. (UID-401)
Warning: Design rule attributes from the driving cell will be
        set on the port. (UID-401)
Warning: Design rule attributes from the driving cell will be
        set on the port. (UID-401)
Warning: Design rule attributes from the driving cell will be
        set on the port. (UID-401)
Warning: Design rule attributes from the driving cell will be
        set on the port. (UID-401)
Warning: Design rule attributes from the driving cell will be
        set on the port. (UID-401)
Warning: Design rule attributes from the driving cell will be
        set on the port. (UID-401)
Warning: Design rule attributes from the driving cell will be
        set on the port. (UID-401)
Warning: Design rule attributes from the driving cell will be
        set on the port. (UID-401)
Warning: Design rule attributes from the driving cell will be
        set on the port. (UID-401)
Warning: Design rule attributes from the driving cell will be
        set on the port. (UID-401)
Warning: Design rule attributes from the driving cell will be
        set on the port. (UID-401)
Warning: Design rule attributes from the driving cell will be
        set on the port. (UID-401)
Warning: Design rule attributes from the driving cell will be
        set on the port. (UID-401)
Warning: Design rule attributes from the driving cell will be
        set on the port. (UID-401)
Warning: Design rule attributes from the driving cell will be
        set on the port. (UID-401)
Warning: Design rule attributes from the driving cell will be
        set on the port. (UID-401)
Warning: Design rule attributes from the driving cell will be
        set on the port. (UID-401)
Warning: Design rule attributes from the driving cell will be
        set on the port. (UID-401)
Warning: Design rule attributes from the driving cell will be
        set on the port. (UID-401)
Warning: Design rule attributes from the driving cell will be
        set on the port. (UID-401)
Warning: Design rule attributes from the driving cell will be
        set on the port. (UID-401)
Warning: Design rule attributes from the driving cell will be
        set on the port. (UID-401)
Warning: Design rule attributes from the driving cell will be
        set on the port. (UID-401)
Warning: Design rule attributes from the driving cell will be
        set on the port. (UID-401)
Warning: Design rule attributes from the driving cell will be
        set on the port. (UID-401)
Warning: Design rule attributes from the driving cell will be
        set on the port. (UID-401)
Warning: Design rule attributes from the driving cell will be
        set on the port. (UID-401)
Warning: Design rule attributes from the driving cell will be
        set on the port. (UID-401)
Warning: Design rule attributes from the driving cell will be
        set on the port. (UID-401)
Warning: Design rule attributes from the driving cell will be
        set on the port. (UID-401)
Warning: Design rule attributes from the driving cell will be
        set on the port. (UID-401)
Warning: Design rule attributes from the driving cell will be
        set on the port. (UID-401)
Warning: Design rule attributes from the driving cell will be
        set on the port. (UID-401)
Warning: Design rule attributes from the driving cell will be
        set on the port. (UID-401)
Warning: Design rule attributes from the driving cell will be
        set on the port. (UID-401)
Warning: Design rule attributes from the driving cell will be
        set on the port. (UID-401)
Warning: Design rule attributes from the driving cell will be
        set on the port. (UID-401)
Warning: Design rule attributes from the driving cell will be
        set on the port. (UID-401)
Warning: Design rule attributes from the driving cell will be
        set on the port. (UID-401)
Warning: Design rule attributes from the driving cell will be
        set on the port. (UID-401)
Warning: Design rule attributes from the driving cell will be
        set on the port. (UID-401)
Warning: Design rule attributes from the driving cell will be
        set on the port. (UID-401)
Warning: Design rule attributes from the driving cell will be
        set on the port. (UID-401)
Warning: Design rule attributes from the driving cell will be
        set on the port. (UID-401)
Warning: Design rule attributes from the driving cell will be
        set on the port. (UID-401)
Warning: Design rule attributes from the driving cell will be
        set on the port. (UID-401)
Warning: Design rule attributes from the driving cell will be
        set on the port. (UID-401)
Warning: Design rule attributes from the driving cell will be
        set on the port. (UID-401)
Warning: Design rule attributes from the driving cell will be
        set on the port. (UID-401)
Warning: Design rule attributes from the driving cell will be
        set on the port. (UID-401)
Warning: Design rule attributes from the driving cell will be
        set on the port. (UID-401)
Warning: Design rule attributes from the driving cell will be
        set on the port. (UID-401)
Warning: Design rule attributes from the driving cell will be
        set on the port. (UID-401)
Warning: Design rule attributes from the driving cell will be
        set on the port. (UID-401)
Warning: Design rule attributes from the driving cell will be
        set on the port. (UID-401)
Warning: Design rule attributes from the driving cell will be
        set on the port. (UID-401)
Warning: Design rule attributes from the driving cell will be
        set on the port. (UID-401)
Warning: Design rule attributes from the driving cell will be
        set on the port. (UID-401)
Warning: Design rule attributes from the driving cell will be
        set on the port. (UID-401)
Warning: Design rule attributes from the driving cell will be
        set on the port. (UID-401)
Warning: Design rule attributes from the driving cell will be
        set on the port. (UID-401)
Warning: Design rule attributes from the driving cell will be
        set on the port. (UID-401)
Warning: Design rule attributes from the driving cell will be
        set on the port. (UID-401)
Warning: Design rule attributes from the driving cell will be
        set on the port. (UID-401)
Warning: Design rule attributes from the driving cell will be
        set on the port. (UID-401)
Warning: Design rule attributes from the driving cell will be
        set on the port. (UID-401)
Warning: Design rule attributes from the driving cell will be
        set on the port. (UID-401)
Warning: Design rule attributes from the driving cell will be
        set on the port. (UID-401)
Warning: Design rule attributes from the driving cell will be
        set on the port. (UID-401)
Warning: Design rule attributes from the driving cell will be
        set on the port. (UID-401)
Warning: Design rule attributes from the driving cell will be
        set on the port. (UID-401)
Warning: Design rule attributes from the driving cell will be
        set on the port. (UID-401)
Warning: Design rule attributes from the driving cell will be
        set on the port. (UID-401)
Warning: Design rule attributes from the driving cell will be
        set on the port. (UID-401)
Warning: Design rule attributes from the driving cell will be
        set on the port. (UID-401)
Warning: Design rule attributes from the driving cell will be
        set on the port. (UID-401)
Warning: Design rule attributes from the driving cell will be
        set on the port. (UID-401)
Warning: Design rule attributes from the driving cell will be
        set on the port. (UID-401)
Warning: Design rule attributes from the driving cell will be
        set on the port. (UID-401)
Warning: Design rule attributes from the driving cell will be
        set on the port. (UID-401)
Warning: Design rule attributes from the driving cell will be
        set on the port. (UID-401)
Warning: Design rule attributes from the driving cell will be
        set on the port. (UID-401)
Warning: Design rule attributes from the driving cell will be
        set on the port. (UID-401)
Warning: Design rule attributes from the driving cell will be
        set on the port. (UID-401)
Warning: Design rule attributes from the driving cell will be
        set on the port. (UID-401)
Warning: Design rule attributes from the driving cell will be
        set on the port. (UID-401)
Warning: Design rule attributes from the driving cell will be
        set on the port. (UID-401)
Warning: Design rule attributes from the driving cell will be
        set on the port. (UID-401)
Warning: Design rule attributes from the driving cell will be
        set on the port. (UID-401)
Warning: Design rule attributes from the driving cell will be
        set on the port. (UID-401)
Warning: Design rule attributes from the driving cell will be
        set on the port. (UID-401)
Warning: Design rule attributes from the driving cell will be
        set on the port. (UID-401)
Warning: Design rule attributes from the driving cell will be
        set on the port. (UID-401)
Warning: Design rule attributes from the driving cell will be
        set on the port. (UID-401)
Warning: Design rule attributes from the driving cell will be
        set on the port. (UID-401)
Warning: Design rule attributes from the driving cell will be
        set on the port. (UID-401)
Warning: Design rule attributes from the driving cell will be
        set on the port. (UID-401)
Warning: Design rule attributes from the driving cell will be
        set on the port. (UID-401)
Warning: Design rule attributes from the driving cell will be
        set on the port. (UID-401)
Warning: Design rule attributes from the driving cell will be
        set on the port. (UID-401)
Warning: Design rule attributes from the driving cell will be
        set on the port. (UID-401)
Warning: Design rule attributes from the driving cell will be
        set on the port. (UID-401)
Warning: Design rule attributes from the driving cell will be
        set on the port. (UID-401)
Warning: Design rule attributes from the driving cell will be
        set on the port. (UID-401)
Warning: Design rule attributes from the driving cell will be
        set on the port. (UID-401)
Warning: Design rule attributes from the driving cell will be
        set on the port. (UID-401)
Warning: Design rule attributes from the driving cell will be
        set on the port. (UID-401)
Warning: Design rule attributes from the driving cell will be
        set on the port. (UID-401)
Warning: Can't find object '/home/linux/ieng6/ee260bwi25/public/PDKdata/db/tcbn65gpluswc.db/BUFFD8/A' in design 'core'. (UID-95)
Error: value '' for option 'value' not of type 'float' (CMD-009)
Current design is 'core'.
Current design is 'mac_array_col8_bw8_bw_psum20_pr8'.
Current design is 'ofifo_col8_bw20'.
Current design is 'sram_w16_sram_bit64'.
Current design is 'sram_w8_sram_bit160'.
Current design is 'sfp_row_col8_bw8_bw_psum20'.
Current design is 'mac_col_bw8_bw_psum20_pr8_col_id1'.
Current design is 'mac_col_bw8_bw_psum20_pr8_col_id2'.
Current design is 'mac_col_bw8_bw_psum20_pr8_col_id3'.
Current design is 'mac_col_bw8_bw_psum20_pr8_col_id4'.
Current design is 'mac_col_bw8_bw_psum20_pr8_col_id5'.
Current design is 'mac_col_bw8_bw_psum20_pr8_col_id6'.
Current design is 'mac_col_bw8_bw_psum20_pr8_col_id7'.
Current design is 'mac_col_bw8_bw_psum20_pr8_col_id8'.
Current design is 'fifo_depth16_bw20_simd1'.
Current design is 'fifo_depth16_bw24'.
Current design is 'mac_16in_bw8_bw_psum20_pr8'.
Current design is 'fifo_mux_16_1_bw20_simd1'.
Current design is 'fifo_mux_16_1_bw24_simd1'.
Current design is 'fifo_mux_8_1_bw20_simd1'.
Current design is 'fifo_mux_2_1_bw20_simd1'.
Current design is 'fifo_mux_8_1_bw24_simd1'.
Current design is 'fifo_mux_2_1_bw24_simd1'.
Current design is 'core'.
Warning: The -timing_high_effort_script option is ignored.  (OPT-1342)
Information: Performing power optimization. (PWR-850)
Analyzing: "/home/linux/ieng6/ee260bwi25/public/PDKdata/db/tcbn65gpluswc.db"
Library analysis succeeded.
Loading db file '/software/nonrdist64/dc-2015.06-64/libraries/syn/dw_foundation.sldb'
Warning: DesignWare synthetic library dw_foundation.sldb is added to the synthetic_library in the current command. (UISN-40)
Information: Evaluating DesignWare library utilization. (UISN-27)

============================================================================
| DesignWare Building Block Library  |         Version         | Available |
============================================================================
| Basic DW Building Blocks           | K-2015.06-DWBB_201506.2 |     *     |
| Licensed DW Building Blocks        | K-2015.06-DWBB_201506.2 |     *     |
============================================================================


Information: There are 119 potential problems in your design. Please run 'check_design' for more information. (LINT-99)

Information: Uniquified 2 instances of design 'sram_w16_sram_bit64'. (OPT-1056)
Information: Uniquified 8 instances of design 'fifo_depth16_bw20_simd1'. (OPT-1056)
Information: Uniquified 8 instances of design 'mac_16in_bw8_bw_psum20_pr8'. (OPT-1056)
Information: Uniquified 8 instances of design 'fifo_mux_16_1_bw20_simd1'. (OPT-1056)
Information: Uniquified 16 instances of design 'fifo_mux_8_1_bw20_simd1'. (OPT-1056)
Information: Uniquified 120 instances of design 'fifo_mux_2_1_bw20_simd1'. (OPT-1056)
Information: Uniquified 2 instances of design 'fifo_mux_8_1_bw24_simd1'. (OPT-1056)
Information: Uniquified 15 instances of design 'fifo_mux_2_1_bw24_simd1'. (OPT-1056)
  Simplifying Design 'core'

Loaded alib file './alib-52/tcbn65gpluswc.db.alib'
Information: State dependent leakage is now switched from on to off.

  Beginning Pass 1 Mapping
  ------------------------
  Processing 'sram_w8_sram_bit160'
  Processing 'sram_w16_sram_bit64_0'
  Processing 'mac_col_bw8_bw_psum20_pr8_col_id7'
Information: Added key list 'DesignWare' to design 'mac_col_bw8_bw_psum20_pr8_col_id7'. (DDB-72)
  Processing 'mac_col_bw8_bw_psum20_pr8_col_id4'
Information: Added key list 'DesignWare' to design 'mac_col_bw8_bw_psum20_pr8_col_id4'. (DDB-72)
  Processing 'mac_array_col8_bw8_bw_psum20_pr8'
  Processing 'fifo_depth16_bw20_simd1_0'
Information: Added key list 'DesignWare' to design 'fifo_depth16_bw20_simd1_0'. (DDB-72)
 Implement Synthetic for 'fifo_depth16_bw20_simd1_0'.
  Processing 'fifo_depth16_bw20_simd1_7'
Information: Added key list 'DesignWare' to design 'fifo_depth16_bw20_simd1_7'. (DDB-72)
 Implement Synthetic for 'fifo_depth16_bw20_simd1_7'.
  Processing 'core'
  Processing 'mac_col_bw8_bw_psum20_pr8_col_id8'
Information: Added key list 'DesignWare' to design 'mac_col_bw8_bw_psum20_pr8_col_id8'. (DDB-72)
  Processing 'mac_16in_bw8_bw_psum20_pr8_0'
 Implement Synthetic for 'mac_16in_bw8_bw_psum20_pr8_0'.
  Processing 'mac_col_bw8_bw_psum20_pr8_col_id1'
Information: Added key list 'DesignWare' to design 'mac_col_bw8_bw_psum20_pr8_col_id1'. (DDB-72)
  Processing 'fifo_mux_16_1_bw20_simd1_0'
  Processing 'fifo_mux_2_1_bw24_simd1_14'
  Processing 'mac_col_bw8_bw_psum20_pr8_col_id5'
Information: Added key list 'DesignWare' to design 'mac_col_bw8_bw_psum20_pr8_col_id5'. (DDB-72)
  Processing 'mac_col_bw8_bw_psum20_pr8_col_id2'
Information: Added key list 'DesignWare' to design 'mac_col_bw8_bw_psum20_pr8_col_id2'. (DDB-72)
  Processing 'fifo_mux_8_1_bw24_simd1_0'
  Processing 'fifo_mux_8_1_bw20_simd1_0'
  Processing 'fifo_depth16_bw24'
Information: Added key list 'DesignWare' to design 'fifo_depth16_bw24'. (DDB-72)
 Implement Synthetic for 'fifo_depth16_bw24'.
  Processing 'fifo_mux_2_1_bw20_simd1_112'
  Processing 'mac_col_bw8_bw_psum20_pr8_col_id6'
Information: Added key list 'DesignWare' to design 'mac_col_bw8_bw_psum20_pr8_col_id6'. (DDB-72)
  Processing 'mac_col_bw8_bw_psum20_pr8_col_id3'
Information: Added key list 'DesignWare' to design 'mac_col_bw8_bw_psum20_pr8_col_id3'. (DDB-72)
  Processing 'fifo_mux_16_1_bw24_simd1'
  Processing 'ofifo_col8_bw20'
  Processing 'sfp_row_col8_bw8_bw_psum20'
 Implement Synthetic for 'sfp_row_col8_bw8_bw_psum20'.
  Processing 'sfp_row_col8_bw8_bw_psum20_DW_div_uns_J11_0'
  Processing 'sfp_row_col8_bw8_bw_psum20_DW_div_uns_J11_1'
  Processing 'sfp_row_col8_bw8_bw_psum20_DW_div_uns_J11_2'
  Processing 'sfp_row_col8_bw8_bw_psum20_DW_div_uns_J11_3'
  Processing 'sfp_row_col8_bw8_bw_psum20_DW_div_uns_J11_4'
  Processing 'sfp_row_col8_bw8_bw_psum20_DW_div_uns_J11_5'
  Processing 'sfp_row_col8_bw8_bw_psum20_DW_div_uns_J11_6'
  Processing 'sfp_row_col8_bw8_bw_psum20_DW_div_uns_J11_7'
  Processing 'fifo_mux_16_1_bw20_simd1_7'

  Updating timing information
Information: Updating design information... (UID-85)
Information: The library cell 'TIEL' in the library 'tcbn65gpluswc' is not characterized for internal power. (PWR-536)
Information: The library cell 'TIEH' in the library 'tcbn65gpluswc' is not characterized for internal power. (PWR-536)
Information: The target library(s) contains cell(s), other than black boxes, that are not characterized for internal power. (PWR-24)

  Beginning Mapping Optimizations  (Ultra High effort)
  -------------------------------
  Structuring 'sfp_row_col8_bw8_bw_psum20_DW_div_uns_0'
  Mapping 'sfp_row_col8_bw8_bw_psum20_DW_div_uns_0'
  Mapping 'DW01_add'
  Mapping 'DW01_add'
  Mapping 'DW01_add'
  Mapping 'DW01_add'
  Mapping 'sfp_row_col8_bw8_bw_psum20_DW01_add_0'
  Mapping 'sfp_row_col8_bw8_bw_psum20_DW01_add_1'
  Mapping 'sfp_row_col8_bw8_bw_psum20_DW01_add_2'
  Mapping 'sfp_row_col8_bw8_bw_psum20_DW01_add_3'
  Mapping 'sfp_row_col8_bw8_bw_psum20_DW01_add_4'
  Mapping 'sfp_row_col8_bw8_bw_psum20_DW01_add_5'
  Mapping 'sfp_row_col8_bw8_bw_psum20_DW01_add_6'
  Mapping 'sfp_row_col8_bw8_bw_psum20_DW01_add_7'
  Mapping 'sfp_row_col8_bw8_bw_psum20_DW01_add_8'
  Mapping 'sfp_row_col8_bw8_bw_psum20_DW01_add_9'
  Mapping 'sfp_row_col8_bw8_bw_psum20_DW01_add_10'
  Mapping 'sfp_row_col8_bw8_bw_psum20_DW01_add_11'
  Mapping 'sfp_row_col8_bw8_bw_psum20_DW01_add_12'
  Mapping 'sfp_row_col8_bw8_bw_psum20_DW01_add_13'
  Mapping 'sfp_row_col8_bw8_bw_psum20_DW01_add_14'
  Structuring 'sfp_row_col8_bw8_bw_psum20_DW_div_uns_1'
  Mapping 'sfp_row_col8_bw8_bw_psum20_DW_div_uns_1'
  Mapping 'sfp_row_col8_bw8_bw_psum20_DW01_add_15'
  Mapping 'DW01_add'
  Mapping 'DW01_add'
  Mapping 'DW01_add'
  Mapping 'DW01_add'
  Mapping 'DW01_add'
  Mapping 'DW01_add'
  Mapping 'sfp_row_col8_bw8_bw_psum20_DW01_add_16'
  Mapping 'sfp_row_col8_bw8_bw_psum20_DW01_add_17'
  Mapping 'sfp_row_col8_bw8_bw_psum20_DW01_add_18'
  Mapping 'sfp_row_col8_bw8_bw_psum20_DW01_add_19'
  Mapping 'sfp_row_col8_bw8_bw_psum20_DW01_add_20'
  Mapping 'sfp_row_col8_bw8_bw_psum20_DW01_add_21'
  Mapping 'sfp_row_col8_bw8_bw_psum20_DW01_add_22'
  Mapping 'sfp_row_col8_bw8_bw_psum20_DW01_add_23'
  Mapping 'sfp_row_col8_bw8_bw_psum20_DW01_add_24'
  Mapping 'sfp_row_col8_bw8_bw_psum20_DW01_add_25'
  Mapping 'sfp_row_col8_bw8_bw_psum20_DW01_add_26'
  Mapping 'sfp_row_col8_bw8_bw_psum20_DW01_add_27'
  Mapping 'sfp_row_col8_bw8_bw_psum20_DW01_add_28'
  Mapping 'sfp_row_col8_bw8_bw_psum20_DW01_add_29'
  Mapping 'sfp_row_col8_bw8_bw_psum20_DW01_add_30'
  Mapping 'sfp_row_col8_bw8_bw_psum20_DW01_add_31'
  Mapping 'sfp_row_col8_bw8_bw_psum20_DW01_add_32'
  Mapping 'sfp_row_col8_bw8_bw_psum20_DW01_add_33'
  Mapping 'sfp_row_col8_bw8_bw_psum20_DW01_add_34'
  Mapping 'sfp_row_col8_bw8_bw_psum20_DW01_add_35'
  Mapping 'sfp_row_col8_bw8_bw_psum20_DW01_add_36'
  Structuring 'sfp_row_col8_bw8_bw_psum20_DW_div_uns_2'
  Mapping 'sfp_row_col8_bw8_bw_psum20_DW_div_uns_2'
  Mapping 'sfp_row_col8_bw8_bw_psum20_DW01_add_37'
  Mapping 'sfp_row_col8_bw8_bw_psum20_DW01_add_38'
  Mapping 'sfp_row_col8_bw8_bw_psum20_DW01_add_39'
  Mapping 'sfp_row_col8_bw8_bw_psum20_DW01_sub_0'
  Mapping 'sfp_row_col8_bw8_bw_psum20_DW01_add_40'
  Mapping 'sfp_row_col8_bw8_bw_psum20_DW01_add_41'
  Mapping 'sfp_row_col8_bw8_bw_psum20_DW01_add_42'
  Mapping 'sfp_row_col8_bw8_bw_psum20_DW01_add_47'
  Mapping 'sfp_row_col8_bw8_bw_psum20_DW01_add_48'
  Mapping 'sfp_row_col8_bw8_bw_psum20_DW01_add_49'
  Mapping 'sfp_row_col8_bw8_bw_psum20_DW01_add_50'
  Mapping 'sfp_row_col8_bw8_bw_psum20_DW01_add_51'
  Mapping 'sfp_row_col8_bw8_bw_psum20_DW01_add_52'
  Mapping 'sfp_row_col8_bw8_bw_psum20_DW01_add_53'
  Mapping 'sfp_row_col8_bw8_bw_psum20_DW01_add_54'
  Mapping 'sfp_row_col8_bw8_bw_psum20_DW01_add_55'
  Mapping 'sfp_row_col8_bw8_bw_psum20_DW01_add_56'
  Mapping 'sfp_row_col8_bw8_bw_psum20_DW01_add_57'
  Mapping 'sfp_row_col8_bw8_bw_psum20_DW01_add_58'
  Mapping 'sfp_row_col8_bw8_bw_psum20_DW01_add_59'
  Mapping 'sfp_row_col8_bw8_bw_psum20_DW01_add_60'
  Mapping 'sfp_row_col8_bw8_bw_psum20_DW01_add_61'
  Mapping 'sfp_row_col8_bw8_bw_psum20_DW01_add_62'
  Mapping 'sfp_row_col8_bw8_bw_psum20_DW01_add_63'
  Mapping 'sfp_row_col8_bw8_bw_psum20_DW01_add_64'
  Mapping 'sfp_row_col8_bw8_bw_psum20_DW01_add_65'
  Mapping 'sfp_row_col8_bw8_bw_psum20_DW01_add_66'
  Mapping 'sfp_row_col8_bw8_bw_psum20_DW01_add_67'
  Mapping 'sfp_row_col8_bw8_bw_psum20_DW01_add_68'
  Mapping 'sfp_row_col8_bw8_bw_psum20_DW01_add_69'
  Mapping 'sfp_row_col8_bw8_bw_psum20_DW01_add_70'
  Mapping 'sfp_row_col8_bw8_bw_psum20_DW01_add_71'
  Mapping 'sfp_row_col8_bw8_bw_psum20_DW01_add_72'
  Mapping 'sfp_row_col8_bw8_bw_psum20_DW01_add_73'
  Mapping 'sfp_row_col8_bw8_bw_psum20_DW01_add_74'
  Mapping 'sfp_row_col8_bw8_bw_psum20_DW01_add_75'
  Mapping 'sfp_row_col8_bw8_bw_psum20_DW01_add_76'
  Mapping 'sfp_row_col8_bw8_bw_psum20_DW01_add_77'
  Mapping 'sfp_row_col8_bw8_bw_psum20_DW01_add_78'
  Mapping 'sfp_row_col8_bw8_bw_psum20_DW01_add_79'
  Mapping 'sfp_row_col8_bw8_bw_psum20_DW01_add_80'
  Mapping 'sfp_row_col8_bw8_bw_psum20_DW01_add_81'
  Mapping 'sfp_row_col8_bw8_bw_psum20_DW01_add_82'
  Mapping 'sfp_row_col8_bw8_bw_psum20_DW01_add_83'
  Mapping 'sfp_row_col8_bw8_bw_psum20_DW01_add_84'
  Mapping 'sfp_row_col8_bw8_bw_psum20_DW01_add_85'
  Mapping 'sfp_row_col8_bw8_bw_psum20_DW01_add_86'
  Mapping 'sfp_row_col8_bw8_bw_psum20_DW01_add_87'
  Mapping 'sfp_row_col8_bw8_bw_psum20_DW01_add_88'
  Structuring 'sfp_row_col8_bw8_bw_psum20_DW_div_uns_3'
  Mapping 'sfp_row_col8_bw8_bw_psum20_DW_div_uns_3'
  Mapping 'sfp_row_col8_bw8_bw_psum20_DW01_add_89'
  Mapping 'DW01_add'
  Mapping 'DW01_add'
  Mapping 'DW01_add'
  Mapping 'DW01_add'
  Mapping 'DW01_add'
  Mapping 'DW01_add'
  Mapping 'sfp_row_col8_bw8_bw_psum20_DW01_add_90'
  Mapping 'sfp_row_col8_bw8_bw_psum20_DW01_add_91'
  Mapping 'sfp_row_col8_bw8_bw_psum20_DW01_add_92'
  Mapping 'sfp_row_col8_bw8_bw_psum20_DW01_add_93'
  Mapping 'sfp_row_col8_bw8_bw_psum20_DW01_add_94'
  Mapping 'sfp_row_col8_bw8_bw_psum20_DW01_add_95'
  Mapping 'sfp_row_col8_bw8_bw_psum20_DW01_add_96'
  Mapping 'sfp_row_col8_bw8_bw_psum20_DW01_add_97'
  Mapping 'sfp_row_col8_bw8_bw_psum20_DW01_add_98'
  Mapping 'sfp_row_col8_bw8_bw_psum20_DW01_add_99'
  Mapping 'sfp_row_col8_bw8_bw_psum20_DW01_add_100'
  Mapping 'sfp_row_col8_bw8_bw_psum20_DW01_add_101'
  Mapping 'sfp_row_col8_bw8_bw_psum20_DW01_add_102'
  Mapping 'sfp_row_col8_bw8_bw_psum20_DW01_add_103'
  Mapping 'sfp_row_col8_bw8_bw_psum20_DW01_add_104'
  Mapping 'sfp_row_col8_bw8_bw_psum20_DW01_add_105'
  Mapping 'sfp_row_col8_bw8_bw_psum20_DW01_add_106'
  Mapping 'sfp_row_col8_bw8_bw_psum20_DW01_add_107'
  Mapping 'sfp_row_col8_bw8_bw_psum20_DW01_add_108'
  Mapping 'sfp_row_col8_bw8_bw_psum20_DW01_add_109'
  Mapping 'sfp_row_col8_bw8_bw_psum20_DW01_add_110'
  Mapping 'sfp_row_col8_bw8_bw_psum20_DW_div_uns_3'
Information: Added key list 'DesignWare' to design 'sfp_row_col8_bw8_bw_psum20'. (DDB-72)
  Structuring 'sfp_row_col8_bw8_bw_psum20_DW_div_uns_4'
  Mapping 'sfp_row_col8_bw8_bw_psum20_DW_div_uns_4'
  Mapping 'DW01_add'
  Mapping 'DW01_add'
  Mapping 'DW01_add'
  Mapping 'DW01_add'
  Mapping 'sfp_row_col8_bw8_bw_psum20_DW01_add_111'
  Mapping 'sfp_row_col8_bw8_bw_psum20_DW01_add_112'
  Mapping 'sfp_row_col8_bw8_bw_psum20_DW01_add_113'
  Mapping 'sfp_row_col8_bw8_bw_psum20_DW01_add_114'
  Mapping 'sfp_row_col8_bw8_bw_psum20_DW01_add_115'
  Mapping 'sfp_row_col8_bw8_bw_psum20_DW01_add_116'
  Mapping 'sfp_row_col8_bw8_bw_psum20_DW01_add_117'
  Mapping 'sfp_row_col8_bw8_bw_psum20_DW01_add_118'
  Mapping 'sfp_row_col8_bw8_bw_psum20_DW01_add_119'
  Mapping 'sfp_row_col8_bw8_bw_psum20_DW01_add_120'
  Mapping 'sfp_row_col8_bw8_bw_psum20_DW01_add_121'
  Mapping 'sfp_row_col8_bw8_bw_psum20_DW01_add_122'
  Mapping 'sfp_row_col8_bw8_bw_psum20_DW01_add_123'
  Mapping 'sfp_row_col8_bw8_bw_psum20_DW01_add_124'
  Mapping 'sfp_row_col8_bw8_bw_psum20_DW01_add_125'
  Structuring 'sfp_row_col8_bw8_bw_psum20_DW_div_uns_5'
  Mapping 'sfp_row_col8_bw8_bw_psum20_DW_div_uns_5'
  Mapping 'sfp_row_col8_bw8_bw_psum20_DW01_add_126'
  Mapping 'DW01_add'
  Mapping 'DW01_add'
  Mapping 'DW01_add'
  Mapping 'DW01_add'
  Mapping 'DW01_add'
  Mapping 'DW01_add'
  Mapping 'sfp_row_col8_bw8_bw_psum20_DW01_add_127'
  Mapping 'sfp_row_col8_bw8_bw_psum20_DW01_add_128'
  Mapping 'sfp_row_col8_bw8_bw_psum20_DW01_add_129'
  Mapping 'sfp_row_col8_bw8_bw_psum20_DW01_add_130'
  Mapping 'sfp_row_col8_bw8_bw_psum20_DW01_add_131'
  Mapping 'sfp_row_col8_bw8_bw_psum20_DW01_add_132'
  Mapping 'sfp_row_col8_bw8_bw_psum20_DW01_add_133'
  Mapping 'sfp_row_col8_bw8_bw_psum20_DW01_add_134'
  Mapping 'sfp_row_col8_bw8_bw_psum20_DW01_add_135'
  Mapping 'sfp_row_col8_bw8_bw_psum20_DW01_add_136'
  Mapping 'sfp_row_col8_bw8_bw_psum20_DW01_add_137'
  Mapping 'sfp_row_col8_bw8_bw_psum20_DW01_add_138'
  Mapping 'sfp_row_col8_bw8_bw_psum20_DW01_add_139'
  Mapping 'sfp_row_col8_bw8_bw_psum20_DW01_add_140'
  Mapping 'sfp_row_col8_bw8_bw_psum20_DW01_add_141'
  Mapping 'sfp_row_col8_bw8_bw_psum20_DW01_add_142'
  Mapping 'sfp_row_col8_bw8_bw_psum20_DW01_add_143'
  Mapping 'sfp_row_col8_bw8_bw_psum20_DW01_add_144'
  Mapping 'sfp_row_col8_bw8_bw_psum20_DW01_add_145'
  Mapping 'sfp_row_col8_bw8_bw_psum20_DW01_add_146'
  Mapping 'sfp_row_col8_bw8_bw_psum20_DW01_add_147'
  Structuring 'sfp_row_col8_bw8_bw_psum20_DW_div_uns_6'
  Mapping 'sfp_row_col8_bw8_bw_psum20_DW_div_uns_6'
  Mapping 'sfp_row_col8_bw8_bw_psum20_DW01_add_148'
  Mapping 'sfp_row_col8_bw8_bw_psum20_DW01_add_149'
  Mapping 'sfp_row_col8_bw8_bw_psum20_DW01_add_150'
  Mapping 'sfp_row_col8_bw8_bw_psum20_DW01_sub_1'
  Mapping 'sfp_row_col8_bw8_bw_psum20_DW01_add_151'
  Mapping 'sfp_row_col8_bw8_bw_psum20_DW01_add_152'
  Mapping 'sfp_row_col8_bw8_bw_psum20_DW01_add_153'
  Mapping 'sfp_row_col8_bw8_bw_psum20_DW01_add_158'
  Mapping 'sfp_row_col8_bw8_bw_psum20_DW01_add_159'
  Mapping 'sfp_row_col8_bw8_bw_psum20_DW01_add_160'
  Mapping 'sfp_row_col8_bw8_bw_psum20_DW01_add_161'
  Mapping 'sfp_row_col8_bw8_bw_psum20_DW01_add_162'
  Mapping 'sfp_row_col8_bw8_bw_psum20_DW01_add_163'
  Mapping 'sfp_row_col8_bw8_bw_psum20_DW01_add_164'
  Mapping 'sfp_row_col8_bw8_bw_psum20_DW01_add_165'
  Mapping 'sfp_row_col8_bw8_bw_psum20_DW01_add_166'
  Mapping 'sfp_row_col8_bw8_bw_psum20_DW01_add_167'
  Mapping 'sfp_row_col8_bw8_bw_psum20_DW01_add_168'
  Mapping 'sfp_row_col8_bw8_bw_psum20_DW01_add_169'
  Mapping 'sfp_row_col8_bw8_bw_psum20_DW01_add_170'
  Mapping 'sfp_row_col8_bw8_bw_psum20_DW01_add_171'
  Mapping 'sfp_row_col8_bw8_bw_psum20_DW01_add_172'
  Mapping 'sfp_row_col8_bw8_bw_psum20_DW01_add_173'
  Mapping 'sfp_row_col8_bw8_bw_psum20_DW01_add_174'
  Mapping 'sfp_row_col8_bw8_bw_psum20_DW01_add_175'
  Mapping 'sfp_row_col8_bw8_bw_psum20_DW01_add_176'
  Mapping 'sfp_row_col8_bw8_bw_psum20_DW01_add_177'
  Mapping 'sfp_row_col8_bw8_bw_psum20_DW01_add_178'
  Mapping 'sfp_row_col8_bw8_bw_psum20_DW01_add_179'
  Mapping 'sfp_row_col8_bw8_bw_psum20_DW01_add_180'
  Mapping 'sfp_row_col8_bw8_bw_psum20_DW01_add_181'
  Mapping 'sfp_row_col8_bw8_bw_psum20_DW01_add_182'
  Mapping 'sfp_row_col8_bw8_bw_psum20_DW01_add_183'
  Mapping 'sfp_row_col8_bw8_bw_psum20_DW01_add_184'
  Mapping 'sfp_row_col8_bw8_bw_psum20_DW01_add_185'
  Mapping 'sfp_row_col8_bw8_bw_psum20_DW01_add_186'
  Mapping 'sfp_row_col8_bw8_bw_psum20_DW01_add_187'
  Mapping 'sfp_row_col8_bw8_bw_psum20_DW01_add_188'
  Mapping 'sfp_row_col8_bw8_bw_psum20_DW01_add_189'
  Mapping 'sfp_row_col8_bw8_bw_psum20_DW01_add_190'
  Mapping 'sfp_row_col8_bw8_bw_psum20_DW01_add_191'
  Mapping 'sfp_row_col8_bw8_bw_psum20_DW01_add_192'
  Mapping 'sfp_row_col8_bw8_bw_psum20_DW01_add_193'
  Mapping 'sfp_row_col8_bw8_bw_psum20_DW01_add_194'
  Mapping 'sfp_row_col8_bw8_bw_psum20_DW01_add_195'
  Mapping 'sfp_row_col8_bw8_bw_psum20_DW01_add_196'
  Mapping 'sfp_row_col8_bw8_bw_psum20_DW01_add_197'
  Mapping 'sfp_row_col8_bw8_bw_psum20_DW01_add_198'
  Mapping 'sfp_row_col8_bw8_bw_psum20_DW01_add_199'
  Structuring 'sfp_row_col8_bw8_bw_psum20_DW_div_uns_7'
  Mapping 'sfp_row_col8_bw8_bw_psum20_DW_div_uns_7'
  Mapping 'sfp_row_col8_bw8_bw_psum20_DW01_add_200'
  Mapping 'sfp_row_col8_bw8_bw_psum20_DW01_add_201'
  Mapping 'sfp_row_col8_bw8_bw_psum20_DW01_add_202'
  Mapping 'sfp_row_col8_bw8_bw_psum20_DW01_sub_2'
  Mapping 'sfp_row_col8_bw8_bw_psum20_DW01_add_203'
  Mapping 'sfp_row_col8_bw8_bw_psum20_DW01_add_204'
  Mapping 'sfp_row_col8_bw8_bw_psum20_DW01_add_205'
  Mapping 'sfp_row_col8_bw8_bw_psum20_DW01_add_210'
  Mapping 'sfp_row_col8_bw8_bw_psum20_DW01_add_211'
  Mapping 'sfp_row_col8_bw8_bw_psum20_DW01_add_212'
  Mapping 'sfp_row_col8_bw8_bw_psum20_DW01_add_213'
  Mapping 'sfp_row_col8_bw8_bw_psum20_DW01_add_214'
  Mapping 'sfp_row_col8_bw8_bw_psum20_DW01_add_215'
  Mapping 'sfp_row_col8_bw8_bw_psum20_DW01_add_216'
  Mapping 'sfp_row_col8_bw8_bw_psum20_DW01_add_217'
  Mapping 'sfp_row_col8_bw8_bw_psum20_DW01_add_218'
  Mapping 'sfp_row_col8_bw8_bw_psum20_DW01_add_219'
  Mapping 'sfp_row_col8_bw8_bw_psum20_DW01_add_220'
  Mapping 'sfp_row_col8_bw8_bw_psum20_DW01_add_221'
  Mapping 'sfp_row_col8_bw8_bw_psum20_DW01_add_222'
  Mapping 'sfp_row_col8_bw8_bw_psum20_DW01_add_223'
  Mapping 'sfp_row_col8_bw8_bw_psum20_DW01_add_224'
  Mapping 'sfp_row_col8_bw8_bw_psum20_DW01_add_225'
  Mapping 'sfp_row_col8_bw8_bw_psum20_DW01_add_226'
  Mapping 'sfp_row_col8_bw8_bw_psum20_DW01_add_227'
  Mapping 'sfp_row_col8_bw8_bw_psum20_DW01_add_228'
  Mapping 'sfp_row_col8_bw8_bw_psum20_DW01_add_229'
  Mapping 'sfp_row_col8_bw8_bw_psum20_DW01_add_230'
  Mapping 'sfp_row_col8_bw8_bw_psum20_DW01_add_231'
  Mapping 'sfp_row_col8_bw8_bw_psum20_DW01_add_232'
  Mapping 'sfp_row_col8_bw8_bw_psum20_DW01_add_233'
  Mapping 'sfp_row_col8_bw8_bw_psum20_DW01_add_234'
  Mapping 'sfp_row_col8_bw8_bw_psum20_DW01_add_235'
  Mapping 'sfp_row_col8_bw8_bw_psum20_DW01_add_236'
  Mapping 'sfp_row_col8_bw8_bw_psum20_DW01_add_237'
  Mapping 'sfp_row_col8_bw8_bw_psum20_DW01_add_238'
  Mapping 'sfp_row_col8_bw8_bw_psum20_DW01_add_239'
  Mapping 'sfp_row_col8_bw8_bw_psum20_DW01_add_240'
  Mapping 'sfp_row_col8_bw8_bw_psum20_DW01_add_241'
  Mapping 'sfp_row_col8_bw8_bw_psum20_DW01_add_242'
  Mapping 'sfp_row_col8_bw8_bw_psum20_DW01_add_243'
  Mapping 'sfp_row_col8_bw8_bw_psum20_DW01_add_244'
  Mapping 'sfp_row_col8_bw8_bw_psum20_DW01_add_245'
  Mapping 'sfp_row_col8_bw8_bw_psum20_DW01_add_246'
  Mapping 'sfp_row_col8_bw8_bw_psum20_DW01_add_247'
  Mapping 'sfp_row_col8_bw8_bw_psum20_DW01_add_248'
  Mapping 'sfp_row_col8_bw8_bw_psum20_DW01_add_249'
  Mapping 'sfp_row_col8_bw8_bw_psum20_DW01_add_250'
  Mapping 'sfp_row_col8_bw8_bw_psum20_DW01_add_251'
  Mapping 'sfp_row_col8_bw8_bw_psum20_DW_div_uns_7'
  Structuring 'sfp_row_col8_bw8_bw_psum20_DW_div_uns_8'
  Mapping 'sfp_row_col8_bw8_bw_psum20_DW_div_uns_8'
  Mapping 'DW01_add'
  Mapping 'DW01_add'
  Mapping 'DW01_add'
  Mapping 'DW01_add'
  Mapping 'sfp_row_col8_bw8_bw_psum20_DW01_add_252'
  Mapping 'sfp_row_col8_bw8_bw_psum20_DW01_add_253'
  Mapping 'sfp_row_col8_bw8_bw_psum20_DW01_add_254'
  Mapping 'sfp_row_col8_bw8_bw_psum20_DW01_add_255'
  Mapping 'sfp_row_col8_bw8_bw_psum20_DW01_add_256'
  Mapping 'sfp_row_col8_bw8_bw_psum20_DW01_add_257'
  Mapping 'sfp_row_col8_bw8_bw_psum20_DW01_add_258'
  Mapping 'sfp_row_col8_bw8_bw_psum20_DW01_add_259'
  Mapping 'sfp_row_col8_bw8_bw_psum20_DW01_add_260'
  Mapping 'sfp_row_col8_bw8_bw_psum20_DW01_add_261'
  Mapping 'sfp_row_col8_bw8_bw_psum20_DW01_add_262'
  Mapping 'sfp_row_col8_bw8_bw_psum20_DW01_add_263'
  Mapping 'sfp_row_col8_bw8_bw_psum20_DW01_add_264'
  Mapping 'sfp_row_col8_bw8_bw_psum20_DW01_add_265'
  Mapping 'sfp_row_col8_bw8_bw_psum20_DW01_add_266'
  Structuring 'sfp_row_col8_bw8_bw_psum20_DW_div_uns_9'
  Mapping 'sfp_row_col8_bw8_bw_psum20_DW_div_uns_9'
  Mapping 'sfp_row_col8_bw8_bw_psum20_DW01_add_267'
  Mapping 'DW01_add'
  Mapping 'DW01_add'
  Mapping 'DW01_add'
  Mapping 'DW01_add'
  Mapping 'DW01_add'
  Mapping 'DW01_add'
  Mapping 'sfp_row_col8_bw8_bw_psum20_DW01_add_268'
  Mapping 'sfp_row_col8_bw8_bw_psum20_DW01_add_269'
  Mapping 'sfp_row_col8_bw8_bw_psum20_DW01_add_270'
  Mapping 'sfp_row_col8_bw8_bw_psum20_DW01_add_271'
  Mapping 'sfp_row_col8_bw8_bw_psum20_DW01_add_272'
  Mapping 'sfp_row_col8_bw8_bw_psum20_DW01_add_273'
  Mapping 'sfp_row_col8_bw8_bw_psum20_DW01_add_274'
  Mapping 'sfp_row_col8_bw8_bw_psum20_DW01_add_275'
  Mapping 'sfp_row_col8_bw8_bw_psum20_DW01_add_276'
  Mapping 'sfp_row_col8_bw8_bw_psum20_DW01_add_277'
  Mapping 'sfp_row_col8_bw8_bw_psum20_DW01_add_278'
  Mapping 'sfp_row_col8_bw8_bw_psum20_DW01_add_279'
  Mapping 'sfp_row_col8_bw8_bw_psum20_DW01_add_280'
  Mapping 'sfp_row_col8_bw8_bw_psum20_DW01_add_281'
  Mapping 'sfp_row_col8_bw8_bw_psum20_DW01_add_282'
  Mapping 'sfp_row_col8_bw8_bw_psum20_DW01_add_283'
  Mapping 'sfp_row_col8_bw8_bw_psum20_DW01_add_284'
  Mapping 'sfp_row_col8_bw8_bw_psum20_DW01_add_285'
  Mapping 'sfp_row_col8_bw8_bw_psum20_DW01_add_286'
  Mapping 'sfp_row_col8_bw8_bw_psum20_DW01_add_287'
  Mapping 'sfp_row_col8_bw8_bw_psum20_DW01_add_288'
  Structuring 'sfp_row_col8_bw8_bw_psum20_DW_div_uns_10'
  Mapping 'sfp_row_col8_bw8_bw_psum20_DW_div_uns_10'
  Mapping 'sfp_row_col8_bw8_bw_psum20_DW01_add_289'
  Mapping 'sfp_row_col8_bw8_bw_psum20_DW01_add_290'
  Mapping 'sfp_row_col8_bw8_bw_psum20_DW01_add_291'
  Mapping 'sfp_row_col8_bw8_bw_psum20_DW01_sub_3'
  Mapping 'sfp_row_col8_bw8_bw_psum20_DW01_add_292'
  Mapping 'sfp_row_col8_bw8_bw_psum20_DW01_add_293'
  Mapping 'sfp_row_col8_bw8_bw_psum20_DW01_add_294'
  Mapping 'sfp_row_col8_bw8_bw_psum20_DW01_add_299'
  Mapping 'sfp_row_col8_bw8_bw_psum20_DW01_add_300'
  Mapping 'sfp_row_col8_bw8_bw_psum20_DW01_add_301'
  Mapping 'sfp_row_col8_bw8_bw_psum20_DW01_add_302'
  Mapping 'sfp_row_col8_bw8_bw_psum20_DW01_add_303'
  Mapping 'sfp_row_col8_bw8_bw_psum20_DW01_add_304'
  Mapping 'sfp_row_col8_bw8_bw_psum20_DW01_add_305'
  Mapping 'sfp_row_col8_bw8_bw_psum20_DW01_add_306'
  Mapping 'sfp_row_col8_bw8_bw_psum20_DW01_add_307'
  Mapping 'sfp_row_col8_bw8_bw_psum20_DW01_add_308'
  Mapping 'sfp_row_col8_bw8_bw_psum20_DW01_add_309'
  Mapping 'sfp_row_col8_bw8_bw_psum20_DW01_add_310'
  Mapping 'sfp_row_col8_bw8_bw_psum20_DW01_add_311'
  Mapping 'sfp_row_col8_bw8_bw_psum20_DW01_add_312'
  Mapping 'sfp_row_col8_bw8_bw_psum20_DW01_add_313'
  Mapping 'sfp_row_col8_bw8_bw_psum20_DW01_add_314'
  Mapping 'sfp_row_col8_bw8_bw_psum20_DW01_add_315'
  Mapping 'sfp_row_col8_bw8_bw_psum20_DW01_add_316'
  Mapping 'sfp_row_col8_bw8_bw_psum20_DW01_add_317'
  Mapping 'sfp_row_col8_bw8_bw_psum20_DW01_add_318'
  Mapping 'sfp_row_col8_bw8_bw_psum20_DW01_add_319'
  Mapping 'sfp_row_col8_bw8_bw_psum20_DW01_add_320'
  Mapping 'sfp_row_col8_bw8_bw_psum20_DW01_add_321'
  Mapping 'sfp_row_col8_bw8_bw_psum20_DW01_add_322'
  Mapping 'sfp_row_col8_bw8_bw_psum20_DW01_add_323'
  Mapping 'sfp_row_col8_bw8_bw_psum20_DW01_add_324'
  Mapping 'sfp_row_col8_bw8_bw_psum20_DW01_add_325'
  Mapping 'sfp_row_col8_bw8_bw_psum20_DW01_add_326'
  Mapping 'sfp_row_col8_bw8_bw_psum20_DW01_add_327'
  Mapping 'sfp_row_col8_bw8_bw_psum20_DW01_add_328'
  Mapping 'sfp_row_col8_bw8_bw_psum20_DW01_add_329'
  Mapping 'sfp_row_col8_bw8_bw_psum20_DW01_add_330'
  Mapping 'sfp_row_col8_bw8_bw_psum20_DW01_add_331'
  Mapping 'sfp_row_col8_bw8_bw_psum20_DW01_add_332'
  Mapping 'sfp_row_col8_bw8_bw_psum20_DW01_add_333'
  Mapping 'sfp_row_col8_bw8_bw_psum20_DW01_add_334'
  Mapping 'sfp_row_col8_bw8_bw_psum20_DW01_add_335'
  Mapping 'sfp_row_col8_bw8_bw_psum20_DW01_add_336'
  Mapping 'sfp_row_col8_bw8_bw_psum20_DW01_add_337'
  Mapping 'sfp_row_col8_bw8_bw_psum20_DW01_add_338'
  Mapping 'sfp_row_col8_bw8_bw_psum20_DW01_add_339'
  Mapping 'sfp_row_col8_bw8_bw_psum20_DW01_add_340'
  Structuring 'sfp_row_col8_bw8_bw_psum20_DW_div_uns_11'
  Mapping 'sfp_row_col8_bw8_bw_psum20_DW_div_uns_11'
  Mapping 'sfp_row_col8_bw8_bw_psum20_DW01_add_341'
  Mapping 'DW01_add'
  Mapping 'DW01_add'
  Mapping 'DW01_add'
  Mapping 'DW01_add'
  Mapping 'DW01_add'
  Mapping 'DW01_add'
  Mapping 'sfp_row_col8_bw8_bw_psum20_DW01_add_342'
  Mapping 'sfp_row_col8_bw8_bw_psum20_DW01_add_343'
  Mapping 'sfp_row_col8_bw8_bw_psum20_DW01_add_344'
  Mapping 'sfp_row_col8_bw8_bw_psum20_DW01_add_345'
  Mapping 'sfp_row_col8_bw8_bw_psum20_DW01_add_346'
  Mapping 'sfp_row_col8_bw8_bw_psum20_DW01_add_347'
  Mapping 'sfp_row_col8_bw8_bw_psum20_DW01_add_348'
  Mapping 'sfp_row_col8_bw8_bw_psum20_DW01_add_349'
  Mapping 'sfp_row_col8_bw8_bw_psum20_DW01_add_350'
  Mapping 'sfp_row_col8_bw8_bw_psum20_DW01_add_351'
  Mapping 'sfp_row_col8_bw8_bw_psum20_DW01_add_352'
  Mapping 'sfp_row_col8_bw8_bw_psum20_DW01_add_353'
  Mapping 'sfp_row_col8_bw8_bw_psum20_DW01_add_354'
  Mapping 'sfp_row_col8_bw8_bw_psum20_DW01_add_355'
  Mapping 'sfp_row_col8_bw8_bw_psum20_DW01_add_356'
  Mapping 'sfp_row_col8_bw8_bw_psum20_DW01_add_357'
  Mapping 'sfp_row_col8_bw8_bw_psum20_DW01_add_358'
  Mapping 'sfp_row_col8_bw8_bw_psum20_DW01_add_359'
  Mapping 'sfp_row_col8_bw8_bw_psum20_DW01_add_360'
  Mapping 'sfp_row_col8_bw8_bw_psum20_DW01_add_361'
  Mapping 'sfp_row_col8_bw8_bw_psum20_DW01_add_362'
  Mapping 'sfp_row_col8_bw8_bw_psum20_DW_div_uns_11'
  Structuring 'sfp_row_col8_bw8_bw_psum20_DW_div_uns_12'
  Mapping 'sfp_row_col8_bw8_bw_psum20_DW_div_uns_12'
  Mapping 'DW01_add'
  Mapping 'DW01_add'
  Mapping 'DW01_add'
  Mapping 'DW01_add'
  Mapping 'sfp_row_col8_bw8_bw_psum20_DW01_add_363'
  Mapping 'sfp_row_col8_bw8_bw_psum20_DW01_add_364'
  Mapping 'sfp_row_col8_bw8_bw_psum20_DW01_add_365'
  Mapping 'sfp_row_col8_bw8_bw_psum20_DW01_add_366'
  Mapping 'sfp_row_col8_bw8_bw_psum20_DW01_add_367'
  Mapping 'sfp_row_col8_bw8_bw_psum20_DW01_add_368'
  Mapping 'sfp_row_col8_bw8_bw_psum20_DW01_add_369'
  Mapping 'sfp_row_col8_bw8_bw_psum20_DW01_add_370'
  Mapping 'sfp_row_col8_bw8_bw_psum20_DW01_add_371'
  Mapping 'sfp_row_col8_bw8_bw_psum20_DW01_add_372'
  Mapping 'sfp_row_col8_bw8_bw_psum20_DW01_add_373'
  Mapping 'sfp_row_col8_bw8_bw_psum20_DW01_add_374'
  Mapping 'sfp_row_col8_bw8_bw_psum20_DW01_add_375'
  Mapping 'sfp_row_col8_bw8_bw_psum20_DW01_add_376'
  Mapping 'sfp_row_col8_bw8_bw_psum20_DW01_add_377'
  Structuring 'sfp_row_col8_bw8_bw_psum20_DW_div_uns_13'
  Mapping 'sfp_row_col8_bw8_bw_psum20_DW_div_uns_13'
  Mapping 'sfp_row_col8_bw8_bw_psum20_DW01_add_378'
  Mapping 'DW01_add'
  Mapping 'DW01_add'
  Mapping 'DW01_add'
  Mapping 'DW01_add'
  Mapping 'DW01_add'
  Mapping 'DW01_add'
  Mapping 'sfp_row_col8_bw8_bw_psum20_DW01_add_379'
  Mapping 'sfp_row_col8_bw8_bw_psum20_DW01_add_380'
  Mapping 'sfp_row_col8_bw8_bw_psum20_DW01_add_381'
  Mapping 'sfp_row_col8_bw8_bw_psum20_DW01_add_382'
  Mapping 'sfp_row_col8_bw8_bw_psum20_DW01_add_383'
  Mapping 'sfp_row_col8_bw8_bw_psum20_DW01_add_384'
  Mapping 'sfp_row_col8_bw8_bw_psum20_DW01_add_385'
  Mapping 'sfp_row_col8_bw8_bw_psum20_DW01_add_386'
  Mapping 'sfp_row_col8_bw8_bw_psum20_DW01_add_387'
  Mapping 'sfp_row_col8_bw8_bw_psum20_DW01_add_388'
  Mapping 'sfp_row_col8_bw8_bw_psum20_DW01_add_389'
  Mapping 'sfp_row_col8_bw8_bw_psum20_DW01_add_390'
  Mapping 'sfp_row_col8_bw8_bw_psum20_DW01_add_391'
  Mapping 'sfp_row_col8_bw8_bw_psum20_DW01_add_392'
  Mapping 'sfp_row_col8_bw8_bw_psum20_DW01_add_393'
  Mapping 'sfp_row_col8_bw8_bw_psum20_DW01_add_394'
  Mapping 'sfp_row_col8_bw8_bw_psum20_DW01_add_395'
  Mapping 'sfp_row_col8_bw8_bw_psum20_DW01_add_396'
  Mapping 'sfp_row_col8_bw8_bw_psum20_DW01_add_397'
  Mapping 'sfp_row_col8_bw8_bw_psum20_DW01_add_398'
  Mapping 'sfp_row_col8_bw8_bw_psum20_DW01_add_399'
  Structuring 'sfp_row_col8_bw8_bw_psum20_DW_div_uns_14'
  Mapping 'sfp_row_col8_bw8_bw_psum20_DW_div_uns_14'
  Mapping 'sfp_row_col8_bw8_bw_psum20_DW01_add_400'
  Mapping 'sfp_row_col8_bw8_bw_psum20_DW01_add_401'
  Mapping 'sfp_row_col8_bw8_bw_psum20_DW01_add_402'
  Mapping 'sfp_row_col8_bw8_bw_psum20_DW01_sub_4'
  Mapping 'sfp_row_col8_bw8_bw_psum20_DW01_add_403'
  Mapping 'sfp_row_col8_bw8_bw_psum20_DW01_add_404'
  Mapping 'sfp_row_col8_bw8_bw_psum20_DW01_add_405'
  Mapping 'sfp_row_col8_bw8_bw_psum20_DW01_add_410'
  Mapping 'sfp_row_col8_bw8_bw_psum20_DW01_add_411'
  Mapping 'sfp_row_col8_bw8_bw_psum20_DW01_add_412'
  Mapping 'sfp_row_col8_bw8_bw_psum20_DW01_add_413'
  Mapping 'sfp_row_col8_bw8_bw_psum20_DW01_add_414'
  Mapping 'sfp_row_col8_bw8_bw_psum20_DW01_add_415'
  Mapping 'sfp_row_col8_bw8_bw_psum20_DW01_add_416'
  Mapping 'sfp_row_col8_bw8_bw_psum20_DW01_add_417'
  Mapping 'sfp_row_col8_bw8_bw_psum20_DW01_add_418'
  Mapping 'sfp_row_col8_bw8_bw_psum20_DW01_add_419'
  Mapping 'sfp_row_col8_bw8_bw_psum20_DW01_add_420'
  Mapping 'sfp_row_col8_bw8_bw_psum20_DW01_add_421'
  Mapping 'sfp_row_col8_bw8_bw_psum20_DW01_add_422'
  Mapping 'sfp_row_col8_bw8_bw_psum20_DW01_add_423'
  Mapping 'sfp_row_col8_bw8_bw_psum20_DW01_add_424'
  Mapping 'sfp_row_col8_bw8_bw_psum20_DW01_add_425'
  Mapping 'sfp_row_col8_bw8_bw_psum20_DW01_add_426'
  Mapping 'sfp_row_col8_bw8_bw_psum20_DW01_add_427'
  Mapping 'sfp_row_col8_bw8_bw_psum20_DW01_add_428'
  Mapping 'sfp_row_col8_bw8_bw_psum20_DW01_add_429'
  Mapping 'sfp_row_col8_bw8_bw_psum20_DW01_add_430'
  Mapping 'sfp_row_col8_bw8_bw_psum20_DW01_add_431'
  Mapping 'sfp_row_col8_bw8_bw_psum20_DW01_add_432'
  Mapping 'sfp_row_col8_bw8_bw_psum20_DW01_add_433'
  Mapping 'sfp_row_col8_bw8_bw_psum20_DW01_add_434'
  Mapping 'sfp_row_col8_bw8_bw_psum20_DW01_add_435'
  Mapping 'sfp_row_col8_bw8_bw_psum20_DW01_add_436'
  Mapping 'sfp_row_col8_bw8_bw_psum20_DW01_add_437'
  Mapping 'sfp_row_col8_bw8_bw_psum20_DW01_add_438'
  Mapping 'sfp_row_col8_bw8_bw_psum20_DW01_add_439'
  Mapping 'sfp_row_col8_bw8_bw_psum20_DW01_add_440'
  Mapping 'sfp_row_col8_bw8_bw_psum20_DW01_add_441'
  Mapping 'sfp_row_col8_bw8_bw_psum20_DW01_add_442'
  Mapping 'sfp_row_col8_bw8_bw_psum20_DW01_add_443'
  Mapping 'sfp_row_col8_bw8_bw_psum20_DW01_add_444'
  Mapping 'sfp_row_col8_bw8_bw_psum20_DW01_add_445'
  Mapping 'sfp_row_col8_bw8_bw_psum20_DW01_add_446'
  Mapping 'sfp_row_col8_bw8_bw_psum20_DW01_add_447'
  Mapping 'sfp_row_col8_bw8_bw_psum20_DW01_add_448'
  Mapping 'sfp_row_col8_bw8_bw_psum20_DW01_add_449'
  Mapping 'sfp_row_col8_bw8_bw_psum20_DW01_add_450'
  Mapping 'sfp_row_col8_bw8_bw_psum20_DW01_add_451'
  Structuring 'sfp_row_col8_bw8_bw_psum20_DW_div_uns_15'
  Mapping 'sfp_row_col8_bw8_bw_psum20_DW_div_uns_15'
  Mapping 'sfp_row_col8_bw8_bw_psum20_DW01_add_452'
  Mapping 'sfp_row_col8_bw8_bw_psum20_DW01_add_453'
  Mapping 'sfp_row_col8_bw8_bw_psum20_DW01_add_454'
  Mapping 'sfp_row_col8_bw8_bw_psum20_DW01_sub_5'
  Mapping 'sfp_row_col8_bw8_bw_psum20_DW01_add_455'
  Mapping 'sfp_row_col8_bw8_bw_psum20_DW01_add_456'
  Mapping 'sfp_row_col8_bw8_bw_psum20_DW01_add_457'
  Mapping 'sfp_row_col8_bw8_bw_psum20_DW01_add_462'
  Mapping 'sfp_row_col8_bw8_bw_psum20_DW01_add_463'
  Mapping 'sfp_row_col8_bw8_bw_psum20_DW01_add_464'
  Mapping 'sfp_row_col8_bw8_bw_psum20_DW01_add_465'
  Mapping 'sfp_row_col8_bw8_bw_psum20_DW01_add_466'
  Mapping 'sfp_row_col8_bw8_bw_psum20_DW01_add_467'
  Mapping 'sfp_row_col8_bw8_bw_psum20_DW01_add_468'
  Mapping 'sfp_row_col8_bw8_bw_psum20_DW01_add_469'
  Mapping 'sfp_row_col8_bw8_bw_psum20_DW01_add_470'
  Mapping 'sfp_row_col8_bw8_bw_psum20_DW01_add_471'
  Mapping 'sfp_row_col8_bw8_bw_psum20_DW01_add_472'
  Mapping 'sfp_row_col8_bw8_bw_psum20_DW01_add_473'
  Mapping 'sfp_row_col8_bw8_bw_psum20_DW01_add_474'
  Mapping 'sfp_row_col8_bw8_bw_psum20_DW01_add_475'
  Mapping 'sfp_row_col8_bw8_bw_psum20_DW01_add_476'
  Mapping 'sfp_row_col8_bw8_bw_psum20_DW01_add_477'
  Mapping 'sfp_row_col8_bw8_bw_psum20_DW01_add_478'
  Mapping 'sfp_row_col8_bw8_bw_psum20_DW01_add_479'
  Mapping 'sfp_row_col8_bw8_bw_psum20_DW01_add_480'
  Mapping 'sfp_row_col8_bw8_bw_psum20_DW01_add_481'
  Mapping 'sfp_row_col8_bw8_bw_psum20_DW01_add_482'
  Mapping 'sfp_row_col8_bw8_bw_psum20_DW01_add_483'
  Mapping 'sfp_row_col8_bw8_bw_psum20_DW01_add_484'
  Mapping 'sfp_row_col8_bw8_bw_psum20_DW01_add_485'
  Mapping 'sfp_row_col8_bw8_bw_psum20_DW01_add_486'
  Mapping 'sfp_row_col8_bw8_bw_psum20_DW01_add_487'
  Mapping 'sfp_row_col8_bw8_bw_psum20_DW01_add_488'
  Mapping 'sfp_row_col8_bw8_bw_psum20_DW01_add_489'
  Mapping 'sfp_row_col8_bw8_bw_psum20_DW01_add_490'
  Mapping 'sfp_row_col8_bw8_bw_psum20_DW01_add_491'
  Mapping 'sfp_row_col8_bw8_bw_psum20_DW01_add_492'
  Mapping 'sfp_row_col8_bw8_bw_psum20_DW01_add_493'
  Mapping 'sfp_row_col8_bw8_bw_psum20_DW01_add_494'
  Mapping 'sfp_row_col8_bw8_bw_psum20_DW01_add_495'
  Mapping 'sfp_row_col8_bw8_bw_psum20_DW01_add_496'
  Mapping 'sfp_row_col8_bw8_bw_psum20_DW01_add_497'
  Mapping 'sfp_row_col8_bw8_bw_psum20_DW01_add_498'
  Mapping 'sfp_row_col8_bw8_bw_psum20_DW01_add_499'
  Mapping 'sfp_row_col8_bw8_bw_psum20_DW01_add_500'
  Mapping 'sfp_row_col8_bw8_bw_psum20_DW01_add_501'
  Mapping 'sfp_row_col8_bw8_bw_psum20_DW01_add_502'
  Mapping 'sfp_row_col8_bw8_bw_psum20_DW01_add_503'
  Mapping 'sfp_row_col8_bw8_bw_psum20_DW_div_uns_15'
  Structuring 'sfp_row_col8_bw8_bw_psum20_DW_div_uns_16'
  Mapping 'sfp_row_col8_bw8_bw_psum20_DW_div_uns_16'
  Mapping 'DW01_add'
  Mapping 'DW01_add'
  Mapping 'DW01_add'
  Mapping 'DW01_add'
  Mapping 'sfp_row_col8_bw8_bw_psum20_DW01_add_504'
  Mapping 'sfp_row_col8_bw8_bw_psum20_DW01_add_505'
  Mapping 'sfp_row_col8_bw8_bw_psum20_DW01_add_506'
  Mapping 'sfp_row_col8_bw8_bw_psum20_DW01_add_507'
  Mapping 'sfp_row_col8_bw8_bw_psum20_DW01_add_508'
  Mapping 'sfp_row_col8_bw8_bw_psum20_DW01_add_509'
  Mapping 'sfp_row_col8_bw8_bw_psum20_DW01_add_510'
  Mapping 'sfp_row_col8_bw8_bw_psum20_DW01_add_511'
  Mapping 'sfp_row_col8_bw8_bw_psum20_DW01_add_512'
  Mapping 'sfp_row_col8_bw8_bw_psum20_DW01_add_513'
  Mapping 'sfp_row_col8_bw8_bw_psum20_DW01_add_514'
  Mapping 'sfp_row_col8_bw8_bw_psum20_DW01_add_515'
  Mapping 'sfp_row_col8_bw8_bw_psum20_DW01_add_516'
  Mapping 'sfp_row_col8_bw8_bw_psum20_DW01_add_517'
  Mapping 'sfp_row_col8_bw8_bw_psum20_DW01_add_518'
  Structuring 'sfp_row_col8_bw8_bw_psum20_DW_div_uns_17'
  Mapping 'sfp_row_col8_bw8_bw_psum20_DW_div_uns_17'
  Mapping 'sfp_row_col8_bw8_bw_psum20_DW01_add_519'
  Mapping 'DW01_add'
  Mapping 'DW01_add'
  Mapping 'DW01_add'
  Mapping 'DW01_add'
  Mapping 'DW01_add'
  Mapping 'DW01_add'
  Mapping 'sfp_row_col8_bw8_bw_psum20_DW01_add_520'
  Mapping 'sfp_row_col8_bw8_bw_psum20_DW01_add_521'
  Mapping 'sfp_row_col8_bw8_bw_psum20_DW01_add_522'
  Mapping 'sfp_row_col8_bw8_bw_psum20_DW01_add_523'
  Mapping 'sfp_row_col8_bw8_bw_psum20_DW01_add_524'
  Mapping 'sfp_row_col8_bw8_bw_psum20_DW01_add_525'
  Mapping 'sfp_row_col8_bw8_bw_psum20_DW01_add_526'
  Mapping 'sfp_row_col8_bw8_bw_psum20_DW01_add_527'
  Mapping 'sfp_row_col8_bw8_bw_psum20_DW01_add_528'
  Mapping 'sfp_row_col8_bw8_bw_psum20_DW01_add_529'
  Mapping 'sfp_row_col8_bw8_bw_psum20_DW01_add_530'
  Mapping 'sfp_row_col8_bw8_bw_psum20_DW01_add_531'
  Mapping 'sfp_row_col8_bw8_bw_psum20_DW01_add_532'
  Mapping 'sfp_row_col8_bw8_bw_psum20_DW01_add_533'
  Mapping 'sfp_row_col8_bw8_bw_psum20_DW01_add_534'
  Mapping 'sfp_row_col8_bw8_bw_psum20_DW01_add_535'
  Mapping 'sfp_row_col8_bw8_bw_psum20_DW01_add_536'
  Mapping 'sfp_row_col8_bw8_bw_psum20_DW01_add_537'
  Mapping 'sfp_row_col8_bw8_bw_psum20_DW01_add_538'
  Mapping 'sfp_row_col8_bw8_bw_psum20_DW01_add_539'
  Mapping 'sfp_row_col8_bw8_bw_psum20_DW01_add_540'
  Structuring 'sfp_row_col8_bw8_bw_psum20_DW_div_uns_18'
  Mapping 'sfp_row_col8_bw8_bw_psum20_DW_div_uns_18'
  Mapping 'sfp_row_col8_bw8_bw_psum20_DW01_add_541'
  Mapping 'sfp_row_col8_bw8_bw_psum20_DW01_add_542'
  Mapping 'sfp_row_col8_bw8_bw_psum20_DW01_add_543'
  Mapping 'sfp_row_col8_bw8_bw_psum20_DW01_sub_6'
  Mapping 'sfp_row_col8_bw8_bw_psum20_DW01_add_544'
  Mapping 'sfp_row_col8_bw8_bw_psum20_DW01_add_545'
  Mapping 'sfp_row_col8_bw8_bw_psum20_DW01_add_546'
  Mapping 'sfp_row_col8_bw8_bw_psum20_DW01_add_551'
  Mapping 'sfp_row_col8_bw8_bw_psum20_DW01_add_552'
  Mapping 'sfp_row_col8_bw8_bw_psum20_DW01_add_553'
  Mapping 'sfp_row_col8_bw8_bw_psum20_DW01_add_554'
  Mapping 'sfp_row_col8_bw8_bw_psum20_DW01_add_555'
  Mapping 'sfp_row_col8_bw8_bw_psum20_DW01_add_556'
  Mapping 'sfp_row_col8_bw8_bw_psum20_DW01_add_557'
  Mapping 'sfp_row_col8_bw8_bw_psum20_DW01_add_558'
  Mapping 'sfp_row_col8_bw8_bw_psum20_DW01_add_559'
  Mapping 'sfp_row_col8_bw8_bw_psum20_DW01_add_560'
  Mapping 'sfp_row_col8_bw8_bw_psum20_DW01_add_561'
  Mapping 'sfp_row_col8_bw8_bw_psum20_DW01_add_562'
  Mapping 'sfp_row_col8_bw8_bw_psum20_DW01_add_563'
  Mapping 'sfp_row_col8_bw8_bw_psum20_DW01_add_564'
  Mapping 'sfp_row_col8_bw8_bw_psum20_DW01_add_565'
  Mapping 'sfp_row_col8_bw8_bw_psum20_DW01_add_566'
  Mapping 'sfp_row_col8_bw8_bw_psum20_DW01_add_567'
  Mapping 'sfp_row_col8_bw8_bw_psum20_DW01_add_568'
  Mapping 'sfp_row_col8_bw8_bw_psum20_DW01_add_569'
  Mapping 'sfp_row_col8_bw8_bw_psum20_DW01_add_570'
  Mapping 'sfp_row_col8_bw8_bw_psum20_DW01_add_571'
  Mapping 'sfp_row_col8_bw8_bw_psum20_DW01_add_572'
  Mapping 'sfp_row_col8_bw8_bw_psum20_DW01_add_573'
  Mapping 'sfp_row_col8_bw8_bw_psum20_DW01_add_574'
  Mapping 'sfp_row_col8_bw8_bw_psum20_DW01_add_575'
  Mapping 'sfp_row_col8_bw8_bw_psum20_DW01_add_576'
  Mapping 'sfp_row_col8_bw8_bw_psum20_DW01_add_577'
  Mapping 'sfp_row_col8_bw8_bw_psum20_DW01_add_578'
  Mapping 'sfp_row_col8_bw8_bw_psum20_DW01_add_579'
  Mapping 'sfp_row_col8_bw8_bw_psum20_DW01_add_580'
  Mapping 'sfp_row_col8_bw8_bw_psum20_DW01_add_581'
  Mapping 'sfp_row_col8_bw8_bw_psum20_DW01_add_582'
  Mapping 'sfp_row_col8_bw8_bw_psum20_DW01_add_583'
  Mapping 'sfp_row_col8_bw8_bw_psum20_DW01_add_584'
  Mapping 'sfp_row_col8_bw8_bw_psum20_DW01_add_585'
  Mapping 'sfp_row_col8_bw8_bw_psum20_DW01_add_586'
  Mapping 'sfp_row_col8_bw8_bw_psum20_DW01_add_587'
  Mapping 'sfp_row_col8_bw8_bw_psum20_DW01_add_588'
  Mapping 'sfp_row_col8_bw8_bw_psum20_DW01_add_589'
  Mapping 'sfp_row_col8_bw8_bw_psum20_DW01_add_590'
  Mapping 'sfp_row_col8_bw8_bw_psum20_DW01_add_591'
  Mapping 'sfp_row_col8_bw8_bw_psum20_DW01_add_592'
  Structuring 'sfp_row_col8_bw8_bw_psum20_DW_div_uns_19'
  Mapping 'sfp_row_col8_bw8_bw_psum20_DW_div_uns_19'
  Mapping 'sfp_row_col8_bw8_bw_psum20_DW01_add_593'
  Mapping 'DW01_add'
  Mapping 'DW01_add'
  Mapping 'DW01_add'
  Mapping 'DW01_add'
  Mapping 'DW01_add'
  Mapping 'DW01_add'
  Mapping 'sfp_row_col8_bw8_bw_psum20_DW01_add_594'
  Mapping 'sfp_row_col8_bw8_bw_psum20_DW01_add_595'
  Mapping 'sfp_row_col8_bw8_bw_psum20_DW01_add_596'
  Mapping 'sfp_row_col8_bw8_bw_psum20_DW01_add_597'
  Mapping 'sfp_row_col8_bw8_bw_psum20_DW01_add_598'
  Mapping 'sfp_row_col8_bw8_bw_psum20_DW01_add_599'
  Mapping 'sfp_row_col8_bw8_bw_psum20_DW01_add_600'
  Mapping 'sfp_row_col8_bw8_bw_psum20_DW01_add_601'
  Mapping 'sfp_row_col8_bw8_bw_psum20_DW01_add_602'
  Mapping 'sfp_row_col8_bw8_bw_psum20_DW01_add_603'
  Mapping 'sfp_row_col8_bw8_bw_psum20_DW01_add_604'
  Mapping 'sfp_row_col8_bw8_bw_psum20_DW01_add_605'
  Mapping 'sfp_row_col8_bw8_bw_psum20_DW01_add_606'
  Mapping 'sfp_row_col8_bw8_bw_psum20_DW01_add_607'
  Mapping 'sfp_row_col8_bw8_bw_psum20_DW01_add_608'
  Mapping 'sfp_row_col8_bw8_bw_psum20_DW01_add_609'
  Mapping 'sfp_row_col8_bw8_bw_psum20_DW01_add_610'
  Mapping 'sfp_row_col8_bw8_bw_psum20_DW01_add_611'
  Mapping 'sfp_row_col8_bw8_bw_psum20_DW01_add_612'
  Mapping 'sfp_row_col8_bw8_bw_psum20_DW01_add_613'
  Mapping 'sfp_row_col8_bw8_bw_psum20_DW01_add_614'
  Mapping 'sfp_row_col8_bw8_bw_psum20_DW_div_uns_19'
  Structuring 'sfp_row_col8_bw8_bw_psum20_DW_div_uns_20'
  Mapping 'sfp_row_col8_bw8_bw_psum20_DW_div_uns_20'
  Mapping 'DW01_add'
  Mapping 'DW01_add'
  Mapping 'DW01_add'
  Mapping 'DW01_add'
  Mapping 'sfp_row_col8_bw8_bw_psum20_DW01_add_615'
  Mapping 'sfp_row_col8_bw8_bw_psum20_DW01_add_616'
  Mapping 'sfp_row_col8_bw8_bw_psum20_DW01_add_617'
  Mapping 'sfp_row_col8_bw8_bw_psum20_DW01_add_618'
  Mapping 'sfp_row_col8_bw8_bw_psum20_DW01_add_619'
  Mapping 'sfp_row_col8_bw8_bw_psum20_DW01_add_620'
  Mapping 'sfp_row_col8_bw8_bw_psum20_DW01_add_621'
  Mapping 'sfp_row_col8_bw8_bw_psum20_DW01_add_622'
  Mapping 'sfp_row_col8_bw8_bw_psum20_DW01_add_623'
  Mapping 'sfp_row_col8_bw8_bw_psum20_DW01_add_624'
  Mapping 'sfp_row_col8_bw8_bw_psum20_DW01_add_625'
  Mapping 'sfp_row_col8_bw8_bw_psum20_DW01_add_626'
  Mapping 'sfp_row_col8_bw8_bw_psum20_DW01_add_627'
  Mapping 'sfp_row_col8_bw8_bw_psum20_DW01_add_628'
  Mapping 'sfp_row_col8_bw8_bw_psum20_DW01_add_629'
  Structuring 'sfp_row_col8_bw8_bw_psum20_DW_div_uns_21'
  Mapping 'sfp_row_col8_bw8_bw_psum20_DW_div_uns_21'
  Mapping 'sfp_row_col8_bw8_bw_psum20_DW01_add_630'
  Mapping 'DW01_add'
  Mapping 'DW01_add'
  Mapping 'DW01_add'
  Mapping 'DW01_add'
  Mapping 'DW01_add'
  Mapping 'DW01_add'
  Mapping 'sfp_row_col8_bw8_bw_psum20_DW01_add_631'
  Mapping 'sfp_row_col8_bw8_bw_psum20_DW01_add_632'
  Mapping 'sfp_row_col8_bw8_bw_psum20_DW01_add_633'
  Mapping 'sfp_row_col8_bw8_bw_psum20_DW01_add_634'
  Mapping 'sfp_row_col8_bw8_bw_psum20_DW01_add_635'
  Mapping 'sfp_row_col8_bw8_bw_psum20_DW01_add_636'
  Mapping 'sfp_row_col8_bw8_bw_psum20_DW01_add_637'
  Mapping 'sfp_row_col8_bw8_bw_psum20_DW01_add_638'
  Mapping 'sfp_row_col8_bw8_bw_psum20_DW01_add_639'
  Mapping 'sfp_row_col8_bw8_bw_psum20_DW01_add_640'
  Mapping 'sfp_row_col8_bw8_bw_psum20_DW01_add_641'
  Mapping 'sfp_row_col8_bw8_bw_psum20_DW01_add_642'
  Mapping 'sfp_row_col8_bw8_bw_psum20_DW01_add_643'
  Mapping 'sfp_row_col8_bw8_bw_psum20_DW01_add_644'
  Mapping 'sfp_row_col8_bw8_bw_psum20_DW01_add_645'
  Mapping 'sfp_row_col8_bw8_bw_psum20_DW01_add_646'
  Mapping 'sfp_row_col8_bw8_bw_psum20_DW01_add_647'
  Mapping 'sfp_row_col8_bw8_bw_psum20_DW01_add_648'
  Mapping 'sfp_row_col8_bw8_bw_psum20_DW01_add_649'
  Mapping 'sfp_row_col8_bw8_bw_psum20_DW01_add_650'
  Mapping 'sfp_row_col8_bw8_bw_psum20_DW01_add_651'
  Structuring 'sfp_row_col8_bw8_bw_psum20_DW_div_uns_22'
  Mapping 'sfp_row_col8_bw8_bw_psum20_DW_div_uns_22'
  Mapping 'sfp_row_col8_bw8_bw_psum20_DW01_add_652'
  Mapping 'sfp_row_col8_bw8_bw_psum20_DW01_add_653'
  Mapping 'sfp_row_col8_bw8_bw_psum20_DW01_add_654'
  Mapping 'sfp_row_col8_bw8_bw_psum20_DW01_sub_7'
  Mapping 'sfp_row_col8_bw8_bw_psum20_DW01_add_655'
  Mapping 'sfp_row_col8_bw8_bw_psum20_DW01_add_656'
  Mapping 'sfp_row_col8_bw8_bw_psum20_DW01_add_657'
  Mapping 'sfp_row_col8_bw8_bw_psum20_DW01_add_662'
  Mapping 'sfp_row_col8_bw8_bw_psum20_DW01_add_663'
  Mapping 'sfp_row_col8_bw8_bw_psum20_DW01_add_664'
  Mapping 'sfp_row_col8_bw8_bw_psum20_DW01_add_665'
  Mapping 'sfp_row_col8_bw8_bw_psum20_DW01_add_666'
  Mapping 'sfp_row_col8_bw8_bw_psum20_DW01_add_667'
  Mapping 'sfp_row_col8_bw8_bw_psum20_DW01_add_668'
  Mapping 'sfp_row_col8_bw8_bw_psum20_DW01_add_669'
  Mapping 'sfp_row_col8_bw8_bw_psum20_DW01_add_670'
  Mapping 'sfp_row_col8_bw8_bw_psum20_DW01_add_671'
  Mapping 'sfp_row_col8_bw8_bw_psum20_DW01_add_672'
  Mapping 'sfp_row_col8_bw8_bw_psum20_DW01_add_673'
  Mapping 'sfp_row_col8_bw8_bw_psum20_DW01_add_674'
  Mapping 'sfp_row_col8_bw8_bw_psum20_DW01_add_675'
  Mapping 'sfp_row_col8_bw8_bw_psum20_DW01_add_676'
  Mapping 'sfp_row_col8_bw8_bw_psum20_DW01_add_677'
  Mapping 'sfp_row_col8_bw8_bw_psum20_DW01_add_678'
  Mapping 'sfp_row_col8_bw8_bw_psum20_DW01_add_679'
  Mapping 'sfp_row_col8_bw8_bw_psum20_DW01_add_680'
  Mapping 'sfp_row_col8_bw8_bw_psum20_DW01_add_681'
  Mapping 'sfp_row_col8_bw8_bw_psum20_DW01_add_682'
  Mapping 'sfp_row_col8_bw8_bw_psum20_DW01_add_683'
  Mapping 'sfp_row_col8_bw8_bw_psum20_DW01_add_684'
  Mapping 'sfp_row_col8_bw8_bw_psum20_DW01_add_685'
  Mapping 'sfp_row_col8_bw8_bw_psum20_DW01_add_686'
  Mapping 'sfp_row_col8_bw8_bw_psum20_DW01_add_687'
  Mapping 'sfp_row_col8_bw8_bw_psum20_DW01_add_688'
  Mapping 'sfp_row_col8_bw8_bw_psum20_DW01_add_689'
  Mapping 'sfp_row_col8_bw8_bw_psum20_DW01_add_690'
  Mapping 'sfp_row_col8_bw8_bw_psum20_DW01_add_691'
  Mapping 'sfp_row_col8_bw8_bw_psum20_DW01_add_692'
  Mapping 'sfp_row_col8_bw8_bw_psum20_DW01_add_693'
  Mapping 'sfp_row_col8_bw8_bw_psum20_DW01_add_694'
  Mapping 'sfp_row_col8_bw8_bw_psum20_DW01_add_695'
  Mapping 'sfp_row_col8_bw8_bw_psum20_DW01_add_696'
  Mapping 'sfp_row_col8_bw8_bw_psum20_DW01_add_697'
  Mapping 'sfp_row_col8_bw8_bw_psum20_DW01_add_698'
  Mapping 'sfp_row_col8_bw8_bw_psum20_DW01_add_699'
  Mapping 'sfp_row_col8_bw8_bw_psum20_DW01_add_700'
  Mapping 'sfp_row_col8_bw8_bw_psum20_DW01_add_701'
  Mapping 'sfp_row_col8_bw8_bw_psum20_DW01_add_702'
  Mapping 'sfp_row_col8_bw8_bw_psum20_DW01_add_703'
  Structuring 'sfp_row_col8_bw8_bw_psum20_DW_div_uns_23'
  Mapping 'sfp_row_col8_bw8_bw_psum20_DW_div_uns_23'
  Mapping 'sfp_row_col8_bw8_bw_psum20_DW01_add_704'
  Mapping 'DW01_add'
  Mapping 'DW01_add'
  Mapping 'DW01_add'
  Mapping 'DW01_add'
  Mapping 'DW01_add'
  Mapping 'DW01_add'
  Mapping 'sfp_row_col8_bw8_bw_psum20_DW01_add_705'
  Mapping 'sfp_row_col8_bw8_bw_psum20_DW01_add_706'
  Mapping 'sfp_row_col8_bw8_bw_psum20_DW01_add_707'
  Mapping 'sfp_row_col8_bw8_bw_psum20_DW01_add_708'
  Mapping 'sfp_row_col8_bw8_bw_psum20_DW01_add_709'
  Mapping 'sfp_row_col8_bw8_bw_psum20_DW01_add_710'
  Mapping 'sfp_row_col8_bw8_bw_psum20_DW01_add_711'
  Mapping 'sfp_row_col8_bw8_bw_psum20_DW01_add_712'
  Mapping 'sfp_row_col8_bw8_bw_psum20_DW01_add_713'
  Mapping 'sfp_row_col8_bw8_bw_psum20_DW01_add_714'
  Mapping 'sfp_row_col8_bw8_bw_psum20_DW01_add_715'
  Mapping 'sfp_row_col8_bw8_bw_psum20_DW01_add_716'
  Mapping 'sfp_row_col8_bw8_bw_psum20_DW01_add_717'
  Mapping 'sfp_row_col8_bw8_bw_psum20_DW01_add_718'
  Mapping 'sfp_row_col8_bw8_bw_psum20_DW01_add_719'
  Mapping 'sfp_row_col8_bw8_bw_psum20_DW01_add_720'
  Mapping 'sfp_row_col8_bw8_bw_psum20_DW01_add_721'
  Mapping 'sfp_row_col8_bw8_bw_psum20_DW01_add_722'
  Mapping 'sfp_row_col8_bw8_bw_psum20_DW01_add_723'
  Mapping 'sfp_row_col8_bw8_bw_psum20_DW01_add_724'
  Mapping 'sfp_row_col8_bw8_bw_psum20_DW01_add_725'
  Mapping 'sfp_row_col8_bw8_bw_psum20_DW_div_uns_23'
  Structuring 'sfp_row_col8_bw8_bw_psum20_DW_div_uns_24'
  Mapping 'sfp_row_col8_bw8_bw_psum20_DW_div_uns_24'
  Mapping 'DW01_add'
  Mapping 'DW01_add'
  Mapping 'DW01_add'
  Mapping 'DW01_add'
  Mapping 'sfp_row_col8_bw8_bw_psum20_DW01_add_726'
  Mapping 'sfp_row_col8_bw8_bw_psum20_DW01_add_727'
  Mapping 'sfp_row_col8_bw8_bw_psum20_DW01_add_728'
  Mapping 'sfp_row_col8_bw8_bw_psum20_DW01_add_729'
  Mapping 'sfp_row_col8_bw8_bw_psum20_DW01_add_730'
  Mapping 'sfp_row_col8_bw8_bw_psum20_DW01_add_731'
  Mapping 'sfp_row_col8_bw8_bw_psum20_DW01_add_732'
  Mapping 'sfp_row_col8_bw8_bw_psum20_DW01_add_733'
  Mapping 'sfp_row_col8_bw8_bw_psum20_DW01_add_734'
  Mapping 'sfp_row_col8_bw8_bw_psum20_DW01_add_735'
  Mapping 'sfp_row_col8_bw8_bw_psum20_DW01_add_736'
  Mapping 'sfp_row_col8_bw8_bw_psum20_DW01_add_737'
  Mapping 'sfp_row_col8_bw8_bw_psum20_DW01_add_738'
  Mapping 'sfp_row_col8_bw8_bw_psum20_DW01_add_739'
  Mapping 'sfp_row_col8_bw8_bw_psum20_DW01_add_740'
  Structuring 'sfp_row_col8_bw8_bw_psum20_DW_div_uns_25'
  Mapping 'sfp_row_col8_bw8_bw_psum20_DW_div_uns_25'
  Mapping 'sfp_row_col8_bw8_bw_psum20_DW01_add_741'
  Mapping 'DW01_add'
  Mapping 'DW01_add'
  Mapping 'DW01_add'
  Mapping 'DW01_add'
  Mapping 'DW01_add'
  Mapping 'DW01_add'
  Mapping 'sfp_row_col8_bw8_bw_psum20_DW01_add_742'
  Mapping 'sfp_row_col8_bw8_bw_psum20_DW01_add_743'
  Mapping 'sfp_row_col8_bw8_bw_psum20_DW01_add_744'
  Mapping 'sfp_row_col8_bw8_bw_psum20_DW01_add_745'
  Mapping 'sfp_row_col8_bw8_bw_psum20_DW01_add_746'
  Mapping 'sfp_row_col8_bw8_bw_psum20_DW01_add_747'
  Mapping 'sfp_row_col8_bw8_bw_psum20_DW01_add_748'
  Mapping 'sfp_row_col8_bw8_bw_psum20_DW01_add_749'
  Mapping 'sfp_row_col8_bw8_bw_psum20_DW01_add_750'
  Mapping 'sfp_row_col8_bw8_bw_psum20_DW01_add_751'
  Mapping 'sfp_row_col8_bw8_bw_psum20_DW01_add_752'
  Mapping 'sfp_row_col8_bw8_bw_psum20_DW01_add_753'
  Mapping 'sfp_row_col8_bw8_bw_psum20_DW01_add_754'
  Mapping 'sfp_row_col8_bw8_bw_psum20_DW01_add_755'
  Mapping 'sfp_row_col8_bw8_bw_psum20_DW01_add_756'
  Mapping 'sfp_row_col8_bw8_bw_psum20_DW01_add_757'
  Mapping 'sfp_row_col8_bw8_bw_psum20_DW01_add_758'
  Mapping 'sfp_row_col8_bw8_bw_psum20_DW01_add_759'
  Mapping 'sfp_row_col8_bw8_bw_psum20_DW01_add_760'
  Mapping 'sfp_row_col8_bw8_bw_psum20_DW01_add_761'
  Mapping 'sfp_row_col8_bw8_bw_psum20_DW01_add_762'
  Structuring 'sfp_row_col8_bw8_bw_psum20_DW_div_uns_26'
  Mapping 'sfp_row_col8_bw8_bw_psum20_DW_div_uns_26'
  Mapping 'sfp_row_col8_bw8_bw_psum20_DW01_add_763'
  Mapping 'sfp_row_col8_bw8_bw_psum20_DW01_add_764'
  Mapping 'sfp_row_col8_bw8_bw_psum20_DW01_add_765'
  Mapping 'sfp_row_col8_bw8_bw_psum20_DW01_sub_8'
  Mapping 'sfp_row_col8_bw8_bw_psum20_DW01_add_766'
  Mapping 'sfp_row_col8_bw8_bw_psum20_DW01_add_767'
  Mapping 'sfp_row_col8_bw8_bw_psum20_DW01_add_768'
  Mapping 'sfp_row_col8_bw8_bw_psum20_DW01_add_773'
  Mapping 'sfp_row_col8_bw8_bw_psum20_DW01_add_774'
  Mapping 'sfp_row_col8_bw8_bw_psum20_DW01_add_775'
  Mapping 'sfp_row_col8_bw8_bw_psum20_DW01_add_776'
  Mapping 'sfp_row_col8_bw8_bw_psum20_DW01_add_777'
  Mapping 'sfp_row_col8_bw8_bw_psum20_DW01_add_778'
  Mapping 'sfp_row_col8_bw8_bw_psum20_DW01_add_779'
  Mapping 'sfp_row_col8_bw8_bw_psum20_DW01_add_780'
  Mapping 'sfp_row_col8_bw8_bw_psum20_DW01_add_781'
  Mapping 'sfp_row_col8_bw8_bw_psum20_DW01_add_782'
  Mapping 'sfp_row_col8_bw8_bw_psum20_DW01_add_783'
  Mapping 'sfp_row_col8_bw8_bw_psum20_DW01_add_784'
  Mapping 'sfp_row_col8_bw8_bw_psum20_DW01_add_785'
  Mapping 'sfp_row_col8_bw8_bw_psum20_DW01_add_786'
  Mapping 'sfp_row_col8_bw8_bw_psum20_DW01_add_787'
  Mapping 'sfp_row_col8_bw8_bw_psum20_DW01_add_788'
  Mapping 'sfp_row_col8_bw8_bw_psum20_DW01_add_789'
  Mapping 'sfp_row_col8_bw8_bw_psum20_DW01_add_790'
  Mapping 'sfp_row_col8_bw8_bw_psum20_DW01_add_791'
  Mapping 'sfp_row_col8_bw8_bw_psum20_DW01_add_792'
  Mapping 'sfp_row_col8_bw8_bw_psum20_DW01_add_793'
  Mapping 'sfp_row_col8_bw8_bw_psum20_DW01_add_794'
  Mapping 'sfp_row_col8_bw8_bw_psum20_DW01_add_795'
  Mapping 'sfp_row_col8_bw8_bw_psum20_DW01_add_796'
  Mapping 'sfp_row_col8_bw8_bw_psum20_DW01_add_797'
  Mapping 'sfp_row_col8_bw8_bw_psum20_DW01_add_798'
  Mapping 'sfp_row_col8_bw8_bw_psum20_DW01_add_799'
  Mapping 'sfp_row_col8_bw8_bw_psum20_DW01_add_800'
  Mapping 'sfp_row_col8_bw8_bw_psum20_DW01_add_801'
  Mapping 'sfp_row_col8_bw8_bw_psum20_DW01_add_802'
  Mapping 'sfp_row_col8_bw8_bw_psum20_DW01_add_803'
  Mapping 'sfp_row_col8_bw8_bw_psum20_DW01_add_804'
  Mapping 'sfp_row_col8_bw8_bw_psum20_DW01_add_805'
  Mapping 'sfp_row_col8_bw8_bw_psum20_DW01_add_806'
  Mapping 'sfp_row_col8_bw8_bw_psum20_DW01_add_807'
  Mapping 'sfp_row_col8_bw8_bw_psum20_DW01_add_808'
  Mapping 'sfp_row_col8_bw8_bw_psum20_DW01_add_809'
  Mapping 'sfp_row_col8_bw8_bw_psum20_DW01_add_810'
  Mapping 'sfp_row_col8_bw8_bw_psum20_DW01_add_811'
  Mapping 'sfp_row_col8_bw8_bw_psum20_DW01_add_812'
  Mapping 'sfp_row_col8_bw8_bw_psum20_DW01_add_813'
  Mapping 'sfp_row_col8_bw8_bw_psum20_DW01_add_814'
  Structuring 'sfp_row_col8_bw8_bw_psum20_DW_div_uns_27'
  Mapping 'sfp_row_col8_bw8_bw_psum20_DW_div_uns_27'
  Mapping 'sfp_row_col8_bw8_bw_psum20_DW01_add_815'
  Mapping 'DW01_add'
  Mapping 'DW01_add'
  Mapping 'DW01_add'
  Mapping 'DW01_add'
  Mapping 'DW01_add'
  Mapping 'DW01_add'
  Mapping 'sfp_row_col8_bw8_bw_psum20_DW01_add_816'
  Mapping 'sfp_row_col8_bw8_bw_psum20_DW01_add_817'
  Mapping 'sfp_row_col8_bw8_bw_psum20_DW01_add_818'
  Mapping 'sfp_row_col8_bw8_bw_psum20_DW01_add_819'
  Mapping 'sfp_row_col8_bw8_bw_psum20_DW01_add_820'
  Mapping 'sfp_row_col8_bw8_bw_psum20_DW01_add_821'
  Mapping 'sfp_row_col8_bw8_bw_psum20_DW01_add_822'
  Mapping 'sfp_row_col8_bw8_bw_psum20_DW01_add_823'
  Mapping 'sfp_row_col8_bw8_bw_psum20_DW01_add_824'
  Mapping 'sfp_row_col8_bw8_bw_psum20_DW01_add_825'
  Mapping 'sfp_row_col8_bw8_bw_psum20_DW01_add_826'
  Mapping 'sfp_row_col8_bw8_bw_psum20_DW01_add_827'
  Mapping 'sfp_row_col8_bw8_bw_psum20_DW01_add_828'
  Mapping 'sfp_row_col8_bw8_bw_psum20_DW01_add_829'
  Mapping 'sfp_row_col8_bw8_bw_psum20_DW01_add_830'
  Mapping 'sfp_row_col8_bw8_bw_psum20_DW01_add_831'
  Mapping 'sfp_row_col8_bw8_bw_psum20_DW01_add_832'
  Mapping 'sfp_row_col8_bw8_bw_psum20_DW01_add_833'
  Mapping 'sfp_row_col8_bw8_bw_psum20_DW01_add_834'
  Mapping 'sfp_row_col8_bw8_bw_psum20_DW01_add_835'
  Mapping 'sfp_row_col8_bw8_bw_psum20_DW01_add_836'
  Mapping 'sfp_row_col8_bw8_bw_psum20_DW_div_uns_27'
  Structuring 'sfp_row_col8_bw8_bw_psum20_DW_div_uns_28'
  Mapping 'sfp_row_col8_bw8_bw_psum20_DW_div_uns_28'
  Mapping 'DW01_add'
  Mapping 'DW01_add'
  Mapping 'DW01_add'
  Mapping 'DW01_add'
  Mapping 'sfp_row_col8_bw8_bw_psum20_DW01_add_837'
  Mapping 'sfp_row_col8_bw8_bw_psum20_DW01_add_838'
  Mapping 'sfp_row_col8_bw8_bw_psum20_DW01_add_839'
  Mapping 'sfp_row_col8_bw8_bw_psum20_DW01_add_840'
  Mapping 'sfp_row_col8_bw8_bw_psum20_DW01_add_841'
  Mapping 'sfp_row_col8_bw8_bw_psum20_DW01_add_842'
  Mapping 'sfp_row_col8_bw8_bw_psum20_DW01_add_843'
  Mapping 'sfp_row_col8_bw8_bw_psum20_DW01_add_844'
  Mapping 'sfp_row_col8_bw8_bw_psum20_DW01_add_845'
  Mapping 'sfp_row_col8_bw8_bw_psum20_DW01_add_846'
  Mapping 'sfp_row_col8_bw8_bw_psum20_DW01_add_847'
  Mapping 'sfp_row_col8_bw8_bw_psum20_DW01_add_848'
  Mapping 'sfp_row_col8_bw8_bw_psum20_DW01_add_849'
  Mapping 'sfp_row_col8_bw8_bw_psum20_DW01_add_850'
  Mapping 'sfp_row_col8_bw8_bw_psum20_DW01_add_851'
  Structuring 'sfp_row_col8_bw8_bw_psum20_DW_div_uns_29'
  Mapping 'sfp_row_col8_bw8_bw_psum20_DW_div_uns_29'
  Mapping 'sfp_row_col8_bw8_bw_psum20_DW01_add_852'
  Mapping 'DW01_add'
  Mapping 'DW01_add'
  Mapping 'DW01_add'
  Mapping 'DW01_add'
  Mapping 'DW01_add'
  Mapping 'DW01_add'
  Mapping 'sfp_row_col8_bw8_bw_psum20_DW01_add_853'
  Mapping 'sfp_row_col8_bw8_bw_psum20_DW01_add_854'
  Mapping 'sfp_row_col8_bw8_bw_psum20_DW01_add_855'
  Mapping 'sfp_row_col8_bw8_bw_psum20_DW01_add_856'
  Mapping 'sfp_row_col8_bw8_bw_psum20_DW01_add_857'
  Mapping 'sfp_row_col8_bw8_bw_psum20_DW01_add_858'
  Mapping 'sfp_row_col8_bw8_bw_psum20_DW01_add_859'
  Mapping 'sfp_row_col8_bw8_bw_psum20_DW01_add_860'
  Mapping 'sfp_row_col8_bw8_bw_psum20_DW01_add_861'
  Mapping 'sfp_row_col8_bw8_bw_psum20_DW01_add_862'
  Mapping 'sfp_row_col8_bw8_bw_psum20_DW01_add_863'
  Mapping 'sfp_row_col8_bw8_bw_psum20_DW01_add_864'
  Mapping 'sfp_row_col8_bw8_bw_psum20_DW01_add_865'
  Mapping 'sfp_row_col8_bw8_bw_psum20_DW01_add_866'
  Mapping 'sfp_row_col8_bw8_bw_psum20_DW01_add_867'
  Mapping 'sfp_row_col8_bw8_bw_psum20_DW01_add_868'
  Mapping 'sfp_row_col8_bw8_bw_psum20_DW01_add_869'
  Mapping 'sfp_row_col8_bw8_bw_psum20_DW01_add_870'
  Mapping 'sfp_row_col8_bw8_bw_psum20_DW01_add_871'
  Mapping 'sfp_row_col8_bw8_bw_psum20_DW01_add_872'
  Mapping 'sfp_row_col8_bw8_bw_psum20_DW01_add_873'
  Structuring 'sfp_row_col8_bw8_bw_psum20_DW_div_uns_30'
  Mapping 'sfp_row_col8_bw8_bw_psum20_DW_div_uns_30'
  Mapping 'sfp_row_col8_bw8_bw_psum20_DW01_add_874'
  Mapping 'sfp_row_col8_bw8_bw_psum20_DW01_add_875'
  Mapping 'sfp_row_col8_bw8_bw_psum20_DW01_add_876'
  Mapping 'sfp_row_col8_bw8_bw_psum20_DW01_sub_9'
  Mapping 'sfp_row_col8_bw8_bw_psum20_DW01_add_877'
  Mapping 'sfp_row_col8_bw8_bw_psum20_DW01_add_878'
  Mapping 'sfp_row_col8_bw8_bw_psum20_DW01_add_879'
  Mapping 'sfp_row_col8_bw8_bw_psum20_DW01_add_884'
  Mapping 'sfp_row_col8_bw8_bw_psum20_DW01_add_885'
  Mapping 'sfp_row_col8_bw8_bw_psum20_DW01_add_886'
  Mapping 'sfp_row_col8_bw8_bw_psum20_DW01_add_887'
  Mapping 'sfp_row_col8_bw8_bw_psum20_DW01_add_888'
  Mapping 'sfp_row_col8_bw8_bw_psum20_DW01_add_889'
  Mapping 'sfp_row_col8_bw8_bw_psum20_DW01_add_890'
  Mapping 'sfp_row_col8_bw8_bw_psum20_DW01_add_891'
  Mapping 'sfp_row_col8_bw8_bw_psum20_DW01_add_892'
  Mapping 'sfp_row_col8_bw8_bw_psum20_DW01_add_893'
  Mapping 'sfp_row_col8_bw8_bw_psum20_DW01_add_894'
  Mapping 'sfp_row_col8_bw8_bw_psum20_DW01_add_895'
  Mapping 'sfp_row_col8_bw8_bw_psum20_DW01_add_896'
  Mapping 'sfp_row_col8_bw8_bw_psum20_DW01_add_897'
  Mapping 'sfp_row_col8_bw8_bw_psum20_DW01_add_898'
  Mapping 'sfp_row_col8_bw8_bw_psum20_DW01_add_899'
  Mapping 'sfp_row_col8_bw8_bw_psum20_DW01_add_900'
  Mapping 'sfp_row_col8_bw8_bw_psum20_DW01_add_901'
  Mapping 'sfp_row_col8_bw8_bw_psum20_DW01_add_902'
  Mapping 'sfp_row_col8_bw8_bw_psum20_DW01_add_903'
  Mapping 'sfp_row_col8_bw8_bw_psum20_DW01_add_904'
  Mapping 'sfp_row_col8_bw8_bw_psum20_DW01_add_905'
  Mapping 'sfp_row_col8_bw8_bw_psum20_DW01_add_906'
  Mapping 'sfp_row_col8_bw8_bw_psum20_DW01_add_907'
  Mapping 'sfp_row_col8_bw8_bw_psum20_DW01_add_908'
  Mapping 'sfp_row_col8_bw8_bw_psum20_DW01_add_909'
  Mapping 'sfp_row_col8_bw8_bw_psum20_DW01_add_910'
  Mapping 'sfp_row_col8_bw8_bw_psum20_DW01_add_911'
  Mapping 'sfp_row_col8_bw8_bw_psum20_DW01_add_912'
  Mapping 'sfp_row_col8_bw8_bw_psum20_DW01_add_913'
  Mapping 'sfp_row_col8_bw8_bw_psum20_DW01_add_914'
  Mapping 'sfp_row_col8_bw8_bw_psum20_DW01_add_915'
  Mapping 'sfp_row_col8_bw8_bw_psum20_DW01_add_916'
  Mapping 'sfp_row_col8_bw8_bw_psum20_DW01_add_917'
  Mapping 'sfp_row_col8_bw8_bw_psum20_DW01_add_918'
  Mapping 'sfp_row_col8_bw8_bw_psum20_DW01_add_919'
  Mapping 'sfp_row_col8_bw8_bw_psum20_DW01_add_920'
  Mapping 'sfp_row_col8_bw8_bw_psum20_DW01_add_921'
  Mapping 'sfp_row_col8_bw8_bw_psum20_DW01_add_922'
  Mapping 'sfp_row_col8_bw8_bw_psum20_DW01_add_923'
  Mapping 'sfp_row_col8_bw8_bw_psum20_DW01_add_924'
  Mapping 'sfp_row_col8_bw8_bw_psum20_DW01_add_925'
  Structuring 'sfp_row_col8_bw8_bw_psum20_DW_div_uns_31'
  Mapping 'sfp_row_col8_bw8_bw_psum20_DW_div_uns_31'
  Mapping 'sfp_row_col8_bw8_bw_psum20_DW01_add_926'
  Mapping 'DW01_add'
  Mapping 'DW01_add'
  Mapping 'DW01_add'
  Mapping 'DW01_add'
  Mapping 'DW01_add'
  Mapping 'DW01_add'
  Mapping 'sfp_row_col8_bw8_bw_psum20_DW01_add_927'
  Mapping 'sfp_row_col8_bw8_bw_psum20_DW01_add_928'
  Mapping 'sfp_row_col8_bw8_bw_psum20_DW01_add_929'
  Mapping 'sfp_row_col8_bw8_bw_psum20_DW01_add_930'
  Mapping 'sfp_row_col8_bw8_bw_psum20_DW01_add_931'
  Mapping 'sfp_row_col8_bw8_bw_psum20_DW01_add_932'
  Mapping 'sfp_row_col8_bw8_bw_psum20_DW01_add_933'
  Mapping 'sfp_row_col8_bw8_bw_psum20_DW01_add_934'
  Mapping 'sfp_row_col8_bw8_bw_psum20_DW01_add_935'
  Mapping 'sfp_row_col8_bw8_bw_psum20_DW01_add_936'
  Mapping 'sfp_row_col8_bw8_bw_psum20_DW01_add_937'
  Mapping 'sfp_row_col8_bw8_bw_psum20_DW01_add_938'
  Mapping 'sfp_row_col8_bw8_bw_psum20_DW01_add_939'
  Mapping 'sfp_row_col8_bw8_bw_psum20_DW01_add_940'
  Mapping 'sfp_row_col8_bw8_bw_psum20_DW01_add_941'
  Mapping 'sfp_row_col8_bw8_bw_psum20_DW01_add_942'
  Mapping 'sfp_row_col8_bw8_bw_psum20_DW01_add_943'
  Mapping 'sfp_row_col8_bw8_bw_psum20_DW01_add_944'
  Mapping 'sfp_row_col8_bw8_bw_psum20_DW01_add_945'
  Mapping 'sfp_row_col8_bw8_bw_psum20_DW01_add_946'
  Mapping 'sfp_row_col8_bw8_bw_psum20_DW01_add_947'
  Mapping 'sfp_row_col8_bw8_bw_psum20_DW_div_uns_31'
  Mapping Optimization (Phase 1)
  Mapping Optimization (Phase 2)
  Mapping Optimization (Phase 3)
  Mapping Optimization (Phase 4)
  Mapping Optimization (Phase 5)
  Mapping Optimization (Phase 6)
  Mapping Optimization (Phase 7)
  Mapping Optimization (Phase 8)
  Mapping Optimization (Phase 9)
  Mapping Optimization (Phase 10)
  Mapping Optimization (Phase 11)
  Mapping Optimization (Phase 12)
  Mapping Optimization (Phase 13)
  Mapping Optimization (Phase 14)
  Mapping Optimization (Phase 15)
  Mapping Optimization (Phase 16)
  Mapping Optimization (Phase 17)
  Mapping Optimization (Phase 18)
  Mapping Optimization (Phase 19)
  Mapping Optimization (Phase 20)
  Mapping Optimization (Phase 21)
  Mapping Optimization (Phase 22)
  Mapping Optimization (Phase 23)
  Mapping Optimization (Phase 24)
  Mapping Optimization (Phase 25)
  Mapping Optimization (Phase 26)
  Mapping Optimization (Phase 27)
  Mapping Optimization (Phase 28)
  Mapping Optimization (Phase 29)
  Mapping Optimization (Phase 30)
  Mapping Optimization (Phase 31)
  Mapping Optimization (Phase 32)
  Mapping Optimization (Phase 33)
  Mapping Optimization (Phase 34)
  Mapping Optimization (Phase 35)
  Mapping Optimization (Phase 36)
  Mapping Optimization (Phase 37)
  Mapping Optimization (Phase 38)
  Mapping Optimization (Phase 39)
  Mapping Optimization (Phase 40)
  Mapping Optimization (Phase 41)
  Mapping Optimization (Phase 42)
  Mapping Optimization (Phase 43)
  Mapping Optimization (Phase 44)
  Mapping Optimization (Phase 45)
  Mapping Optimization (Phase 46)
  Mapping Optimization (Phase 47)
  Mapping Optimization (Phase 48)
  Mapping Optimization (Phase 49)
  Mapping Optimization (Phase 50)
  Mapping Optimization (Phase 51)
  Mapping Optimization (Phase 52)
  Mapping Optimization (Phase 53)
  Mapping Optimization (Phase 54)
  Mapping Optimization (Phase 55)
  Mapping Optimization (Phase 56)
  Mapping Optimization (Phase 57)
  Mapping Optimization (Phase 58)
  Mapping Optimization (Phase 59)
  Mapping Optimization (Phase 60)
  Mapping Optimization (Phase 61)
  Mapping Optimization (Phase 62)
  Mapping Optimization (Phase 63)
  Mapping Optimization (Phase 64)
  Mapping Optimization (Phase 65)
  Mapping Optimization (Phase 66)
  Mapping Optimization (Phase 67)
  Mapping Optimization (Phase 68)
  Mapping Optimization (Phase 69)
  Mapping Optimization (Phase 70)
  Mapping Optimization (Phase 71)
  Mapping Optimization (Phase 72)
  Mapping Optimization (Phase 73)
  Mapping Optimization (Phase 74)
  Mapping Optimization (Phase 75)
  Mapping Optimization (Phase 76)
  Mapping Optimization (Phase 77)
  Mapping Optimization (Phase 78)
  Mapping Optimization (Phase 79)
  Mapping Optimization (Phase 80)
  Mapping Optimization (Phase 81)
  Mapping Optimization (Phase 82)
  Mapping Optimization (Phase 83)
  Mapping Optimization (Phase 84)
  Mapping Optimization (Phase 85)
  Mapping Optimization (Phase 86)
  Mapping Optimization (Phase 87)
  Mapping Optimization (Phase 88)
  Mapping Optimization (Phase 89)
  Mapping Optimization (Phase 90)
  Mapping Optimization (Phase 91)
  Mapping Optimization (Phase 92)
  Mapping Optimization (Phase 93)
  Mapping Optimization (Phase 94)
  Mapping Optimization (Phase 95)
  Mapping Optimization (Phase 96)
  Mapping Optimization (Phase 97)
  Mapping Optimization (Phase 98)
  Mapping Optimization (Phase 99)
  Mapping Optimization (Phase 100)
  Mapping Optimization (Phase 101)
  Mapping Optimization (Phase 102)
  Mapping Optimization (Phase 103)
  Mapping Optimization (Phase 104)
  Mapping Optimization (Phase 105)
  Mapping Optimization (Phase 106)
  Mapping Optimization (Phase 107)
  Mapping Optimization (Phase 108)
  Mapping Optimization (Phase 109)
  Mapping Optimization (Phase 110)
  Mapping Optimization (Phase 111)
  Mapping Optimization (Phase 112)
  Mapping Optimization (Phase 113)
  Mapping Optimization (Phase 114)
  Mapping Optimization (Phase 115)
  Mapping Optimization (Phase 116)
  Mapping Optimization (Phase 117)
  Mapping Optimization (Phase 118)
  Mapping Optimization (Phase 119)
  Mapping Optimization (Phase 120)
  Mapping Optimization (Phase 121)
  Mapping Optimization (Phase 122)
  Mapping Optimization (Phase 123)
  Mapping Optimization (Phase 124)
  Mapping Optimization (Phase 125)
  Mapping Optimization (Phase 126)
  Mapping Optimization (Phase 127)
  Mapping Optimization (Phase 128)
  Mapping Optimization (Phase 129)
  Mapping Optimization (Phase 130)
  Mapping Optimization (Phase 131)

  Beginning Constant Register Removal
  -----------------------------------

  Beginning Global Optimizations
  ------------------------------
  Numerical Synthesis (Phase 1)
  Numerical Synthesis (Phase 2)
  Global Optimization (Phase 1)
  Global Optimization (Phase 2)
  Global Optimization (Phase 3)
  Global Optimization (Phase 4)
  Global Optimization (Phase 5)
  Global Optimization (Phase 6)
  Global Optimization (Phase 7)
  Global Optimization (Phase 8)
  Global Optimization (Phase 9)
  Global Optimization (Phase 10)
  Global Optimization (Phase 11)
  Global Optimization (Phase 12)
  Global Optimization (Phase 13)
  Global Optimization (Phase 14)
  Global Optimization (Phase 15)
  Global Optimization (Phase 16)
  Global Optimization (Phase 17)
  Global Optimization (Phase 18)
  Global Optimization (Phase 19)
  Global Optimization (Phase 20)
  Global Optimization (Phase 21)
  Global Optimization (Phase 22)
  Global Optimization (Phase 23)
  Global Optimization (Phase 24)
  Global Optimization (Phase 25)
  Global Optimization (Phase 26)
  Global Optimization (Phase 27)
  Global Optimization (Phase 28)
  Global Optimization (Phase 29)
  Global Optimization (Phase 30)
  Global Optimization (Phase 31)
  Mapping 'sfp_row_col8_bw8_bw_psum20_DW01_add_2538'
  Mapping 'sfp_row_col8_bw8_bw_psum20_DW01_add_2539'
  Mapping 'sfp_row_col8_bw8_bw_psum20_DW01_add_2540'
Information: Added key list 'DesignWare' to design 'mac_16in_bw8_bw_psum20_pr8_7'. (DDB-72)
Information: Added key list 'DesignWare' to design 'mac_16in_bw8_bw_psum20_pr8_0'. (DDB-72)
Information: Added key list 'DesignWare' to design 'mac_16in_bw8_bw_psum20_pr8_1'. (DDB-72)
Information: Added key list 'DesignWare' to design 'mac_16in_bw8_bw_psum20_pr8_2'. (DDB-72)
Information: Added key list 'DesignWare' to design 'mac_16in_bw8_bw_psum20_pr8_3'. (DDB-72)
Information: Added key list 'DesignWare' to design 'mac_16in_bw8_bw_psum20_pr8_4'. (DDB-72)
Information: Added key list 'DesignWare' to design 'mac_16in_bw8_bw_psum20_pr8_5'. (DDB-72)
Information: Added key list 'DesignWare' to design 'mac_16in_bw8_bw_psum20_pr8_6'. (DDB-72)

  Beginning Isolate Ports
  -----------------------

  Beginning Delay Optimization
  ----------------------------

                                  TOTAL                                                            
   ELAPSED            WORST NEG   SETUP    DESIGN                              LEAKAGE   MIN DELAY 
    TIME      AREA      SLACK     COST    RULE COST         ENDPOINT            POWER      COST    
  --------- --------- --------- --------- --------- ------------------------- --------- -----------
    1:08:29  203808.6      5.46    2275.2       0.1                           1639184.1250      0.00  
    1:09:16  209385.4      3.74    2146.1       0.1                           1711919.6250      0.00  
    1:09:16  209385.4      3.74    2146.1       0.1                           1711919.6250      0.00  
    1:09:16  209385.4      3.74    2146.1       0.1                           1711919.6250      0.00  

  Beginning WLM Backend Optimization
  --------------------------------------
    1:10:13  204734.5      4.29    2186.0       0.1                           1656728.1250      0.00  
    1:10:17  204442.9      4.26    2185.8       0.1                           1650924.5000      0.00  
    1:10:22  203366.5      4.25    2185.5       0.1                           1631804.5000      0.00  
    1:10:30  203000.4      3.82    2152.7       0.1                           1627594.5000      0.00  
    1:10:41  203177.5      3.73    2143.2       0.1                           1630606.6250      0.00  
    1:10:52  203445.7      3.73    2135.5       0.1                           1633603.7500      0.00  
    1:10:58  203173.9      3.73    2145.5       0.1                           1603122.2500      0.00  
    1:10:58  203173.9      3.73    2145.5       0.1                           1603122.2500      0.00  
    1:16:32  213356.9      3.39    2124.8       0.6                           1716473.5000      0.00  
    1:16:32  213356.9      3.39    2124.8       0.6                           1716473.5000      0.00  
    1:16:46  215052.8      3.30    2116.9       0.7                           1741996.3750      0.00  
    1:16:46  215052.8      3.30    2116.9       0.7                           1741996.3750      0.00  
    1:20:22  216853.9      3.31    2116.0       0.6                           1759319.1250      0.00  
    1:20:22  216853.9      3.31    2116.0       0.6                           1759319.1250      0.00  
    1:22:13  221297.0      3.12    2099.3       1.1                           1827338.8750      0.00  
    1:22:13  221297.0      3.12    2099.3       1.1                           1827338.8750      0.00  
    1:24:45  221299.9      3.13    2104.2       1.1                           1820795.5000      0.00  
    1:24:45  221299.9      3.13    2104.2       1.1                           1820795.5000      0.00  
    1:26:03  223925.8      3.06    2096.4       0.1                           1859398.1250      0.00  
    1:26:03  223925.8      3.06    2096.4       0.1                           1859398.1250      0.00  
    1:28:30  223517.5      3.10    2103.1       0.1                           1848167.1250      0.00  
    1:28:30  223517.5      3.10    2103.1       0.1                           1848167.1250      0.00  
    1:30:34  227238.8      3.00    2092.7       0.1                           1902358.0000      0.00  
    1:30:34  227238.8      3.00    2092.7       0.1                           1902358.0000      0.00  
    1:32:49  226255.7      3.09    2099.6       0.1                           1885600.0000      0.00  


  Beginning Design Rule Fixing  (max_transition)  (max_capacitance)
  ----------------------------

                                  TOTAL                                                            
   ELAPSED            WORST NEG   SETUP    DESIGN                              LEAKAGE   MIN DELAY 
    TIME      AREA      SLACK     COST    RULE COST         ENDPOINT            POWER      COST    
  --------- --------- --------- --------- --------- ------------------------- --------- -----------
    1:32:49  226255.7      3.09    2099.6       0.1                           1885600.0000      0.00  
  Global Optimization (Phase 32)
  Global Optimization (Phase 33)
  Global Optimization (Phase 34)
    1:32:55  226280.5      3.05    2098.1       0.0                           1885822.5000      0.00  
    1:35:22  225810.4      3.08    2100.7       0.0                           1876210.7500      0.00  


  Beginning Leakage Power Optimization  (max_leakage_power 0)
  ------------------------------------

                                  TOTAL                                                            
   ELAPSED            WORST NEG   SETUP    DESIGN                              LEAKAGE   MIN DELAY 
    TIME      AREA      SLACK     COST    RULE COST         ENDPOINT            POWER      COST    
  --------- --------- --------- --------- --------- ------------------------- --------- -----------
    1:35:22  225810.4      3.08    2100.7       0.0                           1876210.7500      0.00  
  Global Optimization (Phase 35)
  Global Optimization (Phase 36)
  Global Optimization (Phase 37)
  Global Optimization (Phase 38)
  Global Optimization (Phase 39)
  Global Optimization (Phase 40)
  Global Optimization (Phase 41)
  Global Optimization (Phase 42)
  Global Optimization (Phase 43)
  Global Optimization (Phase 44)
  Global Optimization (Phase 45)
  Global Optimization (Phase 46)
  Global Optimization (Phase 47)
  Global Optimization (Phase 48)
  Global Optimization (Phase 49)
  Global Optimization (Phase 50)
  Global Optimization (Phase 51)
  Global Optimization (Phase 52)
  Global Optimization (Phase 53)
  Global Optimization (Phase 54)
  Global Optimization (Phase 55)
  Global Optimization (Phase 56)
  Global Optimization (Phase 57)
  Global Optimization (Phase 58)
  Global Optimization (Phase 59)
  Global Optimization (Phase 60)
    1:36:55  217526.4      3.05    2165.8       0.0                           1723223.2500      0.00  
Information: Complementing port 'WEN' in design 'sram_w8_sram_bit160'.
         The new name of the port is 'WEN_BAR'. (OPT-319)
    1:37:02  217574.3      3.03    2164.8       0.0 sfp_instance/sfp_out_sign0_reg[0]/D 1723970.2500      0.00  
    1:37:04  217599.8      3.02    2164.7       0.0 sfp_instance/sfp_out_sign3_reg[0]/D 1724427.2500      0.00  
    1:37:05  217600.2      3.02    2164.6       0.0                           1724470.7500      0.00  
    1:40:13  218445.5      3.05    2167.4       0.0                           1731708.2500      0.00  
    1:40:13  218445.5      3.05    2167.4       0.0                           1731708.2500      0.00  
    1:40:19  218378.5      3.04    2117.7       0.0                           1729435.2500      0.00  
    1:40:19  218378.5      3.04    2117.7       0.0                           1729435.2500      0.00  
    1:42:55  219232.8      3.05    2118.3       0.0                           1738979.6250      0.00  
    1:42:55  219232.8      3.05    2118.3       0.0                           1738979.6250      0.00  
    1:43:07  220362.5      3.02    2116.1       0.0                           1757147.2500      0.00  
    1:43:07  220362.5      3.02    2116.1       0.0                           1757147.2500      0.00  
    1:45:32  220659.8      3.05    2117.4       0.0                           1757471.0000      0.00  
    1:45:32  220659.8      3.05    2117.4       0.0                           1757471.0000      0.00  
    1:46:58  223288.6      2.99    2110.1       0.0                           1798847.6250      0.00  
    1:46:58  223288.6      2.99    2110.1       0.0                           1798847.6250      0.00  
    1:50:44  222939.0      2.99    2113.3       0.0                           1789338.3750      0.00  
    1:50:44  222939.0      2.99    2113.3       0.0                           1789338.3750      0.00  
    1:51:48  224532.7      2.96    2108.8       0.0                           1814585.3750      0.00  
    1:51:48  224532.7      2.96    2108.8       0.0                           1814585.3750      0.00  
    1:56:33  224363.2      2.95    2108.9       0.0                           1807645.5000      0.00  
    1:56:33  224363.2      2.95    2108.9       0.0                           1807645.5000      0.00  
    1:57:21  225358.6      2.92    2106.7       0.0                           1824527.8750      0.00  
    1:57:22  225358.6      2.92    2106.7       0.0                           1824527.8750      0.00  
    2:00:14  225201.6      2.96    2111.6       0.0                           1818737.7500      0.00  

                                  TOTAL                                                            
   ELAPSED            WORST NEG   SETUP    DESIGN                              LEAKAGE   MIN DELAY 
    TIME      AREA      SLACK     COST    RULE COST         ENDPOINT            POWER      COST    
  --------- --------- --------- --------- --------- ------------------------- --------- -----------
    2:00:16  224857.1      2.96    2111.6       0.0                           1818645.8750      0.00  
    2:00:35  218302.6      2.98    2186.1       0.0                           1650351.3750      0.00  
    2:00:45  218385.4      2.94    2183.4       0.0 sfp_instance/sfp_out_sign7_reg[0]/D 1650862.6250      0.00  
    2:00:52  218479.3      2.92    2182.1       0.0 sfp_instance/sfp_out_sign3_reg[0]/D 1652209.3750      0.00  
    2:00:58  218562.5      2.91    2181.3       0.0 sfp_instance/sfp_out_sign0_reg[0]/D 1653332.6250      0.00  
    2:01:05  218576.2      2.91    2180.8       0.0 sfp_instance/sfp_out_sign7_reg[0]/D 1653564.7500      0.00  
    2:01:11  218630.2      2.90    2180.5       0.0 sfp_instance/sfp_out_sign5_reg[0]/D 1654400.7500      0.00  
    2:01:15  218613.6      2.90    2180.4       0.0                           1654388.1250      0.00  
    2:01:17  218518.9      2.90    2180.4       0.0                           1653594.0000      0.00  
    2:01:18  218377.4      2.90    2180.3       0.0                           1652233.2500      0.00  
    2:01:20  218295.7      2.90    2180.3       0.0                           1651497.8750      0.00  
    2:01:21  218226.6      2.90    2180.3       0.0                           1650957.0000      0.00  
    2:01:24  218198.5      2.90    2180.3       0.0                           1650804.2500      0.00  
    2:01:26  218117.5      2.90    2180.0       0.0                           1649894.7500      0.00  
    2:01:27  218117.5      2.90    2180.0       0.0                           1649894.7500      0.00  
    2:01:33  217593.4      2.90    2128.8       0.0                           1645368.1250      0.00  
    2:01:35  217510.2      2.90    2128.8       0.0                           1644359.6250      0.00  
    2:01:40  217374.8      2.90    2128.2       0.0                           1642788.8750      0.00  
    2:01:43  217278.0      2.90    2124.6       0.0                           1639715.7500      0.00  
    2:01:44  217264.3      2.90    2124.6       0.0                           1639204.6250      0.00  
    2:02:38  219092.8      2.90    2122.4       0.0                           1667585.7500      0.00  
    2:02:42  219036.2      2.87    2121.7       0.0                           1667159.7500      0.00  
    2:02:48  219088.1      2.87    2120.7       0.0                           1667958.0000      0.00  
    2:02:49  219191.0      2.87    2120.6       0.0                           1669437.0000      0.00  
    2:03:36  216519.1      2.87    2119.3       0.1                           1627709.3750      0.00  
Loading db file '/home/linux/ieng6/ee260bwi25/public/PDKdata/db/tcbn65gpluswc.db'


Note: Symbol # after min delay cost means estimated hold TNS across all active scenarios 


  Optimization Complete
  ---------------------
Warning: Design 'core' contains 1 high-fanout nets. A fanout number of 1000 will be used for delay calculations involving these nets. (TIM-134)
     Net 'mac_array_instance/col_idx[2].mac_col_inst/mac_16in_instance/clk': 9040 load(s), 1 driver(s)
Information: State dependent leakage is now switched from off to on.
Information: Propagating switching activity (low effort zero delay simulation). (PWR-6)
Current design is 'core'.
Writing verilog file '/home/linux/ieng6/ee260bwi25/shvaidya/k-furthest-neighbors-260b/STEP1/syn/output/core.out.v'.
run.scr completed successfully
dc_shell> get_cells -hier -filter "ref_name==DFQD1"
{qmem_instance/memory11_reg_63_ qmem_instance/memory11_reg_62_ qmem_instance/memory11_reg_61_ qmem_instance/memory11_reg_60_ qmem_instance/memory11_reg_59_ qmem_instance/memory11_reg_58_ qmem_instance/memory11_reg_57_ qmem_instance/memory11_reg_56_ qmem_instance/memory11_reg_55_ qmem_instance/memory11_reg_54_ qmem_instance/memory11_reg_53_ qmem_instance/memory11_reg_52_ qmem_instance/memory11_reg_51_ qmem_instance/memory11_reg_50_ qmem_instance/memory11_reg_49_ qmem_instance/memory11_reg_48_ qmem_instance/memory11_reg_47_ qmem_instance/memory11_reg_46_ qmem_instance/memory11_reg_45_ qmem_instance/memory11_reg_44_ qmem_instance/memory11_reg_43_ qmem_instance/memory11_reg_42_ qmem_instance/memory11_reg_41_ qmem_instance/memory11_reg_40_ qmem_instance/memory11_reg_39_ qmem_instance/memory11_reg_38_ qmem_instance/memory11_reg_37_ qmem_instance/memory11_reg_36_ qmem_instance/memory11_reg_35_ qmem_instance/memory11_reg_34_ qmem_instance/memory11_reg_33_ qmem_instance/memory11_reg_32_ qmem_instance/memory11_reg_31_ qmem_instance/memory11_reg_30_ qmem_instance/memory11_reg_29_ qmem_instance/memory11_reg_28_ qmem_instance/memory11_reg_27_ qmem_instance/memory11_reg_26_ qmem_instance/memory11_reg_25_ qmem_instance/memory11_reg_24_ qmem_instance/memory11_reg_23_ qmem_instance/memory11_reg_22_ qmem_instance/memory11_reg_21_ qmem_instance/memory11_reg_20_ qmem_instance/memory11_reg_19_ qmem_instance/memory11_reg_18_ qmem_instance/memory11_reg_17_ qmem_instance/memory11_reg_16_ qmem_instance/memory11_reg_15_ qmem_instance/memory11_reg_14_ qmem_instance/memory11_reg_13_ qmem_instance/memory11_reg_12_ qmem_instance/memory11_reg_11_ qmem_instance/memory11_reg_10_ qmem_instance/memory11_reg_9_ qmem_instance/memory11_reg_8_ qmem_instance/memory11_reg_7_ qmem_instance/memory11_reg_6_ qmem_instance/memory11_reg_5_ qmem_instance/memory11_reg_4_ qmem_instance/memory11_reg_3_ qmem_instance/memory11_reg_2_ qmem_instance/memory11_reg_1_ qmem_instance/memory11_reg_0_ qmem_instance/memory14_reg_63_ qmem_instance/memory14_reg_62_ qmem_instance/memory14_reg_61_ qmem_instance/memory14_reg_60_ qmem_instance/memory14_reg_59_ qmem_instance/memory14_reg_58_ qmem_instance/memory14_reg_57_ qmem_instance/memory14_reg_56_ qmem_instance/memory14_reg_55_ qmem_instance/memory14_reg_54_ qmem_instance/memory14_reg_53_ qmem_instance/memory14_reg_52_ qmem_instance/memory14_reg_51_ qmem_instance/memory14_reg_50_ qmem_instance/memory14_reg_49_ qmem_instance/memory14_reg_48_ qmem_instance/memory14_reg_47_ qmem_instance/memory14_reg_46_ qmem_instance/memory14_reg_45_ qmem_instance/memory14_reg_44_ qmem_instance/memory14_reg_43_ qmem_instance/memory14_reg_42_ qmem_instance/memory14_reg_41_ qmem_instance/memory14_reg_40_ qmem_instance/memory14_reg_39_ qmem_instance/memory14_reg_38_ qmem_instance/memory14_reg_37_ qmem_instance/memory14_reg_36_ qmem_instance/memory14_reg_35_ qmem_instance/memory14_reg_34_ qmem_instance/memory14_reg_33_ qmem_instance/memory14_reg_32_ qmem_instance/memory14_reg_31_ qmem_instance/memory14_reg_30_ qmem_instance/memory14_reg_29_ qmem_instance/memory14_reg_28_ ...}
dc_shell> get_cells -hier -filter "ref_name==DFD1"
dc_shell> 